Wind,AU(T+D).SGE,AU(T+D).SGE,AU(T+D).SGE,AU(T+D).SGE,AU(T+D).SGE
,SGE黄金T+D,SGE黄金T+D,SGE黄金T+D,SGE黄金T+D,SGE黄金T+D
日期,开盘价,最高价,最低价,收盘价,成交量
2012-07-23,324.4000 ,325.2000 ,323.7900 ,323.8800 ,"11,376.0000 "
2012-07-24,323.0000 ,324.7000 ,323.0000 ,324.2900 ,"15,668.0000 "
2012-07-25,325.1900 ,326.7900 ,323.6200 ,326.2000 ,"20,594.0000 "
2012-07-26,328.0000 ,330.0000 ,327.2100 ,329.4900 ,"28,826.0000 "
2012-07-27,331.0000 ,331.8500 ,329.8000 ,331.6100 ,"21,000.0000 "
2012-07-30,332.8800 ,332.8800 ,331.5000 ,331.8600 ,"12,372.0000 "
2012-07-31,331.3000 ,332.9900 ,331.3000 ,332.2300 ,"16,438.0000 "
2012-08-01,332.7000 ,332.9900 ,330.3100 ,331.5400 ,"12,814.0000 "
2012-08-02,329.3100 ,330.3000 ,327.9000 ,329.3100 ,"15,856.0000 "
2012-08-03,328.8500 ,328.8500 ,326.5200 ,326.9000 ,"25,552.0000 "
2012-08-06,329.4800 ,330.1900 ,329.1500 ,329.7000 ,"10,788.0000 "
2012-08-07,330.3000 ,331.2500 ,329.8000 ,331.0500 ,"11,468.0000 "
2012-08-08,331.4900 ,331.4900 ,329.2500 ,329.3000 ,"8,872.0000 "
2012-08-09,329.7000 ,331.5000 ,329.5400 ,330.8900 ,"11,732.0000 "
2012-08-10,330.3800 ,331.4000 ,329.7000 ,329.9100 ,"9,350.0000 "
2012-08-13,331.2000 ,332.6000 ,331.2000 ,332.6000 ,"9,818.0000 "
2012-08-14,331.2700 ,332.3900 ,330.0100 ,331.1800 ,"9,650.0000 "
2012-08-15,328.5000 ,329.3000 ,328.0000 ,328.0900 ,"16,586.0000 "
2012-08-16,328.7000 ,329.6000 ,328.5000 ,329.0600 ,"9,948.0000 "
2012-08-17,329.8800 ,331.8800 ,329.0600 ,331.7800 ,"15,666.0000 "
2012-08-20,330.8200 ,331.9900 ,330.8200 ,331.6700 ,"4,894.0000 "
2012-08-21,331.0000 ,332.5500 ,330.5000 ,332.5000 ,"15,422.0000 "
2012-08-22,334.8000 ,335.8000 ,334.6500 ,335.7900 ,"24,348.0000 "
2012-08-23,335.5000 ,340.7000 ,335.0000 ,340.6000 ,"28,840.0000 "
2012-08-24,340.0100 ,342.5000 ,339.9000 ,340.2200 ,"21,246.0000 "
2012-08-27,342.1000 ,343.9700 ,342.1000 ,342.1400 ,"11,102.0000 "
2012-08-28,341.2000 ,342.5000 ,339.0100 ,340.0900 ,"9,882.0000 "
2012-08-29,340.1500 ,342.0000 ,340.1500 ,340.7500 ,"8,436.0000 "
2012-08-30,341.3000 ,341.3000 ,338.6200 ,339.2200 ,"10,240.0000 "
2012-08-31,340.6000 ,340.6000 ,338.1700 ,339.3000 ,"11,000.0000 "
2012-09-03,345.1900 ,345.7900 ,344.8000 ,345.0100 ,"17,772.0000 "
2012-09-04,345.7500 ,346.3000 ,345.0100 ,346.0500 ,"15,976.0000 "
2012-09-05,345.3000 ,346.8000 ,345.0100 ,345.9500 ,"14,596.0000 "
2012-09-06,346.3500 ,348.5000 ,345.4000 ,348.3100 ,"22,808.0000 "
2012-09-07,348.0000 ,348.7900 ,344.8100 ,345.8500 ,"19,110.0000 "
2012-09-10,354.8000 ,354.8800 ,353.0200 ,353.6300 ,"16,530.0000 "
2012-09-11,353.0000 ,353.9000 ,352.7500 ,353.0900 ,"11,444.0000 "
2012-09-12,354.0300 ,354.6000 ,353.4000 ,353.8600 ,"15,400.0000 "
2012-09-13,354.2100 ,354.6400 ,351.8000 ,352.5000 ,"15,090.0000 "
2012-09-14,352.8800 ,361.4500 ,350.6000 ,360.2900 ,"35,324.0000 "
2012-09-17,361.2900 ,361.5000 ,359.7100 ,359.9300 ,"10,640.0000 "
2012-09-18,359.5000 ,360.5000 ,357.0400 ,357.2800 ,"17,422.0000 "
2012-09-19,358.4000 ,361.1100 ,358.0100 ,360.6900 ,"18,390.0000 "
2012-09-20,360.2000 ,360.6500 ,357.0500 ,357.3100 ,"16,430.0000 "
2012-09-21,358.3000 ,360.0500 ,356.8000 ,359.6300 ,"16,216.0000 "
2012-09-24,357.2700 ,357.9900 ,356.3000 ,357.4000 ,"12,392.0000 "
2012-09-25,357.1000 ,358.5000 ,357.1000 ,358.4600 ,"12,720.0000 "
2012-09-26,359.4700 ,359.8000 ,357.3000 ,357.8800 ,"14,704.0000 "
2012-09-27,355.1900 ,356.7800 ,354.1000 ,356.2200 ,"22,954.0000 "
2012-09-28,357.2300 ,360.4000 ,357.2300 ,359.8700 ,"17,100.0000 "
2012-10-08,359.1400 ,359.6000 ,357.5100 ,358.0200 ,"10,570.0000 "
2012-10-09,358.1000 ,359.9700 ,357.9000 ,359.0400 ,"12,742.0000 "
2012-10-10,359.0000 ,359.3000 ,356.5800 ,357.7000 ,"14,298.0000 "
2012-10-11,355.9200 ,357.9800 ,355.9200 ,357.3600 ,"13,350.0000 "
2012-10-12,357.0000 ,358.1300 ,357.0000 ,357.1600 ,"12,756.0000 "
2012-10-15,352.6800 ,352.8000 ,351.9800 ,352.3300 ,"14,090.0000 "
2012-10-16,352.3300 ,352.5200 ,349.5100 ,351.5100 ,"15,996.0000 "
2012-10-17,352.3600 ,354.0000 ,351.2100 ,352.9900 ,"23,892.0000 "
2012-10-18,352.3100 ,352.9000 ,351.1100 ,351.8000 ,"8,092.0000 "
2012-10-19,351.1800 ,351.4000 ,349.3000 ,349.3800 ,"12,196.0000 "
2012-10-22,346.2000 ,347.7900 ,346.2000 ,347.4000 ,"15,928.0000 "
2012-10-23,347.9300 ,348.5000 ,346.1300 ,346.3000 ,"24,916.0000 "
2012-10-24,344.5000 ,345.3500 ,343.2000 ,344.5400 ,"25,114.0000 "
2012-10-25,344.3500 ,345.0500 ,342.4100 ,344.7200 ,"22,648.0000 "
2012-10-26,344.3000 ,345.9000 ,341.8800 ,342.3300 ,"26,696.0000 "
2012-10-29,344.5800 ,345.2200 ,344.2100 ,344.2100 ,"11,834.0000 "
2012-10-30,344.0000 ,344.7500 ,343.3500 ,344.2900 ,"13,252.0000 "
2012-10-31,344.2000 ,344.6000 ,343.7100 ,343.9900 ,"10,694.0000 "
2012-11-01,345.0000 ,346.8000 ,344.8100 ,345.5400 ,"19,532.0000 "
2012-11-02,345.6000 ,346.3500 ,342.8000 ,343.4700 ,"13,948.0000 "
2012-11-05,338.0000 ,338.3000 ,337.5100 ,337.9900 ,"17,146.0000 "
2012-11-06,338.2000 ,339.5200 ,338.0000 ,339.4500 ,"11,966.0000 "
2012-11-07,340.0000 ,347.2500 ,339.8000 ,346.9900 ,"27,636.0000 "
2012-11-08,346.2000 ,347.5900 ,343.0000 ,345.4700 ,"17,032.0000 "
2012-11-09,345.2700 ,348.8800 ,344.4000 ,348.3900 ,"21,516.0000 "
2012-11-12,349.6000 ,349.6000 ,347.7500 ,348.2100 ,"10,400.0000 "
2012-11-13,348.2000 ,348.6000 ,345.6000 ,345.9400 ,"20,850.0000 "
2012-11-14,346.3000 ,346.8900 ,344.5000 ,346.2600 ,"14,684.0000 "
2012-11-15,345.5000 ,347.2300 ,345.3000 ,345.5100 ,"12,546.0000 "
2012-11-16,344.6800 ,346.2000 ,343.0000 ,344.0600 ,"16,870.0000 "
2012-11-19,345.0000 ,346.2900 ,345.0000 ,346.1500 ,"11,060.0000 "
2012-11-20,346.7800 ,348.0000 ,346.2000 ,347.6300 ,"21,266.0000 "
2012-11-21,347.1700 ,347.8000 ,345.4100 ,345.4300 ,"15,652.0000 "
2012-11-22,346.2000 ,347.1900 ,345.3000 ,346.6700 ,"14,270.0000 "
2012-11-23,347.3000 ,347.3500 ,346.4000 ,346.7500 ,"12,170.0000 "
2012-11-26,349.9000 ,350.5000 ,349.6900 ,350.0900 ,"17,780.0000 "
2012-11-27,350.1000 ,350.5000 ,349.5100 ,349.8500 ,"13,718.0000 "
2012-11-28,349.9500 ,350.0000 ,347.5000 ,347.6600 ,"17,626.0000 "
2012-11-29,347.3900 ,347.6000 ,342.6000 ,344.1700 ,"22,142.0000 "
2012-11-30,344.9900 ,345.9000 ,344.1400 ,345.7000 ,"17,660.0000 "
2012-12-03,344.0000 ,344.5000 ,343.2000 ,344.1000 ,"11,610.0000 "
2012-12-04,345.0000 ,345.0000 ,340.3900 ,340.9900 ,"18,448.0000 "
2012-12-05,340.3100 ,341.5100 ,339.0600 ,341.2800 ,"17,922.0000 "
2012-12-06,341.1700 ,341.1700 ,337.9100 ,338.8100 ,"20,262.0000 "
2012-12-07,339.4900 ,341.5500 ,338.1000 ,341.1700 ,"21,328.0000 "
2012-12-10,341.9900 ,342.6000 ,341.8000 ,342.4800 ,"14,662.0000 "
2012-12-11,343.4000 ,343.8200 ,342.5000 ,343.6900 ,"16,086.0000 "
2012-12-12,343.5100 ,344.4500 ,342.9000 ,344.1900 ,"19,956.0000 "
2012-12-13,344.5000 ,346.3000 ,340.9800 ,341.3500 ,"24,798.0000 "
2012-12-14,340.1000 ,341.9900 ,339.5000 ,341.4900 ,"18,936.0000 "
2012-12-17,340.0100 ,340.5000 ,339.1000 ,339.3500 ,"14,058.0000 "
2012-12-18,340.2800 ,341.9000 ,339.7500 ,341.8100 ,"18,828.0000 "
2012-12-19,341.0000 ,341.4000 ,336.0000 ,336.5500 ,"22,842.0000 "
2012-12-20,336.2700 ,336.7000 ,334.5000 ,335.5000 ,"21,024.0000 "
2012-12-21,334.9900 ,335.4500 ,328.1000 ,330.4500 ,"33,778.0000 "
2012-12-24,333.5000 ,334.3400 ,330.0200 ,333.9400 ,"15,264.0000 "
2012-12-25,333.1100 ,334.2000 ,333.0000 ,333.2600 ,"13,382.0000 "
2012-12-26,333.0500 ,333.4000 ,332.3300 ,333.2200 ,"13,060.0000 "
2012-12-27,333.9900 ,334.7900 ,332.5000 ,333.0400 ,"14,182.0000 "
2012-12-28,332.2000 ,334.7000 ,332.1100 ,332.8300 ,"21,724.0000 "
2012-12-31,332.6100 ,335.1000 ,332.6000 ,334.3800 ,"10,850.0000 "
2013-01-04,332.8000 ,332.8000 ,330.5000 ,331.0000 ,"23,124.0000 "
2013-01-07,332.7000 ,333.8500 ,332.7000 ,333.0900 ,"20,832.0000 "
2013-01-08,332.4000 ,332.9900 ,330.3200 ,331.3100 ,"14,376.0000 "
2013-01-09,332.0000 ,334.4000 ,331.3500 ,333.7600 ,"15,328.0000 "
2013-01-10,332.8900 ,333.7000 ,331.7800 ,333.4000 ,"15,398.0000 "
2013-01-11,333.5000 ,336.2900 ,332.7000 ,335.6400 ,"18,710.0000 "
2013-01-14,333.9800 ,335.6700 ,333.5000 ,335.6300 ,"14,390.0000 "
2013-01-15,335.8900 ,337.1800 ,334.5000 ,337.0000 ,"26,432.0000 "
2013-01-16,337.1500 ,338.0900 ,336.5200 ,337.6900 ,"18,646.0000 "
2013-01-17,336.1100 ,337.7000 ,336.1000 ,337.1100 ,"10,766.0000 "
2013-01-18,337.5000 ,339.4000 ,334.7000 ,339.1000 ,"21,272.0000 "
2013-01-21,338.5300 ,339.2000 ,338.5300 ,339.0900 ,"12,780.0000 "
2013-01-22,338.3100 ,340.2200 ,338.3100 ,339.7600 ,"15,988.0000 "
2013-01-23,339.2000 ,340.1300 ,338.6100 ,339.5200 ,"13,180.0000 "
2013-01-24,339.4500 ,341.0000 ,336.8000 ,337.0000 ,"18,432.0000 "
2013-01-25,336.9100 ,337.2000 ,334.8000 ,335.9400 ,"20,628.0000 "
2013-01-28,332.6200 ,334.5000 ,332.6200 ,334.3600 ,"14,684.0000 "
2013-01-29,334.0000 ,335.2700 ,333.1000 ,335.1300 ,"17,118.0000 "
2013-01-30,335.1000 ,336.0000 ,334.3500 ,335.9600 ,"16,766.0000 "
2013-01-31,334.9000 ,338.3700 ,334.9000 ,336.7800 ,"22,906.0000 "
2013-02-01,336.7000 ,337.2000 ,333.9000 ,334.6300 ,"19,380.0000 "
2013-02-04,335.2900 ,336.8000 ,334.7100 ,336.4800 ,"9,260.0000 "
2013-02-05,335.3500 ,337.4700 ,335.1100 ,337.0900 ,"18,142.0000 "
2013-02-06,337.3800 ,338.5800 ,335.5000 ,336.8000 ,"12,712.0000 "
2013-02-07,337.1200 ,338.1000 ,336.3000 ,337.1900 ,"7,100.0000 "
2013-02-08,337.9500 ,338.1000 ,335.0000 ,336.4100 ,"10,252.0000 "
2013-02-18,326.7000 ,327.1900 ,325.5100 ,327.1500 ,"39,008.0000 "
2013-02-19,326.2000 ,326.8000 ,325.6000 ,326.5500 ,"16,512.0000 "
2013-02-20,326.8000 ,326.8000 ,324.7200 ,325.7300 ,"19,728.0000 "
2013-02-21,323.5000 ,323.5000 ,316.7100 ,318.8000 ,"34,716.0000 "
2013-02-22,318.5000 ,322.7000 ,318.3700 ,322.6000 ,"31,062.0000 "
2013-02-25,321.6000 ,321.7000 ,320.0000 ,321.1400 ,"30,546.0000 "
2013-02-26,322.9000 ,323.3300 ,321.3700 ,321.5000 ,"23,532.0000 "
2013-02-27,322.7900 ,325.8000 ,320.3400 ,325.0100 ,"27,202.0000 "
2013-02-28,324.3500 ,325.6000 ,322.9600 ,323.7000 ,"14,444.0000 "
2013-03-01,321.5100 ,322.6000 ,319.1000 ,320.3300 ,"25,098.0000 "
2013-03-04,321.0000 ,321.2500 ,319.7200 ,320.0000 ,"9,222.0000 "
2013-03-05,319.6600 ,320.5200 ,319.4300 ,320.3900 ,"17,246.0000 "
2013-03-06,320.3900 ,321.1500 ,318.8800 ,318.9600 ,"16,658.0000 "
2013-03-07,318.3400 ,320.2500 ,317.5000 ,318.9100 ,"18,690.0000 "
2013-03-08,318.8000 ,319.4400 ,317.2000 ,318.3100 ,"18,514.0000 "
2013-03-11,317.9900 ,319.2000 ,317.9900 ,319.1900 ,"20,764.0000 "
2013-03-12,318.8700 ,319.5100 ,318.4000 ,319.4300 ,"15,876.0000 "
2013-03-13,320.8500 ,321.5000 ,320.5500 ,321.1000 ,"15,764.0000 "
2013-03-14,320.5800 ,321.6000 ,319.2600 ,319.5100 ,"21,212.0000 "
2013-03-15,318.8500 ,320.3500 ,318.1500 ,320.1300 ,"24,416.0000 "
2013-03-18,321.3200 ,321.7000 ,319.8400 ,321.1200 ,"25,096.0000 "
2013-03-19,321.7000 ,322.4000 ,312.9000 ,321.7600 ,"21,174.0000 "
2013-03-20,320.8500 ,323.2000 ,320.8500 ,322.8600 ,"24,276.0000 "
2013-03-21,322.5000 ,322.5500 ,321.5000 ,322.1000 ,"17,486.0000 "
2013-03-22,323.2500 ,323.2500 ,322.4700 ,322.6600 ,"22,898.0000 "
2013-03-25,321.9000 ,322.6000 ,321.9000 ,322.0200 ,"14,436.0000 "
2013-03-26,319.9000 ,321.2500 ,319.6800 ,320.9600 ,"18,898.0000 "
2013-03-27,320.3000 ,320.6800 ,318.9100 ,319.2500 ,"19,760.0000 "
2013-03-28,319.3500 ,321.5000 ,319.3500 ,321.1200 ,"20,454.0000 "
2013-03-29,320.5000 ,320.8000 ,319.0000 ,320.0700 ,"14,866.0000 "
2013-04-01,320.7900 ,320.7900 ,319.6000 ,319.8000 ,"10,124.0000 "
2013-04-02,319.5100 ,320.9000 ,319.3000 ,320.0700 ,"11,160.0000 "
2013-04-03,317.4500 ,317.9000 ,312.6000 ,313.9300 ,"30,150.0000 "
2013-04-08,315.9900 ,316.6000 ,315.5000 ,316.5000 ,"19,082.0000 "
2013-04-09,316.0000 ,316.0000 ,314.3000 ,315.3400 ,"18,616.0000 "
2013-04-10,315.7500 ,317.3600 ,315.2500 ,316.8000 ,"19,174.0000 "
2013-04-11,315.8400 ,315.8600 ,311.3500 ,311.6300 ,"35,098.0000 "
2013-04-12,312.1400 ,313.0000 ,311.5000 ,311.5000 ,"24,502.0000 "
2013-04-15,295.5000 ,296.4000 ,290.1200 ,290.1200 ,"33,960.0000 "
2013-04-16,282.4100 ,283.0000 ,262.5000 ,274.8900 ,"104,460.0000 "
2013-04-17,278.6500 ,278.6500 ,272.5000 ,275.9400 ,"52,122.0000 "
2013-04-18,275.2000 ,277.4500 ,265.8800 ,275.1000 ,"54,292.0000 "
2013-04-19,277.1000 ,285.3000 ,274.6000 ,283.2000 ,"72,606.0000 "
2013-04-22,283.1000 ,286.2100 ,283.0000 ,286.0000 ,"50,642.0000 "
2013-04-23,286.2000 ,286.7000 ,281.7000 ,282.0000 ,"43,588.0000 "
2013-04-24,282.2100 ,285.7000 ,280.0000 ,285.4000 ,"32,818.0000 "
2013-04-25,285.8800 ,290.2000 ,284.2000 ,289.3600 ,"36,700.0000 "
2013-04-26,291.0000 ,297.9000 ,289.6800 ,294.8900 ,"57,324.0000 "
2013-05-02,290.6100 ,292.0000 ,290.0000 ,291.7800 ,"23,270.0000 "
2013-05-03,292.9900 ,295.5000 ,292.5600 ,295.0300 ,"34,478.0000 "
2013-05-06,294.5000 ,295.8500 ,294.2100 ,294.3100 ,"14,490.0000 "
2013-05-07,294.0000 ,294.2500 ,290.8900 ,291.2900 ,"31,262.0000 "
2013-05-08,288.5000 ,290.9200 ,287.5000 ,290.6000 ,"32,836.0000 "
2013-05-09,292.5000 ,294.3500 ,291.5200 ,293.3500 ,"24,310.0000 "
2013-05-10,292.0100 ,293.5000 ,290.2000 ,291.8400 ,"21,610.0000 "
2013-05-13,287.1000 ,287.9800 ,285.3000 ,286.3300 ,"23,098.0000 "
2013-05-14,286.5100 ,290.5000 ,285.6100 ,287.3000 ,"18,600.0000 "
2013-05-15,284.8000 ,287.2000 ,282.8000 ,283.1500 ,"41,744.0000 "
2013-05-16,282.5900 ,283.7900 ,278.6000 ,278.7200 ,"47,180.0000 "
2013-05-17,277.0000 ,279.6900 ,276.5000 ,276.8000 ,"39,240.0000 "
2013-05-20,269.0000 ,271.2900 ,269.0000 ,270.7800 ,"36,176.0000 "
2013-05-21,273.2000 ,280.5300 ,271.0000 ,279.6100 ,"45,388.0000 "
2013-05-22,275.8500 ,279.2000 ,273.8000 ,279.0000 ,"31,172.0000 "
2013-05-23,280.0000 ,284.0000 ,273.0500 ,276.9100 ,"50,568.0000 "
2013-05-24,278.0000 ,279.8500 ,276.6100 ,278.5000 ,"35,356.0000 "
2013-05-27,277.8000 ,279.6000 ,277.6000 ,279.4300 ,"12,336.0000 "
2013-05-28,279.1900 ,279.7900 ,277.9000 ,278.4700 ,"15,670.0000 "
2013-05-29,276.9000 ,280.3400 ,275.9000 ,277.8000 ,"38,204.0000 "
2013-05-30,277.6600 ,281.3000 ,277.4000 ,280.7800 ,"36,224.0000 "
2013-05-31,281.0000 ,283.7000 ,280.5000 ,281.6300 ,"38,984.0000 "
2013-06-03,280.3000 ,281.0000 ,277.0100 ,277.5000 ,"29,840.0000 "
2013-06-04,278.4500 ,281.5000 ,277.5000 ,279.6100 ,"28,690.0000 "
2013-06-05,277.9000 ,279.9000 ,277.3000 ,278.5000 ,"23,574.0000 "
2013-06-06,278.8700 ,280.0000 ,277.1000 ,277.4400 ,"25,378.0000 "
2013-06-07,278.0000 ,282.0000 ,277.8000 ,280.7100 ,"35,390.0000 "
2013-06-13,275.2000 ,277.9500 ,275.2000 ,277.3100 ,"27,794.0000 "
2013-06-14,276.5800 ,277.2900 ,275.3000 ,276.9300 ,"25,480.0000 "
2013-06-17,277.3900 ,277.8000 ,276.6500 ,277.1200 ,"18,716.0000 "
2013-06-18,276.6000 ,277.1000 ,275.2000 ,275.6500 ,"17,842.0000 "
2013-06-19,275.4200 ,275.4900 ,273.2000 ,274.1000 ,"28,610.0000 "
2013-06-20,274.5000 ,275.2000 ,265.0100 ,266.4000 ,"42,812.0000 "
2013-06-21,259.0000 ,262.5400 ,254.5000 ,261.7700 ,"77,208.0000 "
2013-06-24,260.1800 ,262.1700 ,258.0000 ,259.4700 ,"36,916.0000 "
2013-06-25,259.8000 ,260.5500 ,258.5000 ,258.9600 ,"28,650.0000 "
2013-06-26,259.1500 ,259.4000 ,250.8500 ,251.5000 ,"49,006.0000 "
2013-06-27,250.8400 ,251.9700 ,247.7000 ,249.7900 ,"39,030.0000 "
2013-06-28,248.2300 ,248.8000 ,239.0000 ,242.7600 ,"53,654.0000 "
2013-07-01,241.7500 ,253.0000 ,241.0100 ,252.9800 ,"68,020.0000 "
2013-07-02,251.0200 ,256.2700 ,251.0200 ,255.7500 ,"38,382.0000 "
2013-07-03,253.9900 ,254.8800 ,250.6300 ,250.8000 ,"32,944.0000 "
2013-07-04,253.0600 ,254.5400 ,252.5000 ,254.1400 ,"21,980.0000 "
2013-07-05,252.8500 ,253.7800 ,250.5600 ,251.1300 ,"25,684.0000 "
2013-07-08,247.3000 ,248.4900 ,244.0000 ,247.7000 ,"49,868.0000 "
2013-07-09,249.0000 ,254.7500 ,248.2100 ,253.2200 ,"31,874.0000 "
2013-07-10,252.2100 ,253.7000 ,250.7500 ,252.6200 ,"32,060.0000 "
2013-07-11,252.7200 ,261.2500 ,251.5100 ,259.0200 ,"51,746.0000 "
2013-07-12,259.4000 ,259.4500 ,256.8100 ,257.3500 ,"24,434.0000 "
2013-07-15,256.9800 ,260.7000 ,256.5100 ,259.3500 ,"23,922.0000 "
2013-07-16,258.8000 ,259.5000 ,257.6500 ,258.9300 ,"16,910.0000 "
2013-07-17,260.2400 ,260.6600 ,258.9100 ,259.1800 ,"22,224.0000 "
2013-07-18,260.5000 ,261.2000 ,255.5000 ,256.3900 ,"45,946.0000 "
2013-07-19,257.9000 ,259.4000 ,256.8000 ,259.1300 ,"22,076.0000 "
2013-07-22,258.9100 ,265.1000 ,258.8500 ,264.2500 ,"38,642.0000 "
2013-07-23,265.3400 ,267.9000 ,264.8000 ,267.2000 ,"33,700.0000 "
2013-07-24,266.1800 ,269.5000 ,265.8600 ,268.6500 ,"22,960.0000 "
2013-07-25,267.0300 ,267.8000 ,263.3000 ,264.5000 ,"35,146.0000 "
2013-07-26,265.1500 ,267.6500 ,264.5300 ,266.5300 ,"21,200.0000 "
2013-07-29,264.8000 ,265.9000 ,262.6000 ,264.4300 ,"34,922.0000 "
2013-07-30,265.0000 ,265.5500 ,263.9000 ,264.0400 ,"20,474.0000 "
2013-07-31,264.3100 ,266.8900 ,263.6000 ,265.7600 ,"22,004.0000 "
2013-08-01,264.3300 ,265.8000 ,261.5000 ,264.2500 ,"32,034.0000 "
2013-08-02,264.6000 ,264.7000 ,257.3500 ,257.9700 ,"41,364.0000 "
2013-08-05,263.3900 ,264.1000 ,261.8000 ,263.2000 ,"24,702.0000 "
2013-08-06,262.0000 ,262.6000 ,258.4000 ,259.3000 ,"26,160.0000 "
2013-08-07,258.6500 ,258.8500 ,255.7000 ,256.9300 ,"40,454.0000 "
2013-08-08,257.0000 ,259.4600 ,256.8000 ,258.7000 ,"31,182.0000 "
2013-08-09,258.6600 ,263.0000 ,258.6000 ,261.9500 ,"34,912.0000 "
2013-08-12,260.7100 ,266.5000 ,260.7100 ,266.3300 ,"28,412.0000 "
2013-08-13,266.1800 ,268.4000 ,266.1000 ,267.8000 ,"24,256.0000 "
2013-08-14,267.4700 ,267.4700 ,263.8500 ,264.5500 ,"29,204.0000 "
2013-08-15,265.1900 ,268.9500 ,264.0000 ,267.2800 ,"24,192.0000 "
2013-08-16,265.1000 ,274.0000 ,264.4000 ,271.7100 ,"45,126.0000 "
2013-08-19,272.0800 ,275.6000 ,271.2000 ,273.4000 ,"32,010.0000 "
2013-08-20,273.2300 ,273.7700 ,269.8100 ,270.4800 ,"27,676.0000 "
2013-08-21,272.7500 ,273.9000 ,271.8800 ,272.0000 ,"18,884.0000 "
2013-08-22,271.9900 ,273.4900 ,270.9900 ,271.7200 ,"28,094.0000 "
2013-08-23,273.2500 ,274.3300 ,272.3100 ,273.1500 ,"17,700.0000 "
2013-08-26,272.5000 ,278.0000 ,272.5000 ,277.5000 ,"35,096.0000 "
2013-08-27,277.8900 ,278.2000 ,276.3000 ,277.9100 ,"27,716.0000 "
2013-08-28,281.1100 ,283.5000 ,280.0000 ,282.3000 ,"36,900.0000 "
2013-08-29,282.8900 ,283.3000 ,279.0000 ,279.6700 ,"22,270.0000 "
2013-08-30,280.0000 ,280.3500 ,277.2200 ,277.4500 ,"23,026.0000 "
2013-09-02,277.4500 ,278.8000 ,275.0000 ,276.9100 ,"31,628.0000 "
2013-09-03,276.5000 ,277.2400 ,276.0400 ,276.3500 ,"14,944.0000 "
2013-09-04,277.5000 ,280.7500 ,277.5000 ,279.1800 ,"25,096.0000 "
2013-09-05,276.9900 ,276.9900 ,274.5000 ,275.4300 ,"26,042.0000 "
2013-09-06,276.0000 ,276.1100 ,271.5800 ,272.7800 ,"38,250.0000 "
2013-09-09,275.9900 ,276.5000 ,274.0100 ,275.8500 ,"17,478.0000 "
2013-09-10,276.0500 ,276.5200 ,273.6000 ,273.9800 ,"17,852.0000 "
2013-09-11,271.7400 ,278.2000 ,270.2100 ,272.3000 ,"21,306.0000 "
2013-09-12,271.1300 ,272.0000 ,267.8200 ,268.2100 ,"32,822.0000 "
2013-09-13,265.1000 ,265.5000 ,261.0000 ,262.7000 ,"36,252.0000 "
2013-09-16,262.1500 ,265.1000 ,260.8200 ,263.3500 ,"32,936.0000 "
2013-09-17,261.4000 ,263.6000 ,260.8800 ,261.8100 ,"40,256.0000 "
2013-09-18,261.1100 ,261.7000 ,256.7000 ,258.8200 ,"46,114.0000 "
2013-09-23,262.5000 ,263.5300 ,260.0000 ,263.2400 ,"29,098.0000 "
2013-09-24,262.0500 ,263.4800 ,261.3000 ,262.2800 ,"17,350.0000 "
2013-09-25,260.3000 ,263.3500 ,259.0300 ,262.3600 ,"31,394.0000 "
2013-09-26,262.0500 ,265.0000 ,261.9100 ,264.3300 ,"27,484.0000 "
2013-09-27,264.2900 ,264.5000 ,261.6600 ,262.8900 ,"24,612.0000 "
2013-09-30,264.1000 ,266.6000 ,264.0000 ,265.5500 ,"29,890.0000 "
2013-10-08,262.5000 ,263.2000 ,262.0000 ,263.0600 ,"28,126.0000 "
2013-10-09,262.2000 ,263.9900 ,261.6500 ,261.7700 ,"19,322.0000 "
2013-10-10,260.1200 ,261.8000 ,258.5200 ,259.6300 ,"36,286.0000 "
2013-10-11,258.8000 ,259.3000 ,256.5200 ,257.2300 ,"25,878.0000 "
2013-10-14,253.3000 ,254.6000 ,252.2000 ,254.5400 ,"44,468.0000 "
2013-10-15,255.7100 ,255.9700 ,252.4900 ,253.1000 ,"25,722.0000 "
2013-10-16,251.9500 ,255.4900 ,251.4100 ,254.9800 ,"36,324.0000 "
2013-10-17,254.1000 ,255.5000 ,252.5000 ,253.8000 ,"37,730.0000 "
2013-10-18,259.8000 ,260.8000 ,259.0000 ,259.8000 ,"45,738.0000 "
2013-10-21,260.4700 ,260.9900 ,258.9000 ,260.4700 ,"29,330.0000 "
2013-10-22,260.2000 ,260.5000 ,259.0000 ,259.4100 ,"24,668.0000 "
2013-10-23,261.1500 ,264.8000 ,261.0600 ,262.3900 ,"43,516.0000 "
2013-10-24,262.7000 ,262.9900 ,261.8500 ,262.4100 ,"22,914.0000 "
2013-10-25,263.0000 ,263.8600 ,262.4000 ,262.8200 ,"26,828.0000 "
2013-10-28,262.4400 ,264.9000 ,262.3600 ,264.1000 ,"27,068.0000 "
2013-10-29,264.1000 ,265.9000 ,264.0500 ,264.2700 ,"29,592.0000 "
2013-10-30,263.6500 ,264.6500 ,262.2000 ,263.8700 ,"23,030.0000 "
2013-10-31,264.9200 ,265.7800 ,261.5000 ,262.0100 ,"18,608.0000 "
2013-11-01,260.6000 ,261.4000 ,259.6000 ,260.6000 ,"27,772.0000 "
2013-11-04,258.7400 ,259.9000 ,258.1000 ,258.4100 ,"31,412.0000 "
2013-11-05,259.9600 ,260.1800 ,258.5000 ,258.6000 ,"20,414.0000 "
2013-11-06,259.3500 ,259.5000 ,257.5000 ,258.1600 ,"18,888.0000 "
2013-11-07,259.1800 ,259.5000 ,258.5000 ,258.8800 ,"14,314.0000 "
2013-11-08,259.8000 ,259.9900 ,255.8000 ,257.3400 ,"36,250.0000 "
2013-11-11,257.4500 ,258.1000 ,252.6900 ,253.0000 ,"38,858.0000 "
2013-11-12,252.5700 ,252.9700 ,251.0000 ,251.9400 ,"19,216.0000 "
2013-11-13,251.8000 ,253.0000 ,249.5000 ,250.4800 ,"38,650.0000 "
2013-11-14,251.8900 ,253.2500 ,250.0200 ,252.5600 ,"23,522.0000 "
2013-11-15,251.4500 ,254.2000 ,251.4500 ,252.8200 ,"21,842.0000 "
2013-11-18,252.7100 ,253.5000 ,252.5500 ,253.0500 ,"21,300.0000 "
2013-11-19,252.6000 ,252.6000 ,249.7700 ,250.6700 ,"32,294.0000 "
2013-11-20,250.9000 ,251.4500 ,250.4000 ,251.0000 ,"28,776.0000 "
2013-11-21,249.0000 ,250.6000 ,245.6300 ,245.8000 ,"49,752.0000 "
2013-11-22,246.4000 ,246.4000 ,244.3300 ,245.5200 ,"30,724.0000 "
2013-11-25,245.8000 ,246.3000 ,243.3000 ,243.3500 ,"24,102.0000 "
2013-11-26,243.5900 ,247.1400 ,242.7000 ,247.1100 ,"35,034.0000 "
2013-11-27,246.1000 ,246.4900 ,245.0000 ,245.6500 ,"30,826.0000 "
2013-11-28,246.1500 ,246.7000 ,243.7600 ,244.7900 ,"26,686.0000 "
2013-11-29,245.2000 ,245.3500 ,244.2800 ,244.5600 ,"21,064.0000 "
2013-12-02,246.5500 ,246.5600 ,245.0200 ,245.5500 ,"19,586.0000 "
2013-12-03,243.9000 ,244.2500 ,241.0800 ,241.9000 ,"32,172.0000 "
2013-12-04,241.2600 ,241.9000 ,240.5200 ,240.9000 ,"22,682.0000 "
2013-12-05,240.8500 ,245.5000 ,240.0000 ,243.7300 ,"30,116.0000 "
2013-12-06,242.5600 ,243.3000 ,240.5200 ,243.0100 ,"27,342.0000 "
2013-12-09,242.2500 ,245.3500 ,239.3000 ,243.1600 ,"33,448.0000 "
2013-12-10,243.0000 ,244.8300 ,243.0000 ,244.7000 ,"24,818.0000 "
2013-12-11,245.0200 ,247.5000 ,245.0000 ,246.7300 ,"28,350.0000 "
2013-12-12,246.8000 ,247.8900 ,246.0100 ,246.2300 ,"19,338.0000 "
2013-12-13,243.5500 ,243.6000 ,240.9200 ,241.6900 ,"37,900.0000 "
2013-12-16,241.9900 ,242.7500 ,241.1000 ,242.1900 ,"33,916.0000 "
2013-12-17,242.1000 ,245.5900 ,242.1000 ,244.9000 ,"25,866.0000 "
2013-12-18,242.6200 ,244.2100 ,242.0000 ,242.8400 ,"28,422.0000 "
2013-12-19,242.5100 ,243.6800 ,240.3000 ,240.7900 ,"35,988.0000 "
2013-12-20,238.4000 ,238.6000 ,235.7000 ,236.0700 ,"39,324.0000 "
2013-12-23,236.0100 ,238.4800 ,235.7200 ,238.4300 ,"25,342.0000 "
2013-12-24,237.5100 ,238.3000 ,236.9400 ,237.4900 ,"21,358.0000 "
2013-12-25,237.8900 ,239.0000 ,237.6400 ,238.7800 ,"8,874.0000 "
2013-12-26,238.7800 ,239.0000 ,238.3000 ,238.7500 ,"12,252.0000 "
2013-12-27,239.0000 ,241.2500 ,238.8500 ,240.8200 ,"26,260.0000 "
2013-12-30,240.8900 ,241.8000 ,239.0000 ,239.0100 ,"23,278.0000 "
2013-12-31,238.9900 ,239.7700 ,237.1000 ,237.3100 ,"16,554.0000 "
2014-01-02,239.2000 ,241.4900 ,238.6600 ,241.0600 ,"44,844.0000 "
2014-01-03,240.0000 ,243.5000 ,239.8100 ,242.7400 ,"35,552.0000 "
2014-01-06,242.3000 ,245.2000 ,241.7200 ,244.7400 ,"35,866.0000 "
2014-01-07,244.1700 ,245.7500 ,243.2100 ,245.0500 ,"23,716.0000 "
2014-01-08,243.6900 ,244.8500 ,241.5500 ,241.8100 ,"24,900.0000 "
2014-01-09,242.3900 ,242.9900 ,241.0000 ,241.9400 ,"25,546.0000 "
2014-01-10,242.8000 ,243.6500 ,241.2000 ,243.1500 ,"25,084.0000 "
2014-01-13,243.4800 ,246.7000 ,242.0000 ,246.0000 ,"33,958.0000 "
2014-01-14,245.4100 ,246.4000 ,244.9000 ,246.0400 ,"26,886.0000 "
2014-01-15,245.6000 ,246.5000 ,243.4000 ,243.9800 ,"25,368.0000 "
2014-01-16,243.8000 ,244.2000 ,242.6000 ,244.1200 ,"23,944.0000 "
2014-01-17,243.4100 ,244.5900 ,243.2100 ,244.4400 ,"20,710.0000 "
2014-01-20,243.7800 ,246.8500 ,243.7800 ,246.4900 ,"21,740.0000 "
2014-01-21,246.8800 ,246.8800 ,245.6700 ,245.7200 ,"14,416.0000 "
2014-01-22,244.8000 ,244.8000 ,242.9000 ,243.6000 ,"20,608.0000 "
2014-01-23,243.6000 ,243.9400 ,242.2500 ,243.1500 ,"15,098.0000 "
2014-01-24,244.9500 ,247.3200 ,244.7500 ,246.7400 ,"33,988.0000 "
2014-01-27,248.3500 ,249.1000 ,246.0000 ,247.7600 ,"32,594.0000 "
2014-01-28,247.6700 ,247.6700 ,245.8100 ,245.8900 ,"18,518.0000 "
2014-01-29,246.0000 ,246.5500 ,245.0000 ,245.8000 ,"19,464.0000 "
2014-01-30,246.7700 ,247.2000 ,245.2200 ,246.2300 ,"22,238.0000 "
2014-02-07,246.3000 ,247.9900 ,246.0100 ,247.8000 ,"23,104.0000 "
2014-02-10,247.6000 ,249.9800 ,247.0100 ,249.8500 ,"35,064.0000 "
2014-02-11,250.3900 ,251.9400 ,249.8200 ,251.2000 ,"30,804.0000 "
2014-02-12,251.8400 ,252.8000 ,250.0000 ,251.9500 ,"21,676.0000 "
2014-02-13,252.4500 ,253.1900 ,252.0000 ,252.0900 ,"27,236.0000 "
2014-02-14,252.6000 ,256.4400 ,252.6000 ,256.2500 ,"40,082.0000 "
2014-02-17,258.2000 ,261.2000 ,257.1300 ,259.7400 ,"46,760.0000 "
2014-02-18,260.0000 ,260.0500 ,257.5100 ,258.0000 ,"33,924.0000 "
2014-02-19,257.5000 ,259.6000 ,257.1100 ,258.2300 ,"27,568.0000 "
2014-02-20,257.7300 ,259.1000 ,256.7500 ,257.5100 ,"39,744.0000 "
2014-02-21,257.0000 ,259.3000 ,256.8000 ,259.0300 ,"42,202.0000 "
2014-02-24,259.8000 ,260.9000 ,258.6000 ,260.2600 ,"23,900.0000 "
2014-02-25,261.7900 ,262.6900 ,260.8000 ,261.9000 ,"43,932.0000 "
2014-02-26,262.1600 ,265.0800 ,262.1000 ,264.9600 ,"33,764.0000 "
2014-02-27,262.9000 ,262.9800 ,260.5000 ,261.3900 ,"40,324.0000 "
2014-02-28,261.8900 ,263.4000 ,261.5900 ,262.6800 ,"37,636.0000 "
2014-03-03,262.9800 ,266.2500 ,260.9900 ,266.1900 ,"45,930.0000 "
2014-03-04,265.5000 ,267.3500 ,263.4000 ,263.8500 ,"34,630.0000 "
2014-03-05,262.6200 ,263.9200 ,262.6200 ,262.9700 ,"21,376.0000 "
2014-03-06,263.2000 ,264.2000 ,262.5800 ,262.8100 ,"20,680.0000 "
2014-03-07,262.9800 ,265.6800 ,262.7000 ,265.1100 ,"34,118.0000 "
2014-03-10,265.3700 ,265.9800 ,260.5000 ,262.3000 ,"51,542.0000 "
2014-03-11,262.9500 ,264.6600 ,262.3200 ,264.5300 ,"26,648.0000 "
2014-03-12,265.3000 ,268.2000 ,263.6500 ,267.4000 ,"44,124.0000 "
2014-03-13,268.9900 ,271.0000 ,268.5100 ,269.8600 ,"32,316.0000 "
2014-03-14,269.0900 ,271.1500 ,268.8900 ,269.4700 ,"26,142.0000 "
2014-03-17,272.0100 ,273.3000 ,270.4000 ,272.9100 ,"47,078.0000 "
2014-03-18,272.5000 ,272.9900 ,268.0800 ,269.1100 ,"39,940.0000 "
2014-03-19,267.2100 ,269.5000 ,267.1000 ,268.1900 ,"23,240.0000 "
2014-03-20,266.0000 ,267.2000 ,264.2000 ,265.6900 ,"45,518.0000 "
2014-03-21,264.0000 ,266.2000 ,263.8500 ,265.4800 ,"24,844.0000 "
2014-03-24,266.3000 ,266.9000 ,263.6000 ,263.7200 ,"21,758.0000 "
2014-03-25,262.1000 ,262.9600 ,260.2800 ,261.0000 ,"45,936.0000 "
2014-03-26,260.0000 ,261.8000 ,260.0000 ,261.6900 ,"20,676.0000 "
2014-03-27,260.9000 ,261.2000 ,258.7800 ,258.8600 ,"33,760.0000 "
2014-03-28,258.3000 ,258.8000 ,257.5300 ,258.2000 ,"35,450.0000 "
2014-03-31,257.6000 ,259.0000 ,256.8000 ,257.7700 ,"28,270.0000 "
2014-04-01,257.1000 ,258.2400 ,255.3000 ,256.3000 ,"28,028.0000 "
2014-04-02,256.2000 ,256.4800 ,255.1800 ,256.1900 ,"17,668.0000 "
2014-04-03,257.4600 ,257.7000 ,256.8300 ,257.1400 ,"18,390.0000 "
2014-04-04,256.4800 ,257.0800 ,255.7700 ,257.0500 ,"15,300.0000 "
2014-04-08,258.5600 ,261.2000 ,258.5300 ,261.0000 ,"19,256.0000 "
2014-04-09,261.2500 ,261.8500 ,260.7000 ,261.0200 ,"19,010.0000 "
2014-04-10,259.7800 ,262.8500 ,259.5000 ,262.8000 ,"24,744.0000 "
2014-04-11,262.1300 ,263.3000 ,262.1300 ,262.3800 ,"20,722.0000 "
2014-04-14,262.3800 ,265.3900 ,262.3500 ,264.8100 ,"27,516.0000 "
2014-04-15,264.5100 ,265.5000 ,261.8100 ,261.8800 ,"24,480.0000 "
2014-04-16,258.9000 ,260.3100 ,258.4000 ,259.8900 ,"32,858.0000 "
2014-04-17,260.3000 ,260.5000 ,259.0000 ,259.3700 ,"17,256.0000 "
2014-04-18,259.9700 ,260.1000 ,258.2700 ,259.1600 ,"13,690.0000 "
2014-04-21,258.7100 ,259.2000 ,256.8000 ,257.7000 ,"18,698.0000 "
2014-04-22,257.7000 ,258.5500 ,257.1100 ,258.4600 ,"21,024.0000 "
2014-04-23,257.9800 ,258.1000 ,256.6000 ,257.8500 ,"17,914.0000 "
2014-04-24,258.0000 ,258.1500 ,257.1000 ,257.7700 ,"21,534.0000 "
2014-04-25,255.8000 ,262.0000 ,255.7700 ,259.6200 ,"31,162.0000 "
2014-04-28,261.0500 ,262.7900 ,260.4000 ,261.9500 ,"26,276.0000 "
2014-04-29,262.1000 ,262.5000 ,259.9000 ,260.0000 ,"23,610.0000 "
2014-04-30,260.8000 ,261.3000 ,260.0000 ,260.2400 ,"20,322.0000 "
2014-05-05,262.8000 ,263.4000 ,262.5000 ,262.7900 ,"19,638.0000 "
2014-05-06,263.8300 ,263.9900 ,262.5000 ,263.0200 ,"25,514.0000 "
2014-05-07,262.3900 ,263.0000 ,262.0000 ,262.7200 ,"24,870.0000 "
2014-05-08,261.8000 ,261.9900 ,258.8200 ,259.0000 ,"30,922.0000 "
2014-05-09,258.3100 ,259.3800 ,258.3000 ,258.9700 ,"20,732.0000 "
2014-05-12,258.7500 ,259.2000 ,258.0300 ,259.1000 ,"25,330.0000 "
2014-05-13,260.8800 ,261.2100 ,259.2800 ,259.5300 ,"29,148.0000 "
2014-05-14,260.4400 ,260.4700 ,259.3100 ,260.0200 ,"17,540.0000 "
2014-05-15,261.7000 ,261.7500 ,260.4500 ,260.7400 ,"32,998.0000 "
2014-05-16,259.8000 ,260.6800 ,259.3000 ,259.7000 ,"23,230.0000 "
2014-05-19,258.8100 ,260.7100 ,258.8100 ,260.5600 ,"22,720.0000 "
2014-05-20,261.0200 ,261.3000 ,259.1500 ,259.3600 ,"26,612.0000 "
2014-05-21,259.0200 ,260.3000 ,259.0200 ,259.8000 ,"24,852.0000 "
2014-05-22,259.4000 ,260.1000 ,258.7000 ,259.8900 ,"31,080.0000 "
2014-05-23,260.5000 ,260.5800 ,259.6200 ,259.9000 ,"23,372.0000 "
2014-05-26,259.7100 ,259.9600 ,259.4000 ,259.5500 ,"21,122.0000 "
2014-05-27,259.1900 ,259.8600 ,257.9000 ,257.9900 ,"27,456.0000 "
2014-05-28,257.0900 ,258.1500 ,254.3500 ,254.6400 ,"55,176.0000 "
2014-05-29,254.8000 ,254.8000 ,251.8100 ,252.0000 ,"41,474.0000 "
2014-05-30,252.3100 ,253.0500 ,252.0200 ,252.8000 ,"28,082.0000 "
2014-06-03,250.3500 ,250.7500 ,249.8100 ,250.5100 ,"27,090.0000 "
2014-06-04,250.4900 ,250.9500 ,249.9300 ,250.8200 ,"21,864.0000 "
2014-06-05,251.0100 ,251.3000 ,250.2400 ,250.4500 ,"18,170.0000 "
2014-06-06,252.6000 ,252.8800 ,251.5500 ,252.6800 ,"30,148.0000 "
2014-06-09,253.3500 ,253.3500 ,251.0000 ,251.9400 ,"32,608.0000 "
2014-06-10,251.8000 ,252.0000 ,251.0000 ,251.5500 ,"30,900.0000 "
2014-06-11,252.4800 ,252.9900 ,252.2000 ,252.6000 ,"26,810.0000 "
2014-06-12,253.1500 ,253.1500 ,252.1000 ,252.1100 ,"22,554.0000 "
2014-06-13,252.8100 ,254.4800 ,252.7500 ,254.0600 ,"37,938.0000 "
2014-06-16,254.0000 ,256.4600 ,253.8200 ,256.3300 ,"34,626.0000 "
2014-06-17,256.0000 ,256.3800 ,253.2100 ,253.4600 ,"30,226.0000 "
2014-06-18,253.0800 ,254.3900 ,253.0300 ,253.9900 ,"23,654.0000 "
2014-06-19,254.5000 ,256.6600 ,253.9600 ,256.0000 ,"25,748.0000 "
2014-06-20,257.3800 ,263.5400 ,257.3800 ,262.7100 ,"56,122.0000 "
2014-06-23,262.8100 ,264.8200 ,262.4000 ,263.5000 ,"29,842.0000 "
2014-06-24,263.9900 ,264.0000 ,262.8800 ,263.3700 ,"15,842.0000 "
2014-06-25,264.4800 ,264.7000 ,262.3500 ,262.9400 ,"27,712.0000 "
2014-06-26,263.6000 ,264.8600 ,262.5600 ,262.7900 ,"26,740.0000 "
2014-06-27,263.3400 ,263.8000 ,262.3200 ,263.1800 ,"26,002.0000 "
2014-06-30,263.0100 ,263.7000 ,261.6800 ,261.9900 ,"18,478.0000 "
2014-07-01,262.3900 ,265.3000 ,262.0100 ,264.0100 ,"25,730.0000 "
2014-07-02,264.1100 ,264.9800 ,263.8900 ,264.4000 ,"19,514.0000 "
2014-07-03,264.2000 ,265.1500 ,263.5000 ,263.6800 ,"20,984.0000 "
2014-07-04,262.8900 ,263.9800 ,262.8000 ,263.9000 ,"24,866.0000 "
2014-07-07,263.8000 ,263.9900 ,261.4500 ,261.7900 ,"22,542.0000 "
2014-07-08,262.1600 ,262.8800 ,261.0300 ,262.7300 ,"23,716.0000 "
2014-07-09,263.1500 ,263.6800 ,261.8000 ,263.5500 ,"31,376.0000 "
2014-07-10,263.8000 ,264.8900 ,263.1200 ,264.8000 ,"27,938.0000 "
2014-07-11,267.0000 ,267.7900 ,266.7000 ,266.8400 ,"36,340.0000 "
2014-07-14,266.9900 ,267.1000 ,262.6000 ,263.0500 ,"29,712.0000 "
2014-07-15,261.3500 ,262.0000 ,260.0000 ,261.2600 ,"28,424.0000 "
2014-07-16,261.0000 ,261.7000 ,258.0600 ,258.8800 ,"27,076.0000 "
2014-07-17,258.8000 ,260.9000 ,258.8000 ,260.2900 ,"20,436.0000 "
2014-07-18,260.8000 ,264.4000 ,259.7700 ,261.7300 ,"31,458.0000 "
2014-07-21,261.0500 ,262.2000 ,260.1100 ,262.1600 ,"21,940.0000 "
2014-07-22,262.5000 ,262.5000 ,260.4500 ,260.8200 ,"19,398.0000 "
2014-07-23,261.2000 ,261.9500 ,260.0500 ,260.8800 ,"20,398.0000 "
2014-07-24,260.8900 ,261.1000 ,258.0900 ,258.5800 ,"31,490.0000 "
2014-07-25,258.5500 ,259.1000 ,256.7800 ,257.6500 ,"32,278.0000 "
2014-07-28,257.9800 ,260.0800 ,257.4100 ,259.7700 ,"27,508.0000 "
2014-07-29,259.6000 ,259.9900 ,258.8900 ,259.8400 ,"15,880.0000 "
2014-07-30,260.0000 ,260.6000 ,258.1400 ,258.3900 ,"24,836.0000 "
2014-07-31,258.4500 ,258.5500 ,256.9100 ,257.5100 ,"28,048.0000 "
2014-08-01,256.0300 ,256.7800 ,255.2000 ,255.6900 ,"38,700.0000 "
2014-08-04,256.3000 ,258.2000 ,256.2000 ,257.4100 ,"22,058.0000 "
2014-08-05,257.1100 ,257.5500 ,256.0900 ,256.8300 ,"19,676.0000 "
2014-08-06,256.0200 ,257.1000 ,255.3000 ,256.2500 ,"28,846.0000 "
2014-08-07,257.9900 ,259.1000 ,257.9900 ,258.4900 ,"38,912.0000 "
2014-08-08,258.5000 ,261.6000 ,258.3000 ,261.0400 ,"36,700.0000 "
2014-08-11,259.5000 ,260.3000 ,258.5000 ,259.0400 ,"20,764.0000 "
2014-08-12,259.1900 ,259.5000 ,258.8000 ,259.5000 ,"15,858.0000 "
2014-08-13,260.5000 ,260.6400 ,259.2000 ,259.4700 ,"22,970.0000 "
2014-08-14,259.9000 ,260.3000 ,259.2100 ,260.2600 ,"19,136.0000 "
2014-08-15,260.0500 ,260.2500 ,259.4300 ,259.8000 ,"17,484.0000 "
2014-08-18,257.0000 ,259.5000 ,256.5000 ,257.4400 ,"41,130.0000 "
2014-08-19,256.8500 ,257.5000 ,256.6600 ,256.8900 ,"23,018.0000 "
2014-08-20,256.8000 ,257.0000 ,256.0800 ,256.3300 ,"28,222.0000 "
2014-08-21,256.1000 ,256.5900 ,253.3700 ,253.6700 ,"37,734.0000 "
2014-08-22,252.5000 ,254.0000 ,252.5000 ,253.7500 ,"25,690.0000 "
2014-08-25,253.4000 ,254.2900 ,253.1000 ,253.1400 ,"28,126.0000 "
2014-08-26,253.6000 ,255.8100 ,253.0300 ,255.5700 ,"29,544.0000 "
2014-08-27,255.5200 ,255.5200 ,254.0500 ,254.6800 ,"26,804.0000 "
2014-08-28,254.6000 ,255.0000 ,253.7500 ,254.9000 ,"23,946.0000 "
2014-08-29,255.6000 ,255.6000 ,254.5000 ,254.9200 ,"29,516.0000 "
2014-09-01,254.5100 ,255.3600 ,254.2000 ,254.6900 ,"21,448.0000 "
2014-09-02,254.3200 ,254.6600 ,252.1000 ,252.4800 ,"26,538.0000 "
2014-09-03,251.0000 ,251.4800 ,250.3000 ,250.8500 ,"37,858.0000 "
2014-09-04,250.7800 ,251.5000 ,250.4100 ,250.9900 ,"25,692.0000 "
2014-09-05,250.5200 ,252.4800 ,249.5600 ,250.1000 ,"37,222.0000 "
2014-09-09,248.5000 ,249.0000 ,247.8700 ,247.8800 ,"26,930.0000 "
2014-09-10,248.2400 ,248.3000 ,245.9500 ,247.9800 ,"40,372.0000 "
2014-09-11,247.1000 ,247.4000 ,246.0000 ,246.9800 ,"32,068.0000 "
2014-09-12,246.0000 ,246.4000 ,243.5000 ,244.7600 ,"41,892.0000 "
2014-09-15,244.5000 ,244.6700 ,242.9300 ,244.4400 ,"38,410.0000 "
2014-09-16,244.5000 ,245.4800 ,244.1000 ,245.1800 ,"29,406.0000 "
2014-09-17,245.2000 ,246.1800 ,244.2500 ,244.9600 ,"32,832.0000 "
2014-09-18,244.6600 ,245.8000 ,242.1600 ,242.2700 ,"41,736.0000 "
2014-09-19,241.6000 ,243.3400 ,241.1200 ,242.0700 ,"50,734.0000 "
2014-09-22,241.7100 ,242.5500 ,238.2200 ,240.1800 ,"57,084.0000 "
2014-09-23,239.9900 ,241.3500 ,239.4000 ,240.8000 ,"33,810.0000 "
2014-09-24,243.5000 ,243.5000 ,241.2500 ,242.3400 ,"34,992.0000 "
2014-09-25,241.6200 ,241.9800 ,239.2000 ,239.2600 ,"41,278.0000 "
2014-09-26,239.4400 ,243.0000 ,237.6000 ,242.6100 ,"46,334.0000 "
2014-09-29,241.1000 ,241.4000 ,240.1100 ,240.8200 ,"48,422.0000 "
2014-09-30,242.0700 ,242.0700 ,240.6100 ,241.2200 ,"27,864.0000 "
2014-10-08,239.6800 ,241.0000 ,239.6800 ,240.8900 ,"25,718.0000 "
2014-10-09,240.9500 ,242.6300 ,239.1000 ,242.4000 ,"51,758.0000 "
2014-10-10,242.8000 ,243.3000 ,241.3500 ,241.6100 ,"46,960.0000 "
2014-10-13,241.9000 ,244.3000 ,241.3000 ,243.2500 ,"44,194.0000 "
2014-10-14,242.9700 ,244.5000 ,242.2000 ,243.4700 ,"28,600.0000 "
2014-10-15,244.0000 ,244.2700 ,241.8800 ,242.0600 ,"33,382.0000 "
2014-10-16,242.7000 ,246.0000 ,242.3200 ,244.3700 ,"64,994.0000 "
2014-10-17,244.6100 ,244.9500 ,243.8700 ,244.6000 ,"30,138.0000 "
2014-10-20,244.3100 ,244.8000 ,243.3500 ,244.6400 ,"30,308.0000 "
2014-10-21,245.2200 ,246.5100 ,244.8000 ,246.5000 ,"39,278.0000 "
2014-10-22,245.8700 ,247.0000 ,245.5100 ,245.6200 ,"33,674.0000 "
2014-10-23,245.5000 ,245.7500 ,244.5800 ,244.6200 ,"37,034.0000 "
2014-10-24,243.8000 ,243.9800 ,241.9100 ,242.5500 ,"43,694.0000 "
2014-10-27,242.8700 ,242.8700 ,242.0000 ,242.1000 ,"21,962.0000 "
2014-10-28,242.1000 ,242.3100 ,241.3700 ,241.7800 ,"38,332.0000 "
2014-10-29,241.5100 ,242.8200 ,241.3000 ,241.8700 ,"44,924.0000 "
2014-10-30,241.6000 ,241.6000 ,236.9100 ,237.0500 ,"67,736.0000 "
2014-10-31,236.9900 ,237.3000 ,229.8700 ,230.0300 ,"87,276.0000 "
2014-11-03,230.5300 ,230.8000 ,227.5000 ,230.6700 ,"67,888.0000 "
2014-11-04,231.0000 ,231.0000 ,229.2000 ,229.2900 ,"35,676.0000 "
2014-11-05,230.2000 ,230.4000 ,225.2000 ,225.6800 ,"69,596.0000 "
2014-11-06,222.6500 ,234.2000 ,222.6000 ,224.9900 ,"62,030.0000 "
2014-11-07,224.4000 ,225.6000 ,222.8300 ,225.0200 ,"62,844.0000 "
2014-11-10,225.0000 ,232.5000 ,224.9000 ,230.7900 ,"87,236.0000 "
2014-11-11,229.5800 ,230.2000 ,226.0000 ,227.2900 ,"57,818.0000 "
2014-11-12,227.9400 ,230.6000 ,227.0800 ,230.3400 ,"51,822.0000 "
2014-11-13,229.6000 ,230.5000 ,228.1000 ,228.6000 ,"54,898.0000 "
2014-11-14,228.8000 ,230.1000 ,226.5000 ,227.3500 ,"56,966.0000 "
2014-11-17,227.1300 ,240.0000 ,226.0000 ,234.2500 ,"110,062.0000 "
2014-11-18,234.3000 ,235.2100 ,233.3600 ,234.0500 ,"48,224.0000 "
2014-11-19,236.5000 ,236.6800 ,234.5800 ,235.2100 ,"48,074.0000 "
2014-11-20,235.5500 ,236.2000 ,230.0000 ,233.5000 ,"68,106.0000 "
2014-11-21,235.1100 ,235.7000 ,233.6000 ,235.5000 ,"52,584.0000 "
2014-11-25,236.4100 ,237.2500 ,236.0500 ,236.7900 ,"52,670.0000 "
2014-11-26,237.0000 ,237.4000 ,235.2000 ,237.0400 ,"51,732.0000 "
2014-11-27,236.9900 ,237.1000 ,235.2200 ,236.1500 ,"61,794.0000 "
2014-11-28,236.3400 ,236.7500 ,234.1100 ,235.1000 ,"37,160.0000 "
2014-12-01,234.5000 ,235.1000 ,226.4000 ,228.5100 ,"79,702.0000 "
2014-12-02,232.0000 ,241.0000 ,231.0000 ,238.7000 ,"98,402.0000 "
2014-12-03,236.9000 ,238.5000 ,236.0600 ,237.6100 ,"44,780.0000 "
2014-12-04,237.5600 ,240.4000 ,237.4500 ,238.2300 ,"37,908.0000 "
2014-12-05,238.3500 ,240.2800 ,237.7900 ,238.9600 ,"46,372.0000 "
2014-12-08,238.1100 ,239.6100 ,235.6600 ,236.9700 ,"58,154.0000 "
2014-12-09,237.2800 ,240.2200 ,236.4000 ,240.1800 ,"58,462.0000 "
2014-12-10,239.6500 ,248.6000 ,239.6500 ,245.8400 ,"103,504.0000 "
2014-12-11,244.4000 ,245.6800 ,242.8800 ,243.0300 ,"52,660.0000 "
2014-12-12,242.9600 ,245.0000 ,242.1100 ,243.0300 ,"51,534.0000 "
2014-12-15,243.3200 ,244.3000 ,241.6000 ,242.8300 ,"53,196.0000 "
2014-12-16,241.4200 ,242.6000 ,238.1000 ,238.9000 ,"78,926.0000 "
2014-12-17,240.8000 ,243.9900 ,236.5000 ,238.9500 ,"76,482.0000 "
2014-12-18,239.6500 ,240.4900 ,237.4000 ,239.9000 ,"53,576.0000 "
2014-12-19,241.6000 ,241.7000 ,238.8000 ,240.5100 ,"56,368.0000 "
2014-12-22,239.5200 ,240.5500 ,239.4000 ,240.2000 ,"52,454.0000 "
2014-12-23,240.0000 ,240.0000 ,235.8000 ,236.7200 ,"86,466.0000 "
2014-12-24,235.5000 ,236.8500 ,235.5000 ,236.3900 ,"39,568.0000 "
2014-12-25,235.8100 ,236.6000 ,235.4600 ,236.4000 ,"42,216.0000 "
2014-12-26,236.4000 ,237.7500 ,236.1000 ,237.6300 ,"39,238.0000 "
2014-12-29,239.8000 ,239.9500 ,238.3000 ,239.7600 ,"42,660.0000 "
2014-12-30,239.8000 ,239.8000 ,236.9000 ,237.5400 ,"57,054.0000 "
2014-12-31,238.0000 ,241.9800 ,236.6200 ,240.0000 ,"67,664.0000 "
2015-01-05,238.5000 ,240.3900 ,238.2000 ,240.3700 ,"27,628.0000 "
2015-01-06,239.4000 ,242.5500 ,238.6000 ,242.3600 ,"56,328.0000 "
2015-01-07,242.2100 ,244.6800 ,241.6800 ,243.0000 ,"43,396.0000 "
2015-01-08,242.9900 ,243.8200 ,242.1200 ,242.3500 ,"33,724.0000 "
2015-01-09,242.4500 ,243.7700 ,241.7500 ,242.6700 ,"41,864.0000 "
2015-01-12,243.1100 ,246.1000 ,242.1000 ,245.7000 ,"55,160.0000 "
2015-01-13,244.0400 ,247.6500 ,244.0100 ,247.2300 ,"55,924.0000 "
2015-01-14,247.8000 ,248.2700 ,244.8000 ,246.1200 ,"58,454.0000 "
2015-01-15,245.3100 ,248.0000 ,244.6300 ,245.1800 ,"46,388.0000 "
2015-01-16,249.7000 ,251.9000 ,248.7000 ,251.6500 ,"95,080.0000 "
2015-01-19,251.1500 ,256.7900 ,251.1500 ,255.6600 ,"72,782.0000 "
2015-01-20,256.0000 ,256.4000 ,254.9600 ,255.8300 ,"32,626.0000 "
2015-01-21,257.3200 ,261.5900 ,257.3200 ,260.1400 ,"62,960.0000 "
2015-01-22,260.0000 ,261.3000 ,256.5200 ,257.0900 ,"52,584.0000 "
2015-01-23,257.1500 ,260.8000 ,255.6100 ,259.5200 ,"60,352.0000 "
2015-01-26,259.5500 ,260.8500 ,257.7100 ,260.1600 ,"45,510.0000 "
2015-01-27,256.5500 ,259.0900 ,256.5500 ,257.9100 ,"46,752.0000 "
2015-01-28,257.9000 ,260.1000 ,257.3100 ,258.9800 ,"44,484.0000 "
2015-01-29,259.6000 ,260.0600 ,257.1900 ,257.2800 ,"40,604.0000 "
2015-01-30,255.6800 ,256.4400 ,251.8800 ,253.7600 ,"62,512.0000 "
2015-02-02,254.0000 ,258.3000 ,253.3400 ,257.3200 ,"52,890.0000 "
2015-02-03,257.3500 ,258.1000 ,255.4100 ,257.9700 ,"44,066.0000 "
2015-02-04,258.0000 ,258.2200 ,253.3600 ,254.4200 ,"67,260.0000 "
2015-02-05,254.9700 ,256.4500 ,253.6100 ,255.4900 ,"46,944.0000 "
2015-02-06,254.4000 ,254.9700 ,253.3600 ,254.8300 ,"41,148.0000 "
2015-02-09,254.1700 ,255.5000 ,248.0000 ,249.5400 ,"81,878.0000 "
2015-02-10,249.5500 ,250.5900 ,248.8000 ,250.1100 ,"47,936.0000 "
2015-02-11,249.0000 ,249.4500 ,248.0500 ,248.6300 ,"101,422.0000 "
2015-02-12,248.4900 ,249.1000 ,245.4100 ,245.8300 ,"37,002.0000 "
2015-02-13,246.0500 ,247.7400 ,245.5500 ,247.6900 ,"33,194.0000 "
2015-02-16,246.4800 ,248.6200 ,246.3000 ,248.5100 ,"37,816.0000 "
2015-02-17,248.6900 ,248.7900 ,246.8500 ,247.3500 ,"15,780.0000 "
2015-02-25,244.0000 ,244.6500 ,243.0100 ,244.4500 ,"22,174.0000 "
2015-02-26,244.3900 ,244.8000 ,242.7100 ,244.3500 ,"30,028.0000 "
2015-02-27,245.4000 ,245.9900 ,243.7500 ,244.6900 ,"30,772.0000 "
2015-03-02,244.3000 ,247.5000 ,244.1200 ,246.9000 ,"52,016.0000 "
2015-03-03,246.3500 ,246.7500 ,241.8000 ,244.8500 ,"52,486.0000 "
2015-03-04,244.3500 ,245.6300 ,243.0900 ,243.8000 ,"43,836.0000 "
2015-03-05,243.3700 ,244.1800 ,242.4000 ,242.6600 ,"30,386.0000 "
2015-03-06,243.0000 ,244.0000 ,241.7000 ,241.9600 ,"31,146.0000 "
2015-03-09,242.0000 ,242.2000 ,235.6000 ,237.0400 ,"67,434.0000 "
2015-03-10,236.9100 ,237.3000 ,234.2000 ,234.9600 ,"51,604.0000 "
2015-03-11,235.5000 ,236.4500 ,234.4100 ,235.0200 ,"40,394.0000 "
2015-03-12,234.0200 ,235.7900 ,231.8100 ,235.2800 ,"59,236.0000 "
2015-03-13,234.6500 ,234.6500 ,232.7100 ,234.2500 ,"38,352.0000 "
2015-03-16,233.2100 ,235.2000 ,232.9100 ,234.5700 ,"38,216.0000 "
2015-03-17,233.9000 ,234.1000 ,232.8300 ,233.0600 ,"50,954.0000 "
2015-03-18,232.8000 ,233.7800 ,230.2000 ,230.8300 ,"49,586.0000 "
2015-03-19,230.8100 ,236.4900 ,230.1900 ,234.3500 ,"67,626.0000 "
2015-03-20,233.8000 ,234.8000 ,232.5000 ,234.3900 ,"45,706.0000 "
2015-03-23,234.4000 ,236.9700 ,234.1100 ,236.7400 ,"54,036.0000 "
2015-03-24,237.0500 ,238.1800 ,236.6600 ,237.7000 ,"41,886.0000 "
2015-03-25,238.0200 ,238.9800 ,237.2000 ,238.0100 ,"42,690.0000 "
2015-03-26,238.6500 ,240.8000 ,238.6500 ,240.7600 ,"57,216.0000 "
2015-03-27,241.3000 ,242.2900 ,240.2000 ,240.4500 ,"40,322.0000 "
2015-03-30,240.6000 ,240.7000 ,237.5000 ,237.7500 ,"48,488.0000 "
2015-03-31,236.5600 ,237.5500 ,235.5100 ,235.6200 ,"38,200.0000 "
2015-04-01,236.3000 ,237.3000 ,235.8200 ,236.4800 ,"31,830.0000 "
2015-04-02,236.7800 ,240.8100 ,236.5600 ,240.3000 ,"50,108.0000 "
2015-04-03,240.1900 ,240.8000 ,238.1900 ,239.6500 ,"34,028.0000 "
2015-04-07,241.4800 ,241.7700 ,241.2000 ,241.3000 ,"24,552.0000 "
2015-04-08,240.7100 ,241.6500 ,240.5600 ,241.6200 ,"19,260.0000 "
2015-04-09,240.7000 ,241.2000 ,237.8300 ,238.5400 ,"31,918.0000 "
2015-04-10,239.5000 ,239.8700 ,238.0000 ,238.7800 ,"22,338.0000 "
2015-04-13,240.0600 ,241.5700 ,239.4700 ,241.1000 ,"37,396.0000 "
2015-04-14,240.1900 ,241.4400 ,238.2000 ,238.8900 ,"30,484.0000 "
2015-04-15,237.4000 ,239.7000 ,236.9900 ,238.1100 ,"32,734.0000 "
2015-04-16,238.0100 ,241.1000 ,237.8000 ,240.2900 ,"27,894.0000 "
2015-04-17,241.0000 ,241.0000 ,238.7100 ,239.9800 ,"30,116.0000 "
2015-04-20,240.9700 ,241.2000 ,239.5500 ,241.1100 ,"30,862.0000 "
2015-04-21,240.0000 ,240.0000 ,238.3500 ,238.4800 ,"30,850.0000 "
2015-04-22,239.7800 ,240.2000 ,238.7100 ,239.6700 ,"28,066.0000 "
2015-04-23,239.3100 ,239.8000 ,236.4300 ,236.9400 ,"47,390.0000 "
2015-04-24,237.5000 ,238.5900 ,236.7100 ,238.4400 ,"22,334.0000 "
2015-04-27,237.3000 ,237.5000 ,235.1100 ,236.3700 ,"42,306.0000 "
2015-04-28,236.9900 ,240.8800 ,236.7100 ,240.0400 ,"57,578.0000 "
2015-04-29,240.5000 ,242.0500 ,239.8700 ,241.2400 ,"40,902.0000 "
2015-04-30,241.1800 ,242.3000 ,239.7000 ,239.8500 ,"34,796.0000 "
2015-05-04,236.2000 ,237.1100 ,235.5600 ,236.7900 ,"30,610.0000 "
2015-05-05,236.2000 ,238.3700 ,236.1100 ,237.5400 ,"21,762.0000 "
2015-05-06,237.7500 ,239.3000 ,237.7500 ,238.3900 ,"29,642.0000 "
2015-05-07,237.7000 ,239.3600 ,236.5000 ,236.7700 ,"27,968.0000 "
2015-05-08,236.9500 ,237.4000 ,235.9100 ,237.3500 ,"23,122.0000 "
2015-05-11,236.6100 ,239.0000 ,236.3200 ,237.0200 ,"29,718.0000 "
2015-05-12,237.2000 ,238.0700 ,235.9200 ,236.7400 ,"24,376.0000 "
2015-05-13,238.6200 ,238.7000 ,237.4000 ,238.6800 ,"34,498.0000 "
2015-05-14,239.0000 ,242.7500 ,238.5300 ,242.5300 ,"67,296.0000 "
2015-05-15,242.9500 ,244.1900 ,242.0800 ,243.4700 ,"43,194.0000 "
2015-05-18,242.7600 ,245.7900 ,242.2000 ,245.1400 ,"49,858.0000 "
2015-05-19,244.4000 ,245.4500 ,243.0100 ,243.1100 ,"33,694.0000 "
2015-05-20,243.5000 ,243.9000 ,240.3000 ,241.0000 ,"42,802.0000 "
2015-05-21,241.4000 ,242.4100 ,241.2600 ,241.6400 ,"25,412.0000 "
2015-05-22,241.3000 ,241.8000 ,240.0000 ,241.5900 ,"29,314.0000 "
2015-05-25,241.6100 ,242.1400 ,240.0000 ,240.5000 ,"24,374.0000 "
2015-05-26,240.1100 ,241.3800 ,238.7000 ,239.0300 ,"20,290.0000 "
2015-05-27,238.8100 ,238.9700 ,237.1000 ,237.4600 ,"36,856.0000 "
2015-05-28,236.8000 ,237.5500 ,236.8000 ,237.1900 ,"25,632.0000 "
2015-05-29,236.7300 ,237.5500 ,236.0100 ,237.5000 ,"25,612.0000 "
2015-06-01,237.0100 ,238.4900 ,236.5200 ,236.6500 ,"19,212.0000 "
2015-06-02,236.7900 ,239.9800 ,236.5100 ,237.2100 ,"30,236.0000 "
2015-06-03,237.7900 ,238.2800 ,237.0000 ,237.1900 ,"32,564.0000 "
2015-06-04,237.2200 ,237.7000 ,235.3800 ,235.9000 ,"24,428.0000 "
2015-06-05,236.0000 ,236.3000 ,234.5000 ,234.9000 ,"32,028.0000 "
2015-06-08,234.4500 ,235.3900 ,232.6800 ,234.5000 ,"42,034.0000 "
2015-06-09,234.3000 ,235.3100 ,233.9400 ,234.9700 ,"24,218.0000 "
2015-06-10,235.9000 ,236.9000 ,234.9000 ,236.6300 ,"35,616.0000 "
2015-06-11,236.8000 ,238.1400 ,236.3300 ,236.3900 ,"27,682.0000 "
2015-06-12,235.5000 ,236.8800 ,235.0000 ,236.3400 ,"28,790.0000 "
2015-06-15,236.1000 ,236.6500 ,235.3000 ,236.2700 ,"23,108.0000 "
2015-06-16,235.9600 ,237.6000 ,235.5400 ,236.7100 ,"34,824.0000 "
2015-06-17,236.3000 ,236.6600 ,235.2500 ,235.5800 ,"41,940.0000 "
2015-06-18,235.3500 ,237.3000 ,234.8000 ,237.1800 ,"39,688.0000 "
2015-06-19,238.9200 ,240.0000 ,238.4000 ,238.8900 ,"62,004.0000 "
2015-06-23,236.9000 ,237.2900 ,236.4000 ,236.8500 ,"27,708.0000 "
2015-06-24,236.3000 ,236.6000 ,234.6100 ,234.7100 ,"41,536.0000 "
2015-06-25,235.1700 ,235.3000 ,233.8100 ,235.0200 ,"23,342.0000 "
2015-06-26,234.5000 ,234.7700 ,233.8000 ,234.5400 ,"28,172.0000 "
2015-06-29,234.7400 ,236.8800 ,233.6200 ,235.5400 ,"35,862.0000 "
2015-06-30,235.6800 ,236.4000 ,234.3800 ,234.7200 ,"32,188.0000 "
2015-07-01,233.9000 ,235.2500 ,233.1500 ,233.9300 ,"30,944.0000 "
2015-07-02,233.9500 ,234.1700 ,232.2100 ,232.6000 ,"38,260.0000 "
2015-07-03,231.5500 ,233.5000 ,231.0000 ,233.3800 ,"46,000.0000 "
2015-07-06,233.5000 ,233.8900 ,232.9100 ,233.2800 ,"20,906.0000 "
2015-07-07,233.2800 ,234.3600 ,232.3600 ,233.5800 ,"29,050.0000 "
2015-07-08,233.1800 ,233.3600 ,228.6000 ,229.2000 ,"103,760.0000 "
2015-07-09,230.7000 ,233.0300 ,229.6000 ,232.4800 ,"55,728.0000 "
2015-07-10,231.8600 ,233.3800 ,231.3200 ,232.3700 ,"26,810.0000 "
2015-07-13,232.3700 ,232.7000 ,231.0000 ,231.1900 ,"28,806.0000 "
2015-07-14,231.3500 ,231.6500 ,230.1700 ,230.7700 ,"24,258.0000 "
2015-07-15,231.0500 ,231.8000 ,230.7000 ,230.9400 ,"17,390.0000 "
2015-07-16,230.6800 ,230.9900 ,229.0000 ,229.3600 ,"36,408.0000 "
2015-07-17,228.8000 ,229.4900 ,228.5000 ,228.9800 ,"21,690.0000 "
2015-07-20,228.9000 ,229.0400 ,218.0000 ,223.1800 ,"80,766.0000 "
2015-07-21,221.5100 ,222.9000 ,220.3000 ,221.2900 ,"38,826.0000 "
2015-07-22,221.5800 ,221.8500 ,218.0500 ,218.6000 ,"46,078.0000 "
2015-07-23,217.8100 ,219.9900 ,217.3800 ,219.4500 ,"39,408.0000 "
2015-07-24,220.1000 ,220.2800 ,215.5900 ,216.8900 ,"51,654.0000 "
2015-07-27,216.0000 ,221.1500 ,215.6000 ,221.0500 ,"49,332.0000 "
2015-07-28,219.0000 ,220.7200 ,218.1100 ,219.2900 ,"29,856.0000 "
2015-07-29,219.2900 ,219.9400 ,218.7800 ,219.4800 ,"20,740.0000 "
2015-07-30,219.4500 ,220.5000 ,216.5100 ,217.2100 ,"43,082.0000 "
2015-07-31,217.1300 ,218.9600 ,216.4000 ,216.6100 ,"36,646.0000 "
2015-08-03,216.4900 ,220.4000 ,216.4900 ,219.1000 ,"61,364.0000 "
2015-08-04,218.3500 ,218.8300 ,216.1500 ,217.6200 ,"49,520.0000 "
2015-08-05,218.0300 ,218.6000 ,217.0000 ,217.4200 ,"47,910.0000 "
2015-08-06,217.5500 ,218.4800 ,216.7000 ,217.2700 ,"50,276.0000 "
2015-08-07,217.4500 ,219.3600 ,217.0600 ,218.9500 ,"44,020.0000 "
2015-08-10,218.5500 ,219.8900 ,216.8600 ,219.6700 ,"89,126.0000 "
2015-08-11,219.3800 ,224.6500 ,219.2100 ,224.6200 ,"149,714.0000 "
2015-08-12,225.5000 ,232.8800 ,225.5000 ,231.8200 ,"143,150.0000 "
2015-08-13,231.8100 ,233.4800 ,230.6500 ,231.3000 ,"106,782.0000 "
2015-08-14,230.5500 ,231.2500 ,228.9000 ,230.3000 ,"60,684.0000 "
2015-08-17,230.6000 ,231.2000 ,228.3000 ,230.3400 ,"46,442.0000 "
2015-08-18,230.0000 ,231.0800 ,229.9100 ,230.7800 ,"32,220.0000 "
2015-08-19,230.3000 ,231.5500 ,228.6500 ,231.4700 ,"48,748.0000 "
2015-08-20,231.3000 ,235.4000 ,230.8200 ,234.4600 ,"61,188.0000 "
2015-08-21,234.5600 ,240.7900 ,234.5100 ,237.9200 ,"93,534.0000 "
2015-08-24,238.0000 ,240.1000 ,236.9000 ,238.6000 ,"72,410.0000 "
2015-08-25,238.9900 ,241.6000 ,236.4500 ,237.0400 ,"83,662.0000 "
2015-08-26,237.1300 ,238.1400 ,233.9700 ,235.3100 ,"78,470.0000 "
2015-08-27,233.0000 ,233.9700 ,231.0300 ,232.7900 ,"46,648.0000 "
2015-08-28,232.8500 ,233.9000 ,231.3100 ,233.1600 ,"47,660.0000 "
2015-08-31,232.2000 ,235.2000 ,231.9700 ,233.3400 ,"49,790.0000 "
2015-09-01,233.2800 ,234.9900 ,231.7000 ,234.7000 ,"38,318.0000 "
2015-09-02,234.5200 ,235.6200 ,233.5000 ,234.7000 ,"41,724.0000 "
2015-09-07,230.0100 ,231.2900 ,230.0000 ,230.6700 ,"24,450.0000 "
2015-09-08,230.4700 ,230.8700 ,229.6700 ,230.4700 ,"27,286.0000 "
2015-09-09,230.9000 ,231.8500 ,230.5100 ,231.0300 ,"27,344.0000 "
2015-09-10,230.2400 ,230.8800 ,227.1100 ,227.9000 ,"45,392.0000 "
2015-09-11,227.9100 ,228.7800 ,227.1200 ,228.0100 ,"35,788.0000 "
2015-09-14,227.1100 ,228.1000 ,226.1900 ,227.7100 ,"35,914.0000 "
2015-09-15,227.1200 ,228.5400 ,227.0200 ,227.7700 ,"25,276.0000 "
2015-09-16,228.3000 ,228.3000 ,227.3100 ,227.9900 ,"21,142.0000 "
2015-09-17,227.7300 ,231.4100 ,227.7300 ,230.3100 ,"44,016.0000 "
2015-09-18,229.4500 ,233.0000 ,229.4500 ,231.8700 ,"62,370.0000 "
2015-09-21,233.2200 ,233.9700 ,232.3500 ,233.9100 ,"50,142.0000 "
2015-09-22,232.4200 ,233.5000 ,232.3000 ,233.4800 ,"34,422.0000 "
2015-09-23,232.5400 ,233.0900 ,231.1000 ,232.6300 ,"62,980.0000 "
2015-09-24,233.1000 ,234.3500 ,232.7700 ,233.9000 ,"41,232.0000 "
2015-09-25,234.2000 ,237.3700 ,233.9000 ,235.2600 ,"77,870.0000 "
2015-09-28,235.4000 ,235.6000 ,233.2100 ,233.5000 ,"22,744.0000 "
2015-09-29,232.6500 ,233.0000 ,230.4200 ,230.6600 ,"52,130.0000 "
2015-09-30,231.4000 ,231.5400 ,229.3500 ,229.8800 ,"44,278.0000 "
2015-10-08,234.2000 ,234.2000 ,233.5000 ,234.1500 ,"20,890.0000 "
2015-10-09,234.1500 ,235.1600 ,232.5000 ,234.6600 ,"37,678.0000 "
2015-10-12,235.8000 ,237.6000 ,234.9000 ,237.2400 ,"57,804.0000 "
2015-10-13,237.6100 ,238.1900 ,235.0300 ,236.0700 ,"44,230.0000 "
2015-10-14,236.1800 ,239.7800 ,235.8700 ,239.7200 ,"54,110.0000 "
2015-10-15,238.2500 ,241.8500 ,237.8000 ,241.3600 ,"64,778.0000 "
2015-10-16,241.5400 ,242.4700 ,239.1300 ,240.2600 ,"60,732.0000 "
2015-10-19,240.8000 ,241.6000 ,239.2100 ,239.2500 ,"34,222.0000 "
2015-10-20,239.3600 ,240.6500 ,238.6200 ,239.7900 ,"42,346.0000 "
2015-10-21,240.1000 ,241.0000 ,239.4000 ,239.8700 ,"42,254.0000 "
2015-10-22,240.1100 ,240.4800 ,237.9000 ,238.7900 ,"52,400.0000 "
2015-10-23,238.4100 ,240.3000 ,238.1000 ,240.2200 ,"52,148.0000 "
2015-10-26,241.0000 ,241.5000 ,237.5000 ,238.0500 ,"45,998.0000 "
2015-10-27,238.5000 ,239.0400 ,237.9900 ,238.3600 ,"30,532.0000 "
2015-10-28,238.5000 ,240.0000 ,237.8000 ,239.6900 ,"40,402.0000 "
2015-10-29,240.0000 ,241.9900 ,237.0700 ,237.1000 ,"77,242.0000 "
2015-10-30,236.9500 ,236.9500 ,233.7000 ,233.8400 ,"62,754.0000 "
2015-11-02,233.6100 ,233.9800 ,231.7000 ,233.1100 ,"49,190.0000 "
2015-11-03,232.2000 ,232.7200 ,231.6600 ,232.1300 ,"31,008.0000 "
2015-11-04,231.1300 ,231.7000 ,228.0500 ,228.6500 ,"61,586.0000 "
2015-11-05,228.0900 ,229.2000 ,226.7500 ,226.9100 ,"64,208.0000 "
2015-11-06,227.0500 ,227.6300 ,226.6000 ,227.3700 ,"45,962.0000 "
2015-11-09,227.2100 ,227.6000 ,222.9100 ,224.0700 ,"77,660.0000 "
2015-11-10,224.4800 ,224.7700 ,223.4300 ,223.9900 ,"40,438.0000 "
2015-11-11,224.0100 ,224.6000 ,222.9000 ,224.2400 ,"45,814.0000 "
2015-11-12,223.6100 ,223.9200 ,223.0800 ,223.3400 ,"32,580.0000 "
2015-11-13,223.4800 ,223.9100 ,221.0200 ,223.1500 ,"65,436.0000 "
2015-11-16,223.4600 ,225.9300 ,222.5100 ,225.4800 ,"76,266.0000 "
2015-11-17,224.7200 ,225.2000 ,221.6000 ,221.9200 ,"68,994.0000 "
2015-11-18,221.7800 ,222.9000 ,219.3200 ,220.6500 ,"67,244.0000 "
2015-11-19,220.5900 ,222.0000 ,220.0000 ,221.3800 ,"47,588.0000 "
2015-11-20,221.0500 ,223.5000 ,220.2000 ,223.0700 ,"58,414.0000 "
2015-11-23,223.2000 ,223.9800 ,220.2400 ,220.8600 ,"73,776.0000 "
2015-11-24,220.9500 ,221.5500 ,219.9200 ,221.3200 ,"50,110.0000 "
2015-11-25,221.6800 ,222.9200 ,221.3200 ,222.5800 ,"64,714.0000 "
2015-11-26,221.4000 ,221.8000 ,220.5000 ,221.3100 ,"49,512.0000 "
2015-11-27,221.6000 ,221.6000 ,220.1200 ,220.6300 ,"38,930.0000 "
2015-11-30,220.0600 ,220.4400 ,217.2000 ,217.7100 ,"87,278.0000 "
2015-12-01,217.7100 ,221.9900 ,217.5200 ,221.5200 ,"74,220.0000 "
2015-12-02,220.7500 ,221.6000 ,220.0100 ,220.3300 ,"40,182.0000 "
2015-12-03,220.2000 ,220.4000 ,216.3600 ,217.5000 ,"84,438.0000 "
2015-12-04,216.9500 ,219.7900 ,216.8000 ,218.9000 ,"85,232.0000 "
2015-12-07,219.4700 ,224.7000 ,218.9000 ,224.4800 ,"122,120.0000 "
2015-12-08,223.6800 ,224.2800 ,221.1900 ,222.2300 ,"63,124.0000 "
2015-12-09,222.1000 ,223.6000 ,221.2800 ,223.2000 ,"40,960.0000 "
2015-12-10,223.6900 ,225.5000 ,222.5400 ,222.8800 ,"57,894.0000 "
2015-12-11,223.1000 ,223.2700 ,221.5000 ,222.9600 ,"39,730.0000 "
2015-12-14,221.8100 ,225.2000 ,221.5400 ,223.7000 ,"70,292.0000 "
2015-12-15,223.4500 ,224.5000 ,221.5800 ,221.8000 ,"54,512.0000 "
2015-12-16,222.2000 ,222.6900 ,221.3300 ,222.1800 ,"28,546.0000 "
2015-12-17,222.0000 ,224.2000 ,222.0000 ,223.1200 ,"62,384.0000 "
2015-12-18,222.9600 ,223.1700 ,220.2000 ,221.3100 ,"77,966.0000 "
2015-12-21,221.2800 ,224.0800 ,220.9800 ,223.6400 ,"55,748.0000 "
2015-12-22,224.2000 ,225.4600 ,223.1500 ,224.9800 ,"68,796.0000 "
2015-12-23,224.9900 ,225.7000 ,224.0000 ,224.3900 ,"34,554.0000 "
2015-12-24,224.5000 ,224.7800 ,223.7000 ,224.6000 ,"19,920.0000 "
2015-12-25,224.4800 ,225.1800 ,224.2500 ,224.9000 ,"12,934.0000 "
2015-12-28,225.0000 ,225.2300 ,223.9000 ,224.5300 ,"29,418.0000 "
2015-12-29,224.3900 ,224.9800 ,223.8600 ,224.7400 ,"61,166.0000 "
2015-12-30,224.3000 ,225.1600 ,224.1200 ,224.3000 ,"35,064.0000 "
2015-12-31,224.0200 ,224.2000 ,222.4000 ,222.9900 ,"57,674.0000 "
2016-01-04,223.7800 ,224.9600 ,223.2000 ,224.6200 ,"37,958.0000 "
2016-01-05,225.2200 ,227.2300 ,225.1700 ,226.5600 ,"68,602.0000 "
2016-01-06,227.0000 ,228.5500 ,225.9300 ,228.1400 ,"75,708.0000 "
2016-01-07,229.2000 ,234.5400 ,229.0000 ,233.1000 ,"126,790.0000 "
2016-01-08,233.5000 ,235.2600 ,233.1800 ,233.3700 ,"90,746.0000 "
2016-01-11,233.2100 ,235.0000 ,232.2800 ,234.7500 ,"92,984.0000 "
2016-01-12,234.1500 ,234.4000 ,231.4500 ,232.3500 ,"70,174.0000 "
2016-01-13,231.3100 ,231.7000 ,229.1500 ,229.2200 ,"64,588.0000 "
2016-01-14,229.3000 ,232.3900 ,228.6300 ,231.4700 ,"78,668.0000 "
2016-01-15,231.9000 ,232.3600 ,228.8800 ,230.3500 ,"83,546.0000 "
2016-01-18,230.2000 ,232.3000 ,230.0000 ,231.4100 ,"61,070.0000 "
2016-01-19,231.1200 ,231.5900 ,230.3300 ,231.2000 ,"32,442.0000 "
2016-01-20,230.2000 ,232.0900 ,230.0500 ,232.0100 ,"43,216.0000 "
2016-01-21,232.1500 ,234.8500 ,232.1500 ,234.0000 ,"67,494.0000 "
2016-01-22,233.3800 ,233.8000 ,232.1100 ,232.5000 ,"58,700.0000 "
2016-01-25,233.0000 ,233.7500 ,232.3000 ,233.6200 ,"43,226.0000 "
2016-01-26,234.4800 ,236.6600 ,233.8200 ,236.6400 ,"76,052.0000 "
2016-01-27,235.8900 ,237.7800 ,235.6100 ,237.1100 ,"77,974.0000 "
2016-01-28,236.8500 ,237.8700 ,236.5000 ,236.8500 ,"65,776.0000 "
2016-01-29,237.3200 ,237.5600 ,235.6900 ,236.2000 ,"61,952.0000 "
2016-02-01,235.5300 ,238.0000 ,235.3000 ,237.9000 ,"51,286.0000 "
2016-02-02,237.8500 ,239.1500 ,237.5000 ,238.3500 ,"49,232.0000 "
2016-02-03,238.1000 ,239.5700 ,238.1000 ,239.0000 ,"45,416.0000 "
2016-02-04,239.5000 ,241.8800 ,238.7500 ,241.8000 ,"74,366.0000 "
2016-02-05,242.1800 ,243.9800 ,242.0100 ,243.9100 ,"55,550.0000 "
2016-02-15,259.5000 ,259.5000 ,253.1000 ,253.4200 ,"85,194.0000 "
2016-02-16,252.8100 ,253.6200 ,250.0000 ,251.1900 ,"67,936.0000 "
2016-02-17,254.5600 ,254.5600 ,251.0000 ,253.7000 ,"79,506.0000 "
2016-02-18,252.3800 ,254.0600 ,252.3500 ,253.0700 ,"55,550.0000 "
2016-02-19,252.6900 ,257.7000 ,252.6900 ,256.6000 ,"84,160.0000 "
2016-02-22,257.4100 ,258.8000 ,254.6000 ,254.6000 ,"83,800.0000 "
2016-02-23,252.4900 ,256.2000 ,252.3800 ,255.8200 ,"81,728.0000 "
2016-02-24,255.5900 ,257.8500 ,254.9200 ,256.6000 ,"72,256.0000 "
2016-02-25,259.1000 ,263.2300 ,258.0000 ,260.3100 ,"140,934.0000 "
2016-02-26,259.7000 ,261.0000 ,257.8100 ,260.4200 ,"94,878.0000 "
2016-02-29,260.2500 ,260.6800 ,255.2000 ,258.8100 ,"109,382.0000 "
2016-03-01,259.0000 ,262.6000 ,258.2800 ,261.2000 ,"91,594.0000 "
2016-03-02,262.4500 ,262.8600 ,258.0800 ,258.7300 ,"99,146.0000 "
2016-03-03,259.4400 ,261.3600 ,258.5700 ,261.0900 ,"76,114.0000 "
2016-03-04,261.6100 ,264.7900 ,260.6000 ,264.6000 ,"94,788.0000 "
2016-03-07,265.6800 ,267.8000 ,262.7000 ,264.8000 ,"173,936.0000 "
2016-03-08,266.5000 ,266.6500 ,264.0000 ,266.0400 ,"92,436.0000 "
2016-03-09,267.0800 ,267.0800 ,262.1900 ,263.6700 ,"88,204.0000 "
2016-03-10,262.1100 ,263.5800 ,260.4500 ,261.2800 ,"100,024.0000 "
2016-03-11,262.0100 ,267.8900 ,259.4000 ,265.1000 ,"147,398.0000 "
2016-03-14,264.7000 ,265.3000 ,261.6800 ,262.0600 ,"74,316.0000 "
2016-03-15,262.0500 ,263.0900 ,256.6000 ,257.3000 ,"101,680.0000 "
2016-03-16,258.1200 ,259.2000 ,257.0600 ,258.9300 ,"67,290.0000 "
2016-03-17,258.5000 ,263.8800 ,257.4000 ,263.5500 ,"108,954.0000 "
2016-03-18,264.2000 ,264.9700 ,262.4000 ,262.6000 ,"70,712.0000 "
2016-03-21,260.7000 ,262.0000 ,258.8800 ,259.4000 ,"67,830.0000 "
2016-03-22,259.8800 ,261.9600 ,259.0100 ,261.9000 ,"55,944.0000 "
2016-03-23,261.0100 ,262.4500 ,257.8400 ,258.0300 ,"85,536.0000 "
2016-03-24,257.7100 ,257.7100 ,254.3000 ,254.8800 ,"100,506.0000 "
2016-03-25,255.4500 ,256.6000 ,255.3200 ,255.8200 ,"39,490.0000 "
2016-03-28,255.7000 ,256.1900 ,253.6000 ,255.2000 ,"40,560.0000 "
2016-03-29,255.3500 ,256.0000 ,254.6000 ,254.6900 ,"46,782.0000 "
2016-03-30,255.2300 ,259.3600 ,255.0300 ,258.5300 ,"80,906.0000 "
2016-03-31,257.9000 ,257.9000 ,255.0700 ,256.1000 ,"68,620.0000 "
2016-04-01,256.8700 ,257.0100 ,255.8000 ,256.9900 ,"57,236.0000 "
2016-04-05,254.5400 ,255.7500 ,254.0000 ,255.2500 ,"42,808.0000 "
2016-04-06,256.3500 ,257.2600 ,255.5500 ,255.8000 ,"48,220.0000 "
2016-04-07,255.0000 ,256.4000 ,254.6200 ,255.6000 ,"61,028.0000 "
2016-04-08,256.7000 ,258.6800 ,256.6500 ,257.1300 ,"76,330.0000 "
2016-04-11,257.2800 ,260.8400 ,256.9000 ,260.7500 ,"67,124.0000 "
2016-04-12,259.7700 ,261.6400 ,259.7100 ,261.3900 ,"59,638.0000 "
2016-04-13,262.2900 ,262.3000 ,259.6300 ,259.8100 ,"61,294.0000 "
2016-04-14,258.8200 ,260.4400 ,256.7000 ,257.4400 ,"67,734.0000 "
2016-04-15,258.1500 ,258.7000 ,255.9300 ,256.8600 ,"72,188.0000 "
2016-04-18,256.6900 ,258.2000 ,255.9300 ,257.6700 ,"50,980.0000 "
2016-04-19,258.0000 ,259.6000 ,256.1100 ,259.4100 ,"73,958.0000 "
2016-04-20,259.3500 ,261.7600 ,258.5000 ,259.8500 ,"73,764.0000 "
2016-04-21,259.9600 ,263.0000 ,259.6000 ,262.6500 ,"87,188.0000 "
2016-04-22,262.9900 ,264.9600 ,259.5000 ,260.2500 ,"94,676.0000 "
2016-04-25,260.4000 ,260.7000 ,256.7300 ,258.4700 ,"68,850.0000 "
2016-04-26,258.3900 ,259.4500 ,257.8000 ,258.2100 ,"43,406.0000 "
2016-04-27,257.5000 ,260.8000 ,256.0200 ,260.5800 ,"62,544.0000 "
2016-04-28,260.7900 ,262.1000 ,259.0000 ,261.7500 ,"92,198.0000 "
2016-04-29,262.0100 ,266.9500 ,261.1000 ,266.0400 ,"112,364.0000 "
2016-05-03,268.9900 ,270.8000 ,268.5300 ,270.3700 ,"70,746.0000 "
2016-05-04,269.7900 ,270.9600 ,267.5100 ,268.1800 ,"77,106.0000 "
2016-05-05,267.6900 ,269.9000 ,266.7700 ,267.7200 ,"69,488.0000 "
2016-05-06,268.2000 ,269.2000 ,265.7600 ,268.0700 ,"76,030.0000 "
2016-05-09,268.0000 ,270.7000 ,267.5100 ,267.9000 ,"131,470.0000 "
2016-05-10,266.8000 ,267.3900 ,264.7000 ,265.9800 ,"73,710.0000 "
2016-05-11,265.5300 ,267.1900 ,263.6000 ,266.7000 ,"66,842.0000 "
2016-05-12,267.5200 ,267.8000 ,265.8000 ,266.2900 ,"64,288.0000 "
2016-05-13,265.3100 ,268.4200 ,265.0100 ,267.2900 ,"91,678.0000 "
2016-05-16,267.7500 ,269.8000 ,265.8800 ,269.2100 ,"100,108.0000 "
2016-05-17,269.2800 ,270.4900 ,267.1000 ,267.5200 ,"81,630.0000 "
2016-05-18,267.5500 ,269.0000 ,266.6000 ,267.7000 ,"74,900.0000 "
2016-05-19,268.4000 ,268.6500 ,263.7500 ,264.0700 ,"113,954.0000 "
2016-05-20,264.0000 ,264.6500 ,262.3000 ,264.2300 ,"78,150.0000 "
2016-05-23,264.4500 ,265.4800 ,263.0300 ,263.7200 ,"68,326.0000 "
2016-05-24,263.3500 ,263.8000 ,262.0600 ,262.1200 ,"62,428.0000 "
2016-05-25,262.0000 ,262.0700 ,258.0800 ,258.2400 ,"89,586.0000 "
2016-05-26,258.2800 ,260.4500 ,257.0700 ,259.6300 ,"71,320.0000 "
2016-05-27,259.5000 ,260.1000 ,256.1000 ,257.9500 ,"99,814.0000 "
2016-05-30,257.7000 ,258.2900 ,254.1000 ,255.0900 ,"89,598.0000 "
2016-05-31,256.2200 ,257.7800 ,255.4300 ,256.9900 ,"57,204.0000 "
2016-06-01,256.9600 ,258.8400 ,256.3500 ,258.1300 ,"61,082.0000 "
2016-06-02,258.5300 ,258.6700 ,256.0700 ,257.6500 ,"62,624.0000 "
2016-06-03,257.9000 ,257.9200 ,256.6000 ,257.3000 ,"54,268.0000 "
2016-06-06,257.0000 ,262.8800 ,257.0000 ,262.3000 ,"123,406.0000 "
2016-06-07,262.7500 ,264.4800 ,262.2000 ,262.9700 ,"45,378.0000 "
2016-06-08,262.3000 ,265.1100 ,261.5700 ,265.0900 ,"60,728.0000 "
2016-06-13,270.1000 ,272.3200 ,269.7000 ,271.6200 ,"78,430.0000 "
2016-06-14,272.5000 ,273.0000 ,270.8000 ,271.3400 ,"62,456.0000 "
2016-06-15,272.1000 ,273.4900 ,271.8000 ,272.6800 ,"69,702.0000 "
2016-06-16,271.6000 ,278.0000 ,271.0500 ,277.3100 ,"133,460.0000 "
2016-06-17,276.6200 ,278.8000 ,270.3900 ,272.2100 ,"139,044.0000 "
2016-06-20,273.1700 ,274.6500 ,271.1400 ,272.0200 ,"100,818.0000 "
2016-06-21,271.2400 ,273.2000 ,271.0600 ,271.5000 ,"58,720.0000 "
2016-06-22,269.5000 ,270.1100 ,267.2600 ,268.1700 ,"85,666.0000 "
2016-06-23,268.6500 ,269.2600 ,267.5000 ,268.6600 ,"66,546.0000 "
2016-06-24,267.7900 ,283.9700 ,266.8000 ,280.6000 ,"286,072.0000 "
2016-06-27,281.6000 ,283.3500 ,278.6600 ,282.5700 ,"124,462.0000 "
2016-06-28,283.9900 ,284.3000 ,281.3600 ,281.4300 ,"82,588.0000 "
2016-06-29,280.8000 ,283.1600 ,280.5500 ,282.8100 ,"77,466.0000 "
2016-06-30,282.1900 ,283.6200 ,281.1000 ,281.7200 ,"69,688.0000 "
2016-07-01,282.0000 ,286.4800 ,281.5400 ,285.8700 ,"109,722.0000 "
2016-07-04,285.8000 ,291.6000 ,285.5600 ,289.2400 ,"153,986.0000 "
2016-07-05,290.0000 ,290.5000 ,286.6000 ,288.4500 ,"68,100.0000 "
2016-07-06,289.3800 ,295.5000 ,288.0000 ,293.8800 ,"109,656.0000 "
2016-07-07,295.4900 ,296.0000 ,293.3400 ,293.9100 ,"54,830.0000 "
2016-07-08,293.6800 ,293.8600 ,290.0800 ,291.1900 ,"95,666.0000 "
2016-07-11,291.5000 ,295.1500 ,286.8900 ,293.0000 ,"164,302.0000 "
2016-07-12,292.6000 ,293.1000 ,291.1700 ,292.0900 ,"47,674.0000 "
2016-07-13,290.5000 ,290.6000 ,286.0000 ,288.9000 ,"100,294.0000 "
2016-07-14,288.9500 ,289.9000 ,286.7400 ,287.2100 ,"60,606.0000 "
2016-07-15,285.6000 ,287.2000 ,284.3500 ,286.7000 ,"66,172.0000 "
2016-07-18,286.9800 ,287.6400 ,285.1300 ,286.1700 ,"69,192.0000 "
2016-07-19,286.0100 ,288.2900 ,285.9000 ,286.7900 ,"46,596.0000 "
2016-07-20,287.4400 ,287.7000 ,285.3100 ,285.7100 ,"64,330.0000 "
2016-07-21,284.0500 ,284.1800 ,282.0000 ,283.0600 ,"69,916.0000 "
2016-07-22,283.1000 ,286.2000 ,282.6100 ,284.6500 ,"72,264.0000 "
2016-07-25,284.3100 ,284.7000 ,282.5500 ,283.1300 ,"40,284.0000 "
2016-07-26,282.7200 ,284.6000 ,282.2000 ,283.7300 ,"44,086.0000 "
2016-07-27,283.6100 ,284.1500 ,282.7500 ,283.4000 ,"35,076.0000 "
2016-07-28,283.6500 ,287.9900 ,283.2800 ,287.6200 ,"71,824.0000 "
2016-07-29,287.9000 ,288.3500 ,285.5500 ,285.7400 ,"58,226.0000 "
2016-08-01,285.8100 ,288.7900 ,285.7500 ,288.0900 ,"75,808.0000 "
2016-08-02,288.0500 ,290.4000 ,287.9200 ,290.2400 ,"55,226.0000 "
2016-08-03,290.4300 ,291.4500 ,290.1500 ,291.0700 ,"42,702.0000 "
2016-08-04,291.2500 ,291.8000 ,288.1000 ,288.6000 ,"62,028.0000 "
2016-08-05,290.1000 ,291.9800 ,290.1000 ,291.8100 ,"58,136.0000 "
2016-08-08,291.2000 ,291.5200 ,285.5600 ,285.9900 ,"98,958.0000 "
2016-08-09,286.0000 ,286.8000 ,285.5000 ,285.6400 ,"36,960.0000 "
2016-08-10,285.6500 ,290.0500 ,285.4300 ,289.2900 ,"58,740.0000 "
2016-08-11,289.2000 ,289.9000 ,286.8000 ,287.5500 ,"57,620.0000 "
2016-08-12,287.6000 ,289.2000 ,286.0000 ,286.6900 ,"54,032.0000 "
2016-08-15,286.9800 ,289.6500 ,285.0200 ,287.1100 ,"64,334.0000 "
2016-08-16,286.9000 ,288.4000 ,285.8800 ,287.9800 ,"42,580.0000 "
2016-08-17,288.8400 ,289.3000 ,286.4000 ,286.6800 ,"62,694.0000 "
2016-08-18,286.9200 ,289.1800 ,285.5700 ,288.4300 ,"54,092.0000 "
2016-08-19,288.4500 ,288.9500 ,287.2300 ,288.3200 ,"45,602.0000 "
2016-08-22,287.7000 ,288.5500 ,285.8500 ,286.2100 ,"72,822.0000 "
2016-08-23,286.4800 ,287.3600 ,286.0800 ,286.8900 ,"36,756.0000 "
2016-08-24,286.9600 ,287.5600 ,286.5200 ,286.6400 ,"38,956.0000 "
2016-08-25,286.6300 ,287.0000 ,284.0100 ,284.6900 ,"65,900.0000 "
2016-08-26,283.8800 ,284.6500 ,282.8100 ,284.6100 ,"47,184.0000 "
2016-08-29,285.3000 ,287.9000 ,283.0000 ,283.4500 ,"99,842.0000 "
2016-08-30,283.5700 ,284.9400 ,283.4100 ,283.8700 ,"44,074.0000 "
2016-08-31,284.0300 ,284.2700 ,282.4000 ,282.6300 ,"54,838.0000 "
2016-09-01,282.8000 ,282.8100 ,281.2000 ,281.4000 ,"72,962.0000 "
2016-09-02,281.5300 ,282.6700 ,280.3000 ,282.3500 ,"74,984.0000 "
2016-09-05,282.6300 ,286.0000 ,281.2000 ,285.1600 ,"111,340.0000 "
2016-09-06,285.4700 ,285.9000 ,285.2300 ,285.8500 ,"32,848.0000 "
2016-09-07,286.6600 ,290.3000 ,286.2100 ,289.2900 ,"92,030.0000 "
2016-09-08,289.2500 ,289.5500 ,287.5000 ,289.0800 ,"47,666.0000 "
2016-09-09,288.6500 ,289.2500 ,287.3000 ,287.5600 ,"52,014.0000 "
2016-09-12,287.3300 ,287.9900 ,285.3700 ,286.1800 ,"55,952.0000 "
2016-09-13,286.1200 ,286.6900 ,284.6900 ,285.8000 ,"61,054.0000 "
2016-09-14,285.3700 ,285.8000 ,283.5600 ,284.5800 ,"58,278.0000 "
2016-09-19,281.7000 ,283.5400 ,281.7000 ,283.4900 ,"29,216.0000 "
2016-09-20,282.8700 ,283.5000 ,282.7700 ,283.3900 ,"35,760.0000 "
2016-09-21,283.3300 ,284.2500 ,282.4700 ,284.1300 ,"48,560.0000 "
2016-09-22,284.7000 ,286.7500 ,284.0100 ,286.5900 ,"83,612.0000 "
2016-09-23,286.7100 ,288.2600 ,286.5000 ,286.8300 ,"72,682.0000 "
2016-09-26,287.4100 ,287.6800 ,286.3300 ,287.0100 ,"42,368.0000 "
2016-09-27,287.2200 ,288.0000 ,286.4900 ,287.2500 ,"60,256.0000 "
2016-09-28,286.9000 ,287.1000 ,284.3800 ,284.4500 ,"64,190.0000 "
2016-09-29,285.0200 ,285.4100 ,283.6100 ,284.3800 ,"43,856.0000 "
2016-09-30,283.9200 ,284.9400 ,283.2000 ,284.7900 ,"48,292.0000 "
2016-10-10,272.5000 ,273.3500 ,271.7700 ,272.9200 ,"55,554.0000 "
2016-10-11,272.3200 ,273.3000 ,272.3200 ,273.0800 ,"52,838.0000 "
2016-10-12,272.5000 ,273.2000 ,272.2200 ,272.5900 ,"44,446.0000 "
2016-10-13,272.3500 ,273.8700 ,271.2000 ,273.2800 ,"66,148.0000 "
2016-10-14,273.4200 ,273.9900 ,272.5800 ,272.6900 ,"50,880.0000 "
2016-10-17,272.4000 ,273.3900 ,271.0300 ,272.8100 ,"57,542.0000 "
2016-10-18,272.8000 ,274.6000 ,272.5500 ,274.4900 ,"49,288.0000 "
2016-10-19,274.0500 ,274.8800 ,273.6000 ,274.4500 ,"49,176.0000 "
2016-10-20,275.9000 ,276.8300 ,275.8600 ,276.1300 ,"58,394.0000 "
2016-10-21,276.6800 ,276.9600 ,274.9700 ,275.3400 ,"69,202.0000 "
2016-10-24,276.0000 ,276.4200 ,275.7100 ,276.3800 ,"56,996.0000 "
2016-10-25,275.9600 ,277.8000 ,275.8100 ,276.9500 ,"64,146.0000 "
2016-10-26,277.1400 ,278.7500 ,277.0000 ,278.5000 ,"61,946.0000 "
2016-10-27,278.0000 ,278.1700 ,276.6500 ,277.4700 ,"48,226.0000 "
2016-10-28,277.6000 ,278.1400 ,277.1500 ,277.3800 ,"51,648.0000 "
2016-10-31,277.5000 ,280.5000 ,276.5000 ,278.8100 ,"82,830.0000 "
2016-11-01,278.4000 ,279.9500 ,278.3000 ,279.7700 ,"49,412.0000 "
2016-11-02,281.3000 ,282.4800 ,280.6300 ,282.1600 ,"71,174.0000 "
2016-11-03,282.6300 ,284.4900 ,282.4100 ,283.5200 ,"99,576.0000 "
2016-11-04,281.2500 ,300.3900 ,280.5000 ,282.6100 ,"97,340.0000 "
2016-11-07,283.2800 ,284.3800 ,281.3300 ,281.3900 ,"122,666.0000 "
2016-11-08,281.2400 ,281.7000 ,279.6000 ,280.6500 ,"61,536.0000 "
2016-11-09,280.5000 ,289.7900 ,278.8700 ,287.9900 ,"293,944.0000 "
2016-11-10,285.4500 ,286.4600 ,281.4000 ,282.4700 ,"167,770.0000 "
2016-11-11,281.8100 ,282.8200 ,275.8000 ,278.0700 ,"171,462.0000 "
2016-11-14,277.3000 ,278.3000 ,267.4300 ,271.4400 ,"208,270.0000 "
2016-11-15,271.7000 ,273.0500 ,269.6300 ,273.0000 ,"92,240.0000 "
2016-11-16,272.3100 ,274.2900 ,271.6800 ,273.4600 ,"68,218.0000 "
2016-11-17,272.9500 ,273.9900 ,272.6000 ,273.0700 ,"51,306.0000 "
2016-11-18,273.7000 ,273.9000 ,269.8100 ,270.4800 ,"93,194.0000 "
2016-11-21,270.9900 ,272.5000 ,270.0200 ,272.3900 ,"60,482.0000 "
2016-11-22,272.4600 ,273.4900 ,271.6300 ,272.8000 ,"55,816.0000 "
2016-11-23,273.1000 ,273.3500 ,271.9900 ,272.8000 ,"53,902.0000 "
2016-11-24,272.8200 ,272.9600 ,269.7500 ,270.1200 ,"110,924.0000 "
2016-11-25,270.1300 ,270.4800 ,265.2100 ,268.9600 ,"135,614.0000 "
2016-11-28,269.3000 ,271.5600 ,268.0000 ,270.5500 ,"73,518.0000 "
2016-11-29,270.2000 ,270.8000 ,268.3000 ,268.6500 ,"64,502.0000 "
2016-11-30,268.2000 ,268.7500 ,267.0800 ,267.5800 ,"63,162.0000 "
2016-12-01,267.1900 ,267.4000 ,263.3000 ,265.3500 ,"122,556.0000 "
2016-12-02,264.5000 ,265.5300 ,263.1900 ,264.9700 ,"74,114.0000 "
2016-12-05,264.5500 ,267.1000 ,263.3900 ,264.9900 ,"139,580.0000 "
2016-12-06,263.9500 ,265.8000 ,263.5700 ,264.5800 ,"86,936.0000 "
2016-12-07,264.4600 ,264.8800 ,263.9500 ,264.6100 ,"37,038.0000 "
2016-12-08,265.2500 ,267.1000 ,264.6100 ,266.2900 ,"73,960.0000 "
2016-12-09,266.3800 ,266.9500 ,264.7800 ,265.8300 ,"55,692.0000 "
2016-12-12,265.1200 ,265.6800 ,263.6700 ,264.2800 ,"61,662.0000 "
2016-12-13,265.5500 ,265.5500 ,263.6700 ,264.9800 ,"43,466.0000 "
2016-12-14,264.3800 ,265.6800 ,264.0000 ,265.4900 ,"58,254.0000 "
2016-12-15,265.5300 ,266.8000 ,261.5000 ,263.1500 ,"105,874.0000 "
2016-12-16,261.2900 ,262.7800 ,261.2500 ,261.7700 ,"90,810.0000 "
2016-12-19,262.2700 ,263.0400 ,261.7100 ,262.6700 ,"46,096.0000 "
2016-12-20,262.4500 ,262.9600 ,261.4000 ,261.8300 ,"45,578.0000 "
2016-12-21,261.6000 ,261.7900 ,258.2400 ,260.8600 ,"113,588.0000 "
2016-12-22,260.4700 ,260.9000 ,258.9300 ,259.4500 ,"51,218.0000 "
2016-12-23,259.1500 ,260.5000 ,258.3000 ,259.8800 ,"62,030.0000 "
2016-12-26,259.8800 ,260.9000 ,259.3500 ,260.8300 ,"36,632.0000 "
2016-12-27,260.8300 ,261.4000 ,260.4000 ,261.1700 ,"55,234.0000 "
2016-12-28,261.8000 ,262.3900 ,261.0000 ,261.7200 ,"52,176.0000 "
2016-12-29,261.3000 ,262.6200 ,260.8900 ,262.5300 ,"62,706.0000 "
2016-12-30,262.2500 ,265.8000 ,262.2000 ,264.3400 ,"84,776.0000 "
2017-01-03,263.2000 ,264.6000 ,262.9500 ,263.5900 ,"45,714.0000 "
2017-01-04,263.3000 ,265.0000 ,263.2400 ,264.6200 ,"64,314.0000 "
2017-01-05,264.7500 ,265.3000 ,263.7000 ,264.6600 ,"77,946.0000 "
2017-01-06,264.3700 ,265.3100 ,264.3700 ,264.7200 ,"64,976.0000 "
2017-01-09,264.9100 ,265.8100 ,264.5000 ,265.4400 ,"73,606.0000 "
2017-01-10,265.9000 ,268.4500 ,265.7300 ,268.1300 ,"94,786.0000 "
2017-01-11,268.2800 ,269.0000 ,267.9100 ,268.7500 ,"67,278.0000 "
2017-01-12,268.9000 ,269.5600 ,266.2100 ,269.3400 ,"133,676.0000 "
2017-01-13,270.0100 ,270.0500 ,268.3000 ,268.6400 ,"73,260.0000 "
2017-01-16,268.9000 ,270.6700 ,268.0500 ,270.4300 ,"73,898.0000 "
2017-01-17,270.3100 ,272.3800 ,269.9500 ,271.8900 ,"66,164.0000 "
2017-01-18,272.5900 ,272.5900 ,270.8000 ,270.9800 ,"71,134.0000 "
2017-01-19,271.0100 ,271.1000 ,267.8200 ,268.1200 ,"102,928.0000 "
2017-01-20,268.2400 ,269.2800 ,267.9300 ,269.1700 ,"57,364.0000 "
2017-01-23,268.1500 ,270.9900 ,268.1000 ,270.1800 ,"71,570.0000 "
2017-01-24,270.0300 ,270.4700 ,269.5600 ,269.7000 ,"36,872.0000 "
2017-01-25,269.6000 ,270.0000 ,267.3800 ,268.0600 ,"51,458.0000 "
2017-01-26,267.8200 ,268.2300 ,265.2500 ,266.1800 ,"52,438.0000 "
2017-02-03,269.1000 ,269.8000 ,268.5100 ,269.1800 ,"25,194.0000 "
2017-02-06,268.7000 ,272.0000 ,268.0300 ,271.6900 ,"85,692.0000 "
2017-02-07,272.2500 ,274.5400 ,272.2000 ,274.1500 ,"99,944.0000 "
2017-02-08,273.6300 ,275.1800 ,273.6000 ,274.5400 ,"75,498.0000 "
2017-02-09,275.5000 ,276.9900 ,275.3000 ,276.2900 ,"77,922.0000 "
2017-02-10,275.8500 ,276.8000 ,272.7200 ,272.8400 ,"90,622.0000 "
2017-02-13,273.5100 ,275.1500 ,273.2000 ,274.4700 ,"77,382.0000 "
2017-02-14,274.4100 ,274.4100 ,272.5100 ,273.8600 ,"61,304.0000 "
2017-02-15,273.9500 ,274.6000 ,272.6600 ,273.1500 ,"66,762.0000 "
2017-02-16,273.4900 ,275.3500 ,272.1300 ,274.7900 ,"92,882.0000 "
2017-02-17,275.5500 ,276.0000 ,275.1500 ,275.9400 ,"48,936.0000 "
2017-02-20,276.5000 ,276.8000 ,274.7000 ,275.3300 ,"63,628.0000 "
2017-02-21,275.6800 ,275.7500 ,274.9500 ,275.4900 ,"52,276.0000 "
2017-02-22,274.9600 ,276.0800 ,274.2000 ,275.5900 ,"76,802.0000 "
2017-02-23,275.9600 ,276.2200 ,275.0000 ,275.9900 ,"60,936.0000 "
2017-02-24,276.2600 ,279.8000 ,275.8100 ,279.7700 ,"128,748.0000 "
2017-02-27,280.3500 ,280.6600 ,278.9000 ,280.3600 ,"71,538.0000 "
2017-02-28,279.8100 ,281.4700 ,279.2400 ,279.4800 ,"62,924.0000 "
2017-03-01,279.3700 ,280.2100 ,277.2200 ,277.5600 ,"86,420.0000 "
2017-03-02,277.5600 ,278.5500 ,276.7200 ,278.1200 ,"75,102.0000 "
2017-03-03,277.5500 ,277.8000 ,275.5500 ,275.9800 ,"106,274.0000 "
2017-03-06,275.3900 ,277.2000 ,275.3200 ,276.2800 ,"71,844.0000 "
2017-03-07,275.9000 ,276.5000 ,275.0000 ,275.0200 ,"64,066.0000 "
2017-03-08,275.0000 ,275.1800 ,273.5100 ,273.5300 ,"75,006.0000 "
2017-03-09,273.5000 ,273.8000 ,271.5400 ,272.0700 ,"90,604.0000 "
2017-03-10,271.6400 ,272.9400 ,270.0700 ,270.1300 ,"91,784.0000 "
2017-03-13,270.1000 ,272.6000 ,269.7100 ,272.4600 ,"129,642.0000 "
2017-03-14,271.6300 ,272.0900 ,271.0800 ,271.0900 ,"61,520.0000 "
2017-03-15,271.8300 ,272.1800 ,270.9000 ,271.3900 ,"73,322.0000 "
2017-03-16,271.3000 ,276.0800 ,270.7000 ,275.6400 ,"134,934.0000 "
2017-03-17,275.9000 ,276.4000 ,275.3500 ,275.6300 ,"72,976.0000 "
2017-03-20,276.3000 ,277.2900 ,275.7000 ,277.1500 ,"63,186.0000 "
2017-03-21,276.7800 ,277.2500 ,275.5300 ,275.8300 ,"82,292.0000 "
2017-03-22,276.4500 ,278.7500 ,276.1700 ,278.3700 ,"112,856.0000 "
2017-03-23,278.1500 ,278.6900 ,277.5000 ,278.2600 ,"71,714.0000 "
2017-03-24,278.2300 ,279.4000 ,277.3800 ,277.9900 ,"83,010.0000 "
2017-03-27,278.1000 ,280.9000 ,277.6800 ,280.5100 ,"84,894.0000 "
2017-03-28,280.7500 ,281.3000 ,280.0600 ,280.3800 ,"79,608.0000 "
2017-03-29,280.9000 ,281.0300 ,279.2000 ,279.6300 ,"71,320.0000 "
2017-03-30,280.1100 ,280.1500 ,279.2500 ,279.6200 ,"59,706.0000 "
2017-03-31,279.5900 ,279.6600 ,277.6200 ,277.6400 ,"89,902.0000 "
2017-04-05,280.3100 ,280.7200 ,279.7200 ,280.4000 ,"47,258.0000 "
2017-04-06,279.9400 ,280.7800 ,278.7600 ,280.2300 ,"104,596.0000 "
2017-04-07,279.8800 ,284.4800 ,279.6200 ,282.6200 ,"160,220.0000 "
2017-04-10,282.7200 ,284.9400 ,280.3300 ,281.2200 ,"149,442.0000 "
2017-04-11,280.6400 ,281.8200 ,280.0400 ,281.4400 ,"85,020.0000 "
2017-04-12,281.5000 ,285.6800 ,281.5000 ,284.4900 ,"153,950.0000 "
2017-04-13,284.5300 ,287.0000 ,284.1500 ,286.3800 ,"123,146.0000 "
2017-04-14,286.8000 ,286.8900 ,285.9000 ,286.7100 ,"76,328.0000 "
2017-04-17,286.5200 ,288.6700 ,286.3000 ,286.7700 ,"105,856.0000 "
2017-04-18,286.5000 ,287.0400 ,285.5300 ,285.8800 ,"93,550.0000 "
2017-04-19,286.0000 ,286.7900 ,284.7000 ,285.6900 ,"119,310.0000 "
2017-04-20,285.1200 ,286.0800 ,284.5500 ,285.4000 ,"83,992.0000 "
2017-04-21,285.3600 ,285.7500 ,284.8000 ,285.2500 ,"72,558.0000 "
2017-04-24,285.7500 ,287.1000 ,283.0300 ,283.4600 ,"143,294.0000 "
2017-04-25,283.1500 ,283.7400 ,282.4300 ,283.2900 ,"104,234.0000 "
2017-04-26,282.8000 ,283.1800 ,281.8800 ,282.1600 ,"102,290.0000 "
2017-04-27,282.4000 ,282.9900 ,281.8600 ,282.5100 ,"77,490.0000 "
2017-04-28,282.3100 ,283.2000 ,282.1500 ,283.1800 ,"66,118.0000 "
2017-05-02,281.3500 ,281.6500 ,280.6600 ,280.8300 ,"51,486.0000 "
2017-05-03,280.7500 ,280.7500 ,279.8600 ,280.0800 ,"56,772.0000 "
2017-05-04,279.9500 ,280.1800 ,275.3000 ,276.0300 ,"144,242.0000 "
2017-05-05,275.6600 ,276.4000 ,273.8000 ,275.6400 ,"106,744.0000 "
2017-05-08,275.7500 ,276.1500 ,274.5000 ,275.3200 ,"101,870.0000 "
2017-05-09,275.5300 ,276.0900 ,274.3000 ,274.8300 ,"77,060.0000 "
2017-05-10,274.2900 ,274.5900 ,272.5200 ,273.5300 ,"94,494.0000 "
2017-05-11,273.9600 ,274.2800 ,273.2000 ,274.0100 ,"71,690.0000 "
2017-05-12,274.4400 ,275.2500 ,273.6500 ,275.0700 ,"77,724.0000 "
2017-05-15,275.1000 ,275.9800 ,274.6000 ,275.9200 ,"73,596.0000 "
2017-05-16,276.0100 ,277.0800 ,276.0000 ,276.4900 ,"90,148.0000 "
2017-05-17,276.7000 ,277.7100 ,276.1800 ,277.5400 ,"73,956.0000 "
2017-05-18,278.1600 ,281.1000 ,278.1600 ,279.9900 ,"143,166.0000 "
2017-05-19,280.3000 ,281.0200 ,278.5000 ,279.1400 ,"96,018.0000 "
2017-05-22,279.6500 ,280.1400 ,278.8800 ,279.9500 ,"60,594.0000 "
2017-05-23,280.2200 ,281.5000 ,279.9500 ,281.2000 ,"75,818.0000 "
2017-05-24,280.9300 ,281.5800 ,278.3200 ,278.4900 ,"99,074.0000 "
2017-05-25,278.8700 ,280.3900 ,278.4000 ,279.9600 ,"78,454.0000 "
2017-05-26,282.5000 ,282.5000 ,278.7700 ,280.3100 ,"69,294.0000 "
2017-05-31,280.0000 ,280.0900 ,278.7500 ,278.9500 ,"47,884.0000 "
2017-06-01,279.0000 ,279.9000 ,278.5800 ,278.8800 ,"67,868.0000 "
2017-06-02,278.6000 ,278.9900 ,277.7500 ,277.9600 ,"65,544.0000 "
2017-06-05,278.0000 ,282.0400 ,277.7000 ,281.6400 ,"150,994.0000 "
2017-06-06,281.8000 ,283.4800 ,281.2500 ,283.2700 ,"79,914.0000 "
2017-06-07,283.8000 ,284.1800 ,283.2600 ,283.8000 ,"79,768.0000 "
2017-06-08,283.3500 ,283.8500 ,282.5200 ,282.7500 ,"75,376.0000 "
2017-06-09,282.2200 ,282.5900 ,279.6000 ,279.9100 ,"103,906.0000 "
2017-06-12,280.0000 ,280.0700 ,278.5200 ,278.6600 ,"67,828.0000 "
2017-06-13,278.8000 ,279.1000 ,277.9500 ,278.2900 ,"67,798.0000 "
2017-06-14,278.2000 ,279.5000 ,277.5600 ,279.1500 ,"85,630.0000 "
2017-06-15,278.8100 ,281.9300 ,277.2000 ,277.3500 ,"152,586.0000 "
2017-06-16,276.5000 ,277.0000 ,275.8800 ,276.8300 ,"81,172.0000 "
2017-06-19,276.7500 ,277.2500 ,276.0000 ,276.1000 ,"54,270.0000 "
2017-06-20,276.1000 ,276.5900 ,275.1800 ,275.8200 ,"76,210.0000 "
2017-06-21,275.3400 ,275.9900 ,274.8000 ,275.6200 ,"68,658.0000 "
2017-06-22,275.4800 ,277.5800 ,274.8100 ,277.1900 ,"81,116.0000 "
2017-06-23,276.8700 ,277.8800 ,276.6500 ,277.5200 ,"73,922.0000 "
2017-06-26,278.5700 ,278.5800 ,277.8000 ,277.8000 ,"59,054.0000 "
2017-06-27,275.4900 ,276.6000 ,274.6100 ,276.4000 ,"100,428.0000 "
2017-06-28,276.1900 ,276.4600 ,275.4600 ,275.7500 ,"84,476.0000 "
2017-06-29,276.3900 ,276.7000 ,274.7600 ,274.8700 ,"77,666.0000 "
2017-06-30,274.0600 ,274.4600 ,272.7500 ,272.8100 ,"105,458.0000 "
2017-07-03,273.5000 ,279.0000 ,271.1300 ,271.5700 ,"55,412.0000 "
2017-07-04,271.1600 ,271.3800 ,268.9000 ,269.9600 ,"102,616.0000 "
2017-07-05,269.8400 ,270.6000 ,269.3700 ,269.9000 ,"55,626.0000 "
2017-07-06,269.2000 ,270.4700 ,268.5800 ,269.9300 ,"58,048.0000 "
2017-07-07,269.7000 ,270.7300 ,269.0000 ,269.5200 ,"55,050.0000 "
2017-07-10,269.9700 ,270.5700 ,265.5100 ,265.6700 ,"124,922.0000 "
2017-07-11,267.0500 ,267.9700 ,266.3200 ,267.2400 ,"67,562.0000 "
2017-07-12,267.0000 ,268.9000 ,266.6600 ,268.5000 ,"64,694.0000 "
2017-07-13,268.5000 ,269.7400 ,267.5800 ,268.8100 ,"65,880.0000 "
2017-07-14,268.6400 ,269.0000 ,267.3200 ,267.5000 ,"59,034.0000 "
2017-07-17,268.4900 ,270.4900 ,268.2000 ,270.2400 ,"73,190.0000 "
2017-07-18,271.0500 ,271.4000 ,270.4600 ,270.7900 ,"62,374.0000 "
2017-07-19,270.9300 ,271.8000 ,270.8900 ,271.3800 ,"49,044.0000 "
2017-07-20,271.5900 ,271.8800 ,271.1000 ,271.3100 ,"44,616.0000 "
2017-07-21,271.0000 ,273.1400 ,270.8500 ,273.0200 ,"62,616.0000 "
2017-07-24,273.6000 ,274.4500 ,273.3000 ,273.6900 ,"61,052.0000 "
2017-07-25,274.2000 ,274.5000 ,273.4200 ,273.8900 ,"42,354.0000 "
2017-07-26,272.9400 ,273.7300 ,271.5600 ,271.9500 ,"61,172.0000 "
2017-07-27,272.0100 ,275.2900 ,271.6500 ,274.7800 ,"68,740.0000 "
2017-07-28,274.8500 ,275.3400 ,273.9000 ,274.2700 ,"48,996.0000 "
2017-07-31,274.3900 ,276.0000 ,274.3900 ,275.1400 ,"75,978.0000 "
2017-08-01,275.6000 ,275.7400 ,275.0200 ,275.2500 ,"39,048.0000 "
2017-08-02,274.9600 ,276.0500 ,274.4000 ,274.8500 ,"67,498.0000 "
2017-08-03,274.9700 ,275.7400 ,273.5200 ,273.6000 ,"73,746.0000 "
2017-08-04,274.7300 ,275.5000 ,274.4000 ,275.4700 ,"64,266.0000 "
2017-08-07,275.3000 ,275.5500 ,272.8100 ,273.1100 ,"86,652.0000 "
2017-08-08,272.7800 ,273.4700 ,272.5200 ,272.9500 ,"56,542.0000 "
2017-08-09,273.6000 ,274.0900 ,271.6000 ,273.9300 ,"88,808.0000 "
2017-08-10,274.2400 ,275.8000 ,274.2300 ,275.4000 ,"78,820.0000 "
2017-08-11,275.9300 ,277.2500 ,275.8300 ,276.8300 ,"82,350.0000 "
2017-08-14,277.1500 ,277.7800 ,275.8100 ,276.6100 ,"59,958.0000 "
2017-08-15,275.9500 ,276.7500 ,274.4200 ,274.7500 ,"60,904.0000 "
2017-08-16,274.5000 ,274.9600 ,273.6500 ,274.3500 ,"50,086.0000 "
2017-08-17,274.4000 ,277.4500 ,273.9000 ,277.1600 ,"66,284.0000 "
2017-08-18,276.7100 ,278.6000 ,276.1600 ,278.4900 ,"59,990.0000 "
2017-08-21,278.7200 ,279.7100 ,276.2500 ,277.3300 ,"85,916.0000 "
2017-08-22,277.3800 ,278.2500 ,276.2300 ,276.4900 ,"66,638.0000 "
2017-08-23,276.7000 ,277.9000 ,276.0400 ,276.8700 ,"52,104.0000 "
2017-08-24,277.5000 ,277.6000 ,276.8400 ,276.9500 ,"45,338.0000 "
2017-08-25,276.7400 ,277.5000 ,276.5300 ,276.9000 ,"41,880.0000 "
2017-08-28,277.0800 ,278.2600 ,274.6300 ,278.1400 ,"95,412.0000 "
2017-08-29,278.1700 ,281.4500 ,277.6100 ,281.1600 ,"103,392.0000 "
2017-08-30,281.3200 ,281.9900 ,278.0000 ,278.1200 ,"90,636.0000 "
2017-08-31,278.3000 ,279.0800 ,277.2900 ,278.0000 ,"60,586.0000 "
2017-09-01,278.1000 ,280.3000 ,278.0500 ,279.6200 ,"87,630.0000 "
2017-09-04,279.8000 ,282.1900 ,279.2000 ,281.9900 ,"136,786.0000 "
2017-09-05,281.2000 ,281.8500 ,280.9000 ,281.3200 ,"66,542.0000 "
2017-09-06,280.6500 ,282.2500 ,280.6500 ,282.2000 ,"80,972.0000 "
2017-09-07,282.0200 ,282.1000 ,280.8000 ,281.1000 ,"81,504.0000 "
2017-09-08,281.3400 ,282.2000 ,280.7100 ,281.7600 ,"93,752.0000 "
2017-09-11,282.0000 ,282.0500 ,280.6600 ,280.9200 ,"80,688.0000 "
2017-09-12,280.7000 ,281.1800 ,279.3800 ,279.6200 ,"63,618.0000 "
2017-09-13,279.5000 ,280.4500 ,279.5000 ,280.2200 ,"44,006.0000 "
2017-09-14,280.6800 ,280.6800 ,279.1400 ,279.6400 ,"70,472.0000 "
2017-09-15,279.8500 ,281.1500 ,278.8000 ,280.2800 ,"91,550.0000 "
2017-09-18,279.6000 ,280.3500 ,278.3800 ,278.6700 ,"81,128.0000 "
2017-09-19,278.5100 ,278.7900 ,277.5100 ,278.3500 ,"58,950.0000 "
2017-09-20,278.5000 ,278.7500 ,278.0000 ,278.6100 ,"44,512.0000 "
2017-09-21,278.9600 ,279.1800 ,275.8500 ,276.0500 ,"97,968.0000 "
2017-09-22,275.6000 ,276.8000 ,275.1500 ,276.7600 ,"74,566.0000 "
2017-09-25,276.3000 ,276.4300 ,275.5000 ,276.2000 ,"51,414.0000 "
2017-09-26,276.6000 ,280.5100 ,276.1700 ,280.0100 ,"98,448.0000 "
2017-09-27,279.1500 ,279.7000 ,277.5000 ,277.6100 ,"78,454.0000 "
2017-09-28,277.5000 ,277.5500 ,276.0800 ,276.6100 ,"69,024.0000 "
2017-09-29,277.0000 ,277.6000 ,276.4000 ,277.5900 ,"80,740.0000 "
2017-10-09,275.5000 ,276.5500 ,275.1300 ,275.9000 ,"79,874.0000 "
2017-10-10,276.1000 ,276.3500 ,275.4500 ,275.7700 ,"70,150.0000 "
2017-10-11,276.2400 ,276.4000 ,274.8000 ,274.8000 ,"55,598.0000 "
2017-10-12,275.4500 ,276.5400 ,274.6200 ,276.1600 ,"61,518.0000 "
2017-10-13,276.0000 ,276.3800 ,275.4500 ,276.2300 ,"41,232.0000 "
2017-10-16,275.8000 ,277.8800 ,275.7000 ,277.7800 ,"82,978.0000 "
2017-10-17,277.9200 ,278.0000 ,275.9500 ,276.3000 ,"80,826.0000 "
2017-10-18,276.1600 ,276.3400 ,274.9800 ,275.2600 ,"72,042.0000 "
2017-10-19,274.6000 ,275.2600 ,274.2200 ,274.7300 ,"75,130.0000 "
2017-10-20,275.3400 ,275.6600 ,274.6000 ,274.7200 ,"68,898.0000 "
2017-10-23,275.0600 ,275.0900 ,273.7200 ,273.7800 ,"70,988.0000 "
2017-10-24,273.8100 ,275.0100 ,273.4500 ,274.6400 ,"68,362.0000 "
2017-10-25,273.9900 ,274.3000 ,273.5000 ,273.5900 ,"67,298.0000 "
2017-10-26,273.7000 ,274.6900 ,273.4000 ,274.4300 ,"70,102.0000 "
2017-10-27,273.9000 ,274.5100 ,272.5900 ,272.6700 ,"85,440.0000 "
2017-10-30,272.7000 ,273.6000 ,272.2100 ,273.0500 ,"73,448.0000 "
2017-10-31,272.9300 ,273.9500 ,272.9300 ,273.8000 ,"65,092.0000 "
2017-11-01,273.3500 ,273.6800 ,272.4500 ,273.1500 ,"81,844.0000 "
2017-11-02,273.2900 ,273.3000 ,272.5400 ,272.9100 ,"75,440.0000 "
2017-11-03,272.6100 ,273.9600 ,272.6100 ,273.2900 ,"63,728.0000 "
2017-11-06,273.2500 ,273.9900 ,272.6300 ,272.8100 ,"97,704.0000 "
2017-11-07,273.1000 ,274.6000 ,273.0300 ,274.1800 ,"82,018.0000 "
2017-11-08,273.9700 ,274.6200 ,273.7000 ,274.5000 ,"69,432.0000 "
2017-11-09,274.7000 ,275.5400 ,274.4300 ,275.4000 ,"82,530.0000 "
2017-11-10,275.8000 ,276.4200 ,275.6800 ,276.0000 ,"62,490.0000 "
2017-11-13,276.0500 ,276.3500 ,274.6200 ,274.8500 ,"78,442.0000 "
2017-11-14,275.0900 ,275.2500 ,274.4300 ,274.4600 ,"60,990.0000 "
2017-11-15,273.9000 ,275.2000 ,273.5500 ,275.1300 ,"97,314.0000 "
2017-11-16,275.4900 ,275.6000 ,274.0200 ,274.1300 ,"90,284.0000 "
2017-11-17,274.2800 ,275.0000 ,274.2100 ,274.7000 ,"52,318.0000 "
2017-11-20,275.0500 ,276.4500 ,274.7400 ,276.2700 ,"105,756.0000 "
2017-11-21,276.2500 ,276.4800 ,274.5000 ,274.6900 ,"94,050.0000 "
2017-11-22,274.7000 ,275.4200 ,274.2000 ,274.6700 ,"57,170.0000 "
2017-11-23,274.6700 ,275.4800 ,274.6700 ,275.0700 ,"64,980.0000 "
2017-11-24,275.0900 ,275.1800 ,274.4500 ,275.0400 ,"50,060.0000 "
2017-11-27,274.7900 ,275.2600 ,274.5000 ,275.2200 ,"59,854.0000 "
2017-11-28,275.5100 ,276.4000 ,275.1000 ,275.7400 ,"104,112.0000 "
2017-11-29,275.8400 ,276.1800 ,275.2000 ,276.0300 ,"56,970.0000 "
2017-11-30,275.9400 ,275.9400 ,274.0200 ,274.2300 ,"89,596.0000 "
2017-12-01,274.2000 ,274.2000 ,272.2700 ,272.5400 ,"68,156.0000 "
2017-12-04,272.5500 ,274.4700 ,271.5600 ,272.2800 ,"86,144.0000 "
2017-12-05,272.2800 ,273.0000 ,272.1600 ,272.6000 ,"51,120.0000 "
2017-12-06,272.6000 ,272.8000 ,270.4300 ,271.2700 ,"79,054.0000 "
2017-12-07,270.9300 ,271.2000 ,268.6000 ,269.0500 ,"75,882.0000 "
2017-12-08,268.6500 ,268.8900 ,267.2200 ,267.4000 ,"66,224.0000 "
2017-12-11,267.2000 ,268.0200 ,266.3500 ,267.9900 ,"82,812.0000 "
2017-12-12,267.9700 ,267.9700 ,266.6600 ,267.0500 ,"52,608.0000 "
2017-12-13,266.8100 ,267.1800 ,266.1500 ,266.8800 ,"46,860.0000 "
2017-12-14,266.7500 ,269.9900 ,266.6500 ,269.5700 ,"74,052.0000 "
2017-12-15,269.5300 ,269.9000 ,268.7600 ,269.3900 ,"43,502.0000 "
2017-12-18,269.5000 ,270.3000 ,269.0000 ,269.5800 ,"61,732.0000 "
2017-12-19,270.1000 ,271.1100 ,269.5000 ,270.9300 ,"83,518.0000 "
2017-12-20,270.8400 ,271.0300 ,270.0400 ,270.3100 ,"53,542.0000 "
2017-12-21,270.4500 ,270.4900 ,269.6600 ,269.8800 ,"49,536.0000 "
2017-12-22,269.9000 ,270.2700 ,269.5000 ,270.1900 ,"49,526.0000 "
2017-12-25,270.3500 ,271.7700 ,270.0900 ,271.5000 ,"64,296.0000 "
2017-12-26,271.7000 ,271.8000 ,271.0100 ,271.6500 ,"45,684.0000 "
2017-12-27,271.6500 ,272.6800 ,271.4500 ,272.6500 ,"54,898.0000 "
2017-12-28,272.8300 ,273.8800 ,272.6000 ,273.4000 ,"63,244.0000 "
2017-12-29,273.5000 ,273.7000 ,272.9000 ,273.0100 ,"54,756.0000 "
2018-01-02,274.8100 ,275.1900 ,274.3000 ,275.0200 ,"35,706.0000 "
2018-01-03,275.0300 ,276.9700 ,275.0300 ,276.0600 ,"62,130.0000 "
2018-01-04,276.3300 ,276.5800 ,274.5000 ,275.1800 ,"50,908.0000 "
2018-01-05,275.4100 ,276.8600 ,274.7300 ,276.1900 ,"57,044.0000 "
2018-01-08,276.0000 ,276.9500 ,275.8000 ,276.4900 ,"53,970.0000 "
2018-01-09,276.8500 ,277.3200 ,276.4800 ,277.1300 ,"47,950.0000 "
2018-01-10,277.0000 ,277.4000 ,276.4000 ,276.6400 ,"37,478.0000 "
2018-01-11,278.0000 ,278.8800 ,277.3000 ,277.6100 ,"53,392.0000 "
2018-01-12,277.8800 ,278.4900 ,277.6000 ,278.3200 ,"42,410.0000 "
2018-01-15,278.4100 ,279.2900 ,277.2000 ,279.2200 ,"65,610.0000 "
2018-01-16,279.2200 ,279.3000 ,278.6200 ,278.7300 ,"36,302.0000 "
2018-01-17,278.1500 ,278.8800 ,277.6200 ,277.6500 ,"48,604.0000 "
2018-01-18,278.2000 ,278.2000 ,275.7100 ,275.9900 ,"45,350.0000 "
2018-01-19,276.2700 ,276.3800 ,275.3600 ,275.5500 ,"43,822.0000 "
2018-01-22,276.0200 ,276.3000 ,275.6900 ,275.8000 ,"35,954.0000 "
2018-01-23,276.0700 ,276.9000 ,275.8500 ,276.8100 ,"35,990.0000 "
2018-01-24,276.9000 ,277.8200 ,276.3300 ,277.7600 ,"49,478.0000 "
2018-01-25,278.3000 ,279.2000 ,277.9400 ,278.8400 ,"68,302.0000 "
2018-01-26,278.4000 ,278.4800 ,276.7100 ,277.3700 ,"66,656.0000 "
2018-01-29,277.1800 ,277.3800 ,275.6700 ,275.8400 ,"46,238.0000 "
2018-01-30,275.9500 ,276.0500 ,273.5100 ,273.8600 ,"64,756.0000 "
2018-01-31,274.8700 ,275.2200 ,273.6800 ,273.8700 ,"54,760.0000 "
2018-02-01,273.5900 ,274.0000 ,273.0300 ,273.3100 ,"47,306.0000 "
2018-02-02,272.8000 ,273.9900 ,272.7200 ,273.7200 ,"39,406.0000 "
2018-02-05,273.5500 ,273.7600 ,271.1000 ,271.4200 ,"76,796.0000 "
2018-02-06,271.9300 ,274.4100 ,271.1200 ,273.1000 ,"63,510.0000 "
2018-02-07,272.9500 ,272.9500 ,268.9000 ,269.5900 ,"70,122.0000 "
2018-02-08,269.6000 ,269.6000 ,267.4900 ,269.0800 ,"69,522.0000 "
2018-02-09,269.0000 ,271.1500 ,268.3300 ,269.1600 ,"57,204.0000 "
2018-02-12,268.3200 ,270.0000 ,267.8800 ,269.8400 ,"52,714.0000 "
2018-02-13,269.8100 ,271.3000 ,269.3600 ,271.0900 ,"37,480.0000 "
2018-02-14,271.6500 ,273.2000 ,270.6000 ,272.7800 ,"35,816.0000 "
2018-02-22,271.3500 ,271.8700 ,270.6500 ,271.2300 ,"25,296.0000 "
2018-02-23,271.2400 ,272.3000 ,271.2300 ,271.8000 ,"27,844.0000 "
2018-02-26,272.1700 ,273.4500 ,271.6900 ,273.3900 ,"33,826.0000 "
2018-02-27,273.3300 ,273.3300 ,271.8000 ,272.1900 ,"34,246.0000 "
2018-02-28,272.1900 ,272.1900 ,269.6300 ,270.0200 ,"46,756.0000 "
2018-03-01,270.0200 ,270.5600 ,269.3000 ,269.4900 ,"27,508.0000 "
2018-03-02,269.1900 ,270.9000 ,268.6000 ,270.8000 ,"45,960.0000 "
2018-03-05,271.1800 ,271.8800 ,270.4500 ,271.7900 ,"40,532.0000 "
2018-03-06,271.2900 ,271.5400 ,270.5000 ,271.0000 ,"28,616.0000 "
2018-03-07,271.9000 ,273.1400 ,271.5100 ,272.2100 ,"58,602.0000 "
2018-03-08,272.0000 ,272.3400 ,271.1500 ,271.9800 ,"32,322.0000 "
2018-03-09,271.3800 ,271.9600 ,270.2800 ,270.3700 ,"35,774.0000 "
2018-03-12,270.4300 ,271.0100 ,269.5000 ,270.6400 ,"50,312.0000 "
2018-03-13,269.7000 ,270.7800 ,269.5100 ,270.3000 ,"35,128.0000 "
2018-03-14,270.3900 ,271.5200 ,269.5000 ,270.9200 ,"50,238.0000 "
2018-03-15,270.8300 ,271.0900 ,270.3600 ,270.7700 ,"32,614.0000 "
2018-03-16,270.3000 ,270.6700 ,269.2500 ,269.7300 ,"43,696.0000 "
2018-03-19,270.0300 ,270.2500 ,268.1000 ,268.3900 ,"50,788.0000 "
2018-03-20,268.2100 ,269.6300 ,268.2100 ,269.2500 ,"32,942.0000 "
2018-03-21,268.9000 ,269.4600 ,268.3100 ,269.4500 ,"36,850.0000 "
2018-03-22,269.4000 ,272.3800 ,269.2200 ,271.9400 ,"74,882.0000 "
2018-03-23,272.0100 ,274.7800 ,271.5600 ,274.7700 ,"98,574.0000 "
2018-03-26,274.4000 ,275.4800 ,274.0000 ,274.1800 ,"70,046.0000 "
2018-03-27,274.5000 ,274.8600 ,273.7900 ,274.2300 ,"48,568.0000 "
2018-03-28,273.5400 ,273.6600 ,272.2500 ,272.3000 ,"50,436.0000 "
2018-03-29,271.8000 ,272.0900 ,269.3300 ,269.9000 ,"70,368.0000 "
2018-03-30,269.8800 ,270.3400 ,269.2000 ,270.2300 ,"27,764.0000 "
2018-04-02,270.4700 ,270.7600 ,269.7700 ,270.7300 ,"43,074.0000 "
2018-04-03,271.0000 ,272.8000 ,270.9000 ,272.1300 ,"52,180.0000 "
2018-04-04,271.8200 ,272.3200 ,270.4500 ,271.8200 ,"52,600.0000 "
2018-04-09,271.9000 ,271.9000 ,271.1300 ,271.2700 ,"32,284.0000 "
2018-04-10,271.4500 ,272.5600 ,271.1500 ,271.6300 ,"46,230.0000 "
2018-04-11,272.0800 ,272.9600 ,271.5600 ,272.8200 ,"53,008.0000 "
2018-04-12,273.8100 ,275.2000 ,273.1500 ,274.0600 ,"102,678.0000 "
2018-04-13,273.3500 ,273.4900 ,271.7800 ,272.1100 ,"79,270.0000 "
2018-04-16,271.6500 ,273.6000 ,271.4200 ,272.6800 ,"54,886.0000 "
2018-04-17,272.8800 ,273.4800 ,272.4300 ,273.1800 ,"41,620.0000 "
2018-04-18,272.7500 ,273.4300 ,272.1000 ,273.0300 ,"45,024.0000 "
2018-04-19,273.7000 ,274.4500 ,273.4500 ,274.0000 ,"59,536.0000 "
2018-04-20,273.8200 ,273.9900 ,272.5000 ,272.6600 ,"48,006.0000 "
2018-04-23,272.6000 ,273.1300 ,271.0500 ,271.3400 ,"63,316.0000 "
2018-04-24,270.7200 ,271.2000 ,270.3000 ,270.9200 ,"61,688.0000 "
2018-04-25,270.7500 ,271.4800 ,270.4000 ,270.4500 ,"41,488.0000 "
2018-04-26,269.6000 ,271.0000 ,269.6000 ,270.9700 ,"42,556.0000 "
2018-04-27,270.5700 ,270.8600 ,269.7400 ,270.2000 ,"56,016.0000 "
2018-05-02,268.5000 ,269.7300 ,268.0800 ,269.6500 ,"35,688.0000 "
2018-05-03,269.4300 ,270.1700 ,268.7000 ,269.3600 ,"43,720.0000 "
2018-05-04,270.5900 ,270.6000 ,269.1800 ,269.3500 ,"38,662.0000 "
2018-05-07,269.3500 ,270.8400 ,269.3100 ,269.9200 ,"51,046.0000 "
2018-05-08,269.9000 ,270.5000 ,269.8700 ,270.1600 ,"30,680.0000 "
2018-05-09,270.0000 ,270.9500 ,269.1300 ,269.5000 ,"48,752.0000 "
2018-05-10,269.9000 ,270.5400 ,269.7200 ,269.9100 ,"40,852.0000 "
2018-05-11,270.5900 ,270.8500 ,270.0000 ,270.6000 ,"40,762.0000 "
2018-05-14,270.8200 ,270.9500 ,270.2000 ,270.4600 ,"34,306.0000 "
2018-05-15,270.1400 ,270.4400 ,269.0500 ,269.2600 ,"47,052.0000 "
2018-05-16,268.8500 ,268.8900 ,266.0200 ,266.8400 ,"66,132.0000 "
2018-05-17,265.5000 ,266.1300 ,265.1000 ,265.3000 ,"54,506.0000 "
2018-05-18,265.2900 ,265.8000 ,265.2200 ,265.5500 ,"28,370.0000 "
2018-05-21,265.5000 ,266.3300 ,264.7100 ,264.9800 ,"37,170.0000 "
2018-05-22,265.0700 ,265.9600 ,264.9100 ,265.8100 ,"36,614.0000 "
2018-05-23,266.2000 ,266.4800 ,265.6800 ,266.4100 ,"31,384.0000 "
2018-05-24,267.3200 ,267.6600 ,266.1000 ,267.5400 ,"57,516.0000 "
2018-05-25,267.2400 ,269.0800 ,267.2400 ,268.8100 ,"48,626.0000 "
2018-05-28,268.9900 ,269.5600 ,267.5300 ,267.7400 ,"50,322.0000 "
2018-05-29,268.3400 ,268.8800 ,268.0400 ,268.4500 ,"41,954.0000 "
2018-05-30,269.6200 ,269.8400 ,267.7700 ,268.9300 ,"80,992.0000 "
2018-05-31,268.9900 ,269.6500 ,268.6100 ,269.6300 ,"45,034.0000 "
2018-06-01,269.5700 ,270.0000 ,268.6000 ,268.9100 ,"53,722.0000 "
2018-06-04,268.2400 ,268.9200 ,267.5000 ,267.9600 ,"58,954.0000 "
2018-06-05,268.4500 ,268.4500 ,267.2000 ,267.4000 ,"35,772.0000 "
2018-06-06,267.4000 ,268.5000 ,267.2100 ,267.8300 ,"38,194.0000 "
2018-06-07,267.6000 ,268.3000 ,267.4000 ,267.9200 ,"32,126.0000 "
2018-06-08,268.1500 ,268.7500 ,267.5800 ,268.1100 ,"36,540.0000 "
2018-06-11,268.3500 ,269.0000 ,268.1900 ,268.2700 ,"49,628.0000 "
2018-06-12,268.1000 ,268.9500 ,268.1000 ,268.2800 ,"33,970.0000 "
2018-06-13,268.2800 ,268.5200 ,267.5000 ,267.7800 ,"31,010.0000 "
2018-06-14,267.6200 ,268.8500 ,267.1500 ,268.8000 ,"56,484.0000 "
2018-06-15,268.9000 ,270.0000 ,268.8000 ,268.8500 ,"52,352.0000 "
2018-06-19,266.8600 ,267.6000 ,266.0000 ,267.5000 ,"34,466.0000 "
2018-06-20,266.2600 ,267.1800 ,266.0000 ,266.0000 ,"43,270.0000 "
2018-06-21,266.1400 ,266.5400 ,265.1000 ,265.4700 ,"38,274.0000 "
2018-06-22,265.5700 ,266.5400 ,264.8300 ,266.3900 ,"27,190.0000 "
2018-06-25,266.3300 ,267.5900 ,266.0600 ,267.1500 ,"50,598.0000 "
2018-06-26,267.6000 ,267.7600 ,267.0400 ,267.1200 ,"35,610.0000 "
2018-06-27,266.4000 ,267.6100 ,266.4000 ,267.4000 ,"58,834.0000 "
2018-06-28,267.5800 ,267.7500 ,266.8800 ,266.9700 ,"41,450.0000 "
2018-06-29,267.2700 ,267.8000 ,266.7000 ,267.2400 ,"46,634.0000 "
2018-07-02,267.1400 ,268.0900 ,267.0000 ,267.8000 ,"39,610.0000 "
2018-07-03,268.3900 ,268.7000 ,267.2500 ,267.8900 ,"50,420.0000 "
2018-07-04,267.8800 ,269.3900 ,267.3200 ,268.4600 ,"64,700.0000 "
2018-07-05,268.3500 ,269.0700 ,268.2100 ,268.3300 ,"37,878.0000 "
2018-07-06,268.2600 ,269.3000 ,268.0200 ,269.2500 ,"52,960.0000 "
2018-07-09,269.1400 ,269.8000 ,268.6800 ,268.9900 ,"40,320.0000 "
2018-07-10,269.5000 ,269.6000 ,268.0500 ,268.2500 ,"53,298.0000 "
2018-07-11,267.7500 ,269.4000 ,267.5100 ,269.0800 ,"42,644.0000 "
2018-07-12,269.1300 ,269.3800 ,267.9600 ,268.0000 ,"42,822.0000 "
2018-07-13,268.0000 ,268.4800 ,267.6100 ,267.6600 ,"28,174.0000 "
2018-07-16,267.6600 ,268.5500 ,267.5400 ,268.0500 ,"26,226.0000 "
2018-07-17,267.9000 ,268.1500 ,267.0700 ,267.7300 ,"39,336.0000 "
2018-07-18,267.6700 ,267.9000 ,264.8500 ,265.0700 ,"76,738.0000 "
2018-07-19,265.4500 ,266.3500 ,265.1500 ,266.1400 ,"41,976.0000 "
2018-07-20,265.6800 ,267.2000 ,265.1000 ,266.9900 ,"58,226.0000 "
2018-07-23,267.5600 ,268.4500 ,267.4100 ,268.2100 ,"48,002.0000 "
2018-07-24,268.6000 ,269.0100 ,267.9100 ,268.4000 ,"38,506.0000 "
2018-07-25,268.8900 ,268.9000 ,267.9000 ,268.0100 ,"34,630.0000 "
2018-07-26,268.3900 ,268.7100 ,267.9100 ,268.5600 ,"37,884.0000 "
2018-07-27,268.3600 ,268.7200 ,268.1800 ,268.3000 ,"30,546.0000 "
2018-07-30,268.4500 ,268.8500 ,268.2700 ,268.3500 ,"42,326.0000 "
2018-07-31,268.6500 ,268.9000 ,268.4500 ,268.6700 ,"24,596.0000 "
2018-08-01,268.7000 ,269.2000 ,267.5000 ,268.2400 ,"43,754.0000 "
2018-08-02,268.1000 ,268.6800 ,267.8800 ,267.9000 ,"32,208.0000 "
2018-08-03,268.0200 ,268.5500 ,267.5000 ,267.8200 ,"34,382.0000 "
2018-08-06,267.3000 ,268.3500 ,266.8200 ,267.4800 ,"47,112.0000 "
2018-08-07,267.2100 ,267.8700 ,267.0000 ,267.3600 ,"32,990.0000 "
2018-08-08,267.5800 ,267.5800 ,266.2600 ,266.9700 ,"51,622.0000 "
2018-08-09,266.7400 ,267.2500 ,266.3100 ,266.9600 ,"30,820.0000 "
2018-08-10,267.0000 ,267.3600 ,266.8000 ,266.9600 ,"29,524.0000 "
2018-08-13,267.4400 ,268.2300 ,267.4400 ,267.5400 ,"45,108.0000 "
2018-08-14,266.6500 ,266.9800 ,265.3100 ,265.4300 ,"75,902.0000 "
2018-08-15,265.5700 ,266.1000 ,264.7400 ,264.7800 ,"50,270.0000 "
2018-08-16,265.1600 ,265.2500 ,260.5100 ,262.2600 ,"84,234.0000 "
2018-08-17,262.3700 ,262.7800 ,261.3000 ,261.3900 ,"50,120.0000 "
2018-08-20,261.4300 ,263.0900 ,261.4300 ,262.9900 ,"36,540.0000 "
2018-08-21,263.0000 ,264.4800 ,262.7200 ,264.3100 ,"38,182.0000 "
