,Unnamed: 0_x,Dates_x,Open_x,Close_x,High_x,Low_x,Value_x,Volume_x,times,Unnamed: 0_y,Dates_y,Open_y,Close_y,High_y,Low_y,Value_y,Volume_y
10544,26513,2018/3/20 9:00,1316.41,1316.66,1316.89,1316.41,0,0,1521507600,10544,2018/3/20 9:00,269.17,269.24,269.24,269.13,10766880,40000
10545,26514,2018/3/20 9:01,1316.66,1316.66,1316.76,1316.65,0,0,1521507660,10545,2018/3/20 9:01,269.24,269.23,269.24,269.16,6999640,26000
10546,26515,2018/3/20 9:02,1316.66,1316.94,1316.95,1316.65,0,0,1521507720,10546,2018/3/20 9:02,269.15,269.16,269.16,269.15,6997920,26000
10547,26516,2018/3/20 9:03,1316.94,1316.78,1316.95,1316.77,0,0,1521507780,10547,2018/3/20 9:03,269.16,269.24,269.24,269.16,20995280,78000
10548,26517,2018/3/20 9:04,1316.78,1316.24,1316.79,1316.22,0,0,1521507840,10548,2018/3/20 9:04,269.24,269.12,269.25,269.12,29612940,110000
10549,26518,2018/3/20 9:05,1316.24,1316.45,1316.47,1316.17,0,0,1521507900,10549,2018/3/20 9:05,269.06,269.06,269.12,269.06,4843500,18000
10550,26519,2018/3/20 9:06,1316.45,1316.36,1316.45,1316.26,0,0,1521507960,10550,2018/3/20 9:06,269.06,269.02,269.06,269.02,23673980,88000
10551,26520,2018/3/20 9:07,1316.36,1316.36,1316.38,1316.3,0,0,1521508020,10551,2018/3/20 9:07,269.01,269.07,269.12,269,37663920,140000
10552,26521,2018/3/20 9:08,1316.36,1316.26,1316.36,1316.25,0,0,1521508080,10552,2018/3/20 9:08,269.1,269.11,269.12,269.1,11302700,42000
10553,26522,2018/3/20 9:09,1316.26,1316.25,1316.34,1316.25,0,0,1521508140,10553,2018/3/20 9:09,269.1,269.1,269.14,269.1,10225880,38000
10554,26523,2018/3/20 9:10,1316.25,1316.12,1316.28,1316.06,0,0,1521508200,10554,2018/3/20 9:10,269.1,269.08,269.1,269.08,9148759,34000
10555,26524,2018/3/20 9:11,1316.12,1316.16,1316.27,1316.06,0,0,1521508260,10555,2018/3/20 9:11,269.08,269.08,269.09,269.08,2152660,8000
10556,26525,2018/3/20 9:12,1316.16,1316.05,1316.27,1316.05,0,0,1521508320,10556,2018/3/20 9:12,269.09,269.07,269.09,269.07,6457860,24000
10557,26526,2018/3/20 9:13,1316.05,1316.07,1316.13,1315.95,0,0,1521508380,10557,2018/3/20 9:13,269.07,269.05,269.07,269.05,5919460,22000
10558,26527,2018/3/20 9:14,1316.07,1315.97,1316.16,1315.97,0,0,1521508440,10558,2018/3/20 9:14,269.05,269.05,269.07,269.05,25290958,94000
10559,26528,2018/3/20 9:15,1315.97,1315.96,1316.06,1315.9,0,0,1521508500,10559,2018/3/20 9:15,269.02,269.02,269.02,269.02,538040,2000
10560,26529,2018/3/20 9:16,1315.96,1315.86,1315.97,1315.85,0,0,1521508560,10560,2018/3/20 9:16,269.05,269.01,269.05,269,23138118,86000
10561,26530,2018/3/20 9:17,1315.86,1315.76,1315.88,1315.75,0,0,1521508620,10561,2018/3/20 9:17,269.01,269.04,269.04,269.01,5918460,22000
10562,26531,2018/3/20 9:18,1315.76,1315.85,1315.86,1315.73,0,0,1521508680,10562,2018/3/20 9:18,269.01,269.05,269.05,269.01,11300020,42000
10563,26532,2018/3/20 9:19,1315.85,1316.07,1316.16,1315.84,0,0,1521508740,10563,2018/3/20 9:19,269.02,269.03,269.05,269.02,24214100,90000
10564,26533,2018/3/20 9:20,1316.07,1316.06,1316.11,1316.06,0,0,1521508800,10564,2018/3/20 9:20,269.03,269.08,269.08,269.03,25827900,96000
10565,26534,2018/3/20 9:21,1316.06,1316.4,1316.49,1316.06,0,0,1521508860,10565,2018/3/20 9:21,269.08,269.08,269.1,269.08,8072620,30000
10566,26535,2018/3/20 9:22,1316.39,1316.57,1316.58,1316.38,0,0,1521508920,10566,2018/3/20 9:22,269.08,269.08,269.08,269.05,2152520,8000
10567,26536,2018/3/20 9:23,1316.57,1316.63,1316.68,1316.48,0,0,1521508980,10567,2018/3/20 9:23,269.08,269.15,269.15,269.08,34445080,128000
10568,26537,2018/3/20 9:24,1316.63,1316.56,1316.67,1316.56,0,0,1521509040,10568,2018/3/20 9:24,269.15,269.15,269.15,269.15,538300,2000
10569,26538,2018/3/20 9:25,1316.56,1316.56,1316.66,1316.55,0,0,1521509100,10569,2018/3/20 9:25,269.18,269.15,269.18,269.15,3230100,12000
10570,26539,2018/3/20 9:26,1316.56,1316.57,1316.66,1316.55,0,0,1521509160,10570,2018/3/20 9:26,269.18,269.2,269.2,269.18,3768660,14000
10571,26540,2018/3/20 9:27,1316.57,1316.56,1316.66,1316.55,0,0,1521509220,10571,2018/3/20 9:27,269.19,269.2,269.2,269.19,2153560,8000
10572,26541,2018/3/20 9:28,1316.56,1316.59,1316.67,1316.55,0,0,1521509280,10572,2018/3/20 9:28,269.2,269.2,269.2,269.2,16690401,62000
10573,26542,2018/3/20 9:29,1316.59,1316.66,1316.68,1316.57,0,0,1521509340,10573,2018/3/20 9:29,269.18,269.2,269.2,269.18,14536540,54000
10574,26543,2018/3/20 9:30,1316.66,1316.68,1316.77,1316.58,0,0,1521509400,10574,2018/3/20 9:30,269.19,269.2,269.2,269.19,11844660,44000
10575,26544,2018/3/20 9:31,1316.68,1316.68,1316.69,1316.58,0,0,1521509460,10575,2018/3/20 9:31,269.19,269.19,269.25,269.19,12923000,48000
10576,26545,2018/3/20 9:32,1316.68,1316.48,1316.69,1316.48,0,0,1521509520,10576,2018/3/20 9:32,269.2,269.2,269.25,269.2,13462100,50000
10577,26546,2018/3/20 9:33,1316.48,1316.67,1316.68,1316.47,0,0,1521509580,10577,2018/3/20 9:33,269.2,269.25,269.25,269.2,9153820,34000
10578,26547,2018/3/20 9:34,1316.67,1316.77,1316.78,1316.67,0,0,1521509640,10578,2018/3/20 9:34,269.24,269.25,269.25,269.24,3769480,14000
10579,26548,2018/3/20 9:35,1316.77,1316.74,1316.77,1316.65,0,0,1521509700,10579,2018/3/20 9:35,269.25,269.25,269.25,269.25,10231500,38000
10580,26549,2018/3/20 9:36,1316.74,1316.74,1316.87,1316.73,0,0,1521509760,10580,2018/3/20 9:36,269.25,269.25,269.25,269.25,3769500,14000
10581,26550,2018/3/20 9:37,1316.74,1316.55,1316.84,1316.54,0,0,1521509820,10581,2018/3/20 9:37,269.25,269.25,269.25,269.21,32848340,122000
10582,26551,2018/3/20 9:38,1316.55,1316.44,1316.64,1316.44,0,0,1521509880,10582,2018/3/20 9:38,269.21,269.21,269.25,269.21,17230800,64000
10583,26552,2018/3/20 9:39,1316.44,1316.35,1316.46,1316.35,0,0,1521509940,10583,2018/3/20 9:39,269.21,269.24,269.24,269.21,5384380,20000
10584,26553,2018/3/20 9:40,1316.35,1316.35,1316.36,1316.26,0,0,1521510000,10584,2018/3/20 9:40,269.22,269.22,269.22,269.22,9691920,36000
10585,26554,2018/3/20 9:41,1316.35,1316.55,1316.55,1316.34,0,0,1521510060,10585,2018/3/20 9:41,269.22,269.25,269.25,269.22,10769740,40000
10586,26555,2018/3/20 9:42,1316.55,1316.57,1316.67,1316.45,0,0,1521510120,10586,2018/3/20 9:42,269.27,269.27,269.27,269.27,2154160,8000
10587,26556,2018/3/20 9:43,1316.57,1316.58,1316.67,1316.54,0,0,1521510180,10587,2018/3/20 9:43,269.28,269.28,269.28,269.28,3769920,14000
10588,26557,2018/3/20 9:44,1316.58,1316.84,1316.86,1316.49,0,0,1521510240,10588,2018/3/20 9:44,269.27,269.29,269.29,269.26,9155420,34000
10589,26558,2018/3/20 9:45,1316.84,1316.84,1316.86,1316.77,0,0,1521510300,10589,2018/3/20 9:45,269.3,269.29,269.33,269.29,10233920,38000
10590,26559,2018/3/20 9:46,1316.84,1316.96,1317.06,1316.83,0,0,1521510360,10590,2018/3/20 9:46,269.32,269.33,269.33,269.3,6463740,24000
10591,26560,2018/3/20 9:47,1316.96,1316.74,1316.96,1316.73,0,0,1521510420,10591,2018/3/20 9:47,269.35,269.33,269.37,269.33,68953320,256000
10592,26561,2018/3/20 9:48,1316.74,1316.8,1316.84,1316.73,0,0,1521510480,10592,2018/3/20 9:48,269.33,269.35,269.35,269.33,44172080,164000
10593,26562,2018/3/20 9:49,1316.8,1316.54,1316.8,1316.44,0,0,1521510540,10593,2018/3/20 9:49,269.36,269.32,269.36,269.32,67334320,250000
10594,26563,2018/3/20 9:50,1316.54,1316.24,1316.55,1316.24,0,0,1521510600,10594,2018/3/20 9:50,269.33,269.32,269.33,269.32,14543440,54000
10595,26564,2018/3/20 9:51,1316.24,1316.15,1316.26,1316.14,0,0,1521510660,10595,2018/3/20 9:51,269.32,269.32,269.32,269.32,2693200,10000
10596,26565,2018/3/20 9:52,1316.15,1316.15,1316.33,1316.15,0,0,1521510720,10596,2018/3/20 9:52,269.28,269.27,269.3,269.26,16156900,60000
10597,26566,2018/3/20 9:53,1316.15,1316.13,1316.24,1316.04,0,0,1521510780,10597,2018/3/20 9:53,269.27,269.27,269.27,269.27,20464520,76000
10598,26567,2018/3/20 9:54,1316.13,1316.23,1316.24,1316.02,0,0,1521510840,10598,2018/3/20 9:54,269.28,269.25,269.28,269.25,5385260,20000
10599,26568,2018/3/20 9:55,1316.23,1316.33,1316.36,1316.23,0,0,1521510900,10599,2018/3/20 9:55,269.25,269.25,269.25,269.25,14539500,54000
10600,26569,2018/3/20 9:56,1316.33,1316.14,1316.36,1316.14,0,0,1521510960,10600,2018/3/20 9:56,269.29,269.23,269.29,269.23,3769940,14000
10601,26570,2018/3/20 9:57,1316.14,1316.14,1316.24,1316.13,0,0,1521511020,10601,2018/3/20 9:57,269.23,269.23,269.25,269.23,5923100,22000
10602,26571,2018/3/20 9:58,1316.14,1316.24,1316.34,1316.14,0,0,1521511080,10602,2018/3/20 9:58,269.23,269.25,269.26,269.23,3231040,12000
10603,26572,2018/3/20 9:59,1316.24,1316.23,1316.24,1316.14,0,0,1521511140,10603,2018/3/20 9:59,269.26,269.26,269.26,269.26,6462240,24000
10604,26573,2018/3/20 10:00,1316.23,1316.23,1316.24,1316.2,0,0,1521511200,10604,2018/3/20 10:00,269.28,269.26,269.28,269.26,7000800,26000
10605,26574,2018/3/20 10:01,1316.23,1316.33,1316.35,1316.22,0,0,1521511260,10605,2018/3/20 10:01,269.26,269.28,269.28,269.26,1615600,6000
10606,26575,2018/3/20 10:02,1316.33,1316.36,1316.41,1316.32,0,0,1521511320,10606,2018/3/20 10:02,269.27,269.27,269.27,269.27,538540,2000
10607,26576,2018/3/20 10:03,1316.36,1316.37,1316.37,1316.34,0,0,1521511380,10607,2018/3/20 10:03,269.27,269.27,269.27,269.26,5385240,20000
10608,26578,2018/3/20 10:05,1316.37,1316.36,1316.38,1316.27,0,0,1521511500,10608,2018/3/20 10:05,269.26,269.26,269.26,269.26,3769640.25,14000
10609,26579,2018/3/20 10:06,1316.36,1316.36,1316.37,1316.29,0,0,1521511560,10609,2018/3/20 10:06,269.27,269.27,269.27,269.27,5385400,20000
10610,26580,2018/3/20 10:07,1316.36,1316.36,1316.38,1316.3,0,0,1521511620,10610,2018/3/20 10:07,269.28,269.27,269.28,269.27,9693920,36000
10611,26581,2018/3/20 10:08,1316.36,1316.45,1316.48,1316.35,0,0,1521511680,10611,2018/3/20 10:08,269.28,269.28,269.28,269.28,538560,2000
10612,26582,2018/3/20 10:09,1316.45,1316.39,1316.47,1316.36,0,0,1521511740,10612,2018/3/20 10:09,269.27,269.27,269.27,269.27,5923940,22000
10613,26583,2018/3/20 10:10,1316.39,1316.59,1316.67,1316.39,0,0,1521511800,10613,2018/3/20 10:10,269.3,269.3,269.3,269.3,20466800,76000
10614,26584,2018/3/20 10:11,1316.59,1316.57,1316.68,1316.56,0,0,1521511860,10614,2018/3/20 10:11,269.3,269.3,269.3,269.3,538600,2000
10615,26585,2018/3/20 10:12,1316.57,1316.57,1316.67,1316.56,0,0,1521511920,10615,2018/3/20 10:12,269.32,269.33,269.33,269.32,10234180,38000
10616,26586,2018/3/20 10:13,1316.57,1316.58,1316.58,1316.55,0,0,1521511980,10616,2018/3/20 10:13,269.33,269.32,269.33,269.32,1077300,4000
10617,26587,2018/3/20 10:14,1316.58,1316.57,1316.59,1316.55,0,0,1521512040,10617,2018/3/20 10:14,269.33,269.33,269.33,269.33,538660,2000
10618,26588,2018/3/20 10:15,1316.57,1316.59,1316.59,1316.54,0,0,1521512100,10618,2018/3/20 10:15,269.3,269.3,269.3,269.3,538600,2000
10619,26589,2018/3/20 10:16,1316.59,1316.58,1316.68,1316.57,0,0,1521512160,10619,2018/3/20 10:16,269.3,269.33,269.33,269.3,3231720,12000
10620,26590,2018/3/20 10:17,1316.58,1316.48,1316.58,1316.48,0,0,1521512220,10620,2018/3/20 10:17,269.33,269.33,269.33,269.33,538660,2000
10621,26591,2018/3/20 10:18,1316.49,1316.5,1316.59,1316.47,0,0,1521512280,10621,2018/3/20 10:18,269.31,269.31,269.31,269.31,1077240,4000
10622,26592,2018/3/20 10:19,1316.5,1316.6,1316.6,1316.49,0,0,1521512340,10622,2018/3/20 10:19,269.31,269.31,269.31,269.3,11310660,42000
10623,26593,2018/3/20 10:20,1316.6,1317.09,1317.18,1316.6,0,0,1521512400,10623,2018/3/20 10:20,269.31,269.35,269.35,269.31,16698220,62000
10624,26594,2018/3/20 10:21,1317.09,1317.11,1317.18,1317.03,0,0,1521512460,10624,2018/3/20 10:21,269.35,269.35,269.35,269.35,3232200,12000
10625,26595,2018/3/20 10:22,1317.11,1317.17,1317.2,1317.09,0,0,1521512520,10625,2018/3/20 10:22,269.35,269.35,269.36,269.35,15622340,58000
10626,26596,2018/3/20 10:23,1317.18,1317.28,1317.3,1317.17,0,0,1521512580,10626,2018/3/20 10:23,269.38,269.4,269.4,269.38,22089960,82000
10627,26597,2018/3/20 10:24,1317.28,1317.28,1317.44,1317.28,0,0,1521512640,10627,2018/3/20 10:24,269.4,269.4,269.4,269.4,17780400,66000
10628,26598,2018/3/20 10:25,1317.28,1317.18,1317.28,1317.15,0,0,1521512700,10628,2018/3/20 10:25,269.37,269.36,269.37,269.36,52255916,194000
10629,26601,2018/3/20 10:28,1317.17,1317.28,1317.3,1317.08,0,0,1521512880,10629,2018/3/20 10:28,269.36,269.38,269.38,269.36,52257176,194000
10630,26602,2018/3/20 10:29,1317.28,1317.37,1317.37,1317.27,0,0,1521512940,10630,2018/3/20 10:29,269.39,269.4,269.4,269.39,10237160,38000
10631,26603,2018/3/20 10:30,1317.37,1317.29,1317.39,1317.29,0,0,1521513000,10631,2018/3/20 10:30,269.41,269.45,269.45,269.41,32871420,122000
10632,26604,2018/3/20 10:31,1317.29,1317.28,1317.31,1317.27,0,0,1521513060,10632,2018/3/20 10:31,269.43,269.45,269.45,269.43,48499764,180000
10633,26605,2018/3/20 10:32,1317.29,1317.28,1317.38,1317.27,0,0,1521513120,10633,2018/3/20 10:32,269.41,269.4,269.41,269.4,3232900,12000
10634,26606,2018/3/20 10:33,1317.28,1317.17,1317.29,1317.07,0,0,1521513180,10634,2018/3/20 10:33,269.44,269.44,269.44,269.44,1077760,4000
10635,26607,2018/3/20 10:34,1317.17,1317.07,1317.17,1317,0,0,1521513240,10635,2018/3/20 10:34,269.4,269.44,269.44,269.4,10777200,40000
10636,26609,2018/3/20 10:36,1317.07,1316.79,1317.07,1316.79,0,0,1521513360,10636,2018/3/20 10:36,269.41,269.4,269.41,269.4,40948900,152000
10637,26610,2018/3/20 10:37,1316.79,1316.88,1316.89,1316.77,0,0,1521513420,10637,2018/3/20 10:37,269.32,269.32,269.32,269.32,3770480,14000
10638,26611,2018/3/20 10:38,1316.88,1316.77,1316.88,1316.77,0,0,1521513480,10638,2018/3/20 10:38,269.37,269.37,269.37,269.37,7542360,28000
10639,26612,2018/3/20 10:39,1316.77,1316.68,1316.78,1316.68,0,0,1521513540,10639,2018/3/20 10:39,269.39,269.39,269.39,269.39,3232680.25,12000
10640,26615,2018/3/20 10:42,1316.78,1316.88,1316.89,1316.77,0,0,1521513720,10640,2018/3/20 10:42,269.39,269.39,269.39,269.39,2693900.25,10000
10641,26616,2018/3/20 10:43,1316.88,1316.88,1316.89,1316.82,0,0,1521513780,10641,2018/3/20 10:43,269.35,269.35,269.35,269.35,1616100,6000
10642,26617,2018/3/20 10:44,1316.88,1316.88,1316.89,1316.87,0,0,1521513840,10642,2018/3/20 10:44,269.35,269.35,269.35,269.35,538700,2000
10643,26619,2018/3/20 10:46,1317,1316.99,1317.01,1316.95,0,0,1521513960,10643,2018/3/20 10:46,269.35,269.35,269.35,269.35,15083600,56000
10644,26621,2018/3/20 10:48,1317,1316.89,1317,1316.88,0,0,1521514080,10644,2018/3/20 10:48,269.35,269.35,269.35,269.35,10774000,40000
10645,26622,2018/3/20 10:49,1316.89,1316.98,1316.98,1316.85,0,0,1521514140,10645,2018/3/20 10:49,269.35,269.35,269.35,269.35,6464400,24000
10646,26623,2018/3/20 10:50,1316.98,1316.99,1317.01,1316.97,0,0,1521514200,10646,2018/3/20 10:50,269.35,269.36,269.36,269.35,12390320,46000
10647,26624,2018/3/20 10:51,1316.99,1317.02,1317.04,1316.98,0,0,1521514260,10647,2018/3/20 10:51,269.36,269.38,269.38,269.36,7003760,26000
10648,26625,2018/3/20 10:52,1317.02,1317.09,1317.09,1316.99,0,0,1521514320,10648,2018/3/20 10:52,269.36,269.39,269.39,269.36,5926520.5,22000
10649,26626,2018/3/20 10:53,1317.09,1317.01,1317.1,1316.99,0,0,1521514380,10649,2018/3/20 10:53,269.4,269.4,269.4,269.4,538800,2000
10650,26627,2018/3/20 10:54,1317.01,1316.8,1317.02,1316.8,0,0,1521514440,10650,2018/3/20 10:54,269.37,269.37,269.37,269.37,4848660,18000
10651,26628,2018/3/20 10:55,1316.79,1316.69,1316.8,1316.6,0,0,1521514500,10651,2018/3/20 10:55,269.36,269.35,269.36,269.35,27474578,102000
10652,26629,2018/3/20 10:56,1316.69,1316.7,1316.7,1316.63,0,0,1521514560,10652,2018/3/20 10:56,269.34,269.34,269.34,269.34,1077360,4000
10653,26630,2018/3/20 10:57,1316.7,1316.68,1316.7,1316.61,0,0,1521514620,10653,2018/3/20 10:57,269.34,269.34,269.34,269.34,7541520,28000
10654,26631,2018/3/20 10:58,1316.68,1316.69,1316.78,1316.68,0,0,1521514680,10654,2018/3/20 10:58,269.33,269.35,269.35,269.33,30166960,112000
10655,26632,2018/3/20 10:59,1316.69,1316.68,1316.7,1316.6,0,0,1521514740,10655,2018/3/20 10:59,269.35,269.35,269.35,269.35,11851400,44000
10656,26633,2018/3/20 11:00,1316.67,1316.59,1316.69,1316.49,0,0,1521514800,10656,2018/3/20 11:00,269.35,269.35,269.35,269.35,58718300,218000
10657,26634,2018/3/20 11:01,1316.59,1316.46,1316.6,1316.43,0,0,1521514860,10657,2018/3/20 11:01,269.35,269.35,269.35,269.35,25857600,96000
10658,26635,2018/3/20 11:02,1316.46,1316.28,1316.46,1316.27,0,0,1521514920,10658,2018/3/20 11:02,269.33,269.32,269.33,269.32,14543600,54000
10659,26636,2018/3/20 11:03,1316.28,1316.38,1316.47,1316.28,0,0,1521514980,10659,2018/3/20 11:03,269.32,269.34,269.34,269.32,1077320,4000
10660,26637,2018/3/20 11:04,1316.38,1316.38,1316.48,1316.38,0,0,1521515040,10660,2018/3/20 11:04,269.33,269.33,269.33,269.33,14005159,52000
10661,26638,2018/3/20 11:05,1316.38,1316.38,1316.41,1316.3,0,0,1521515100,10661,2018/3/20 11:05,269.32,269.32,269.33,269.32,7002380,26000
10662,26639,2018/3/20 11:06,1316.38,1316.39,1316.43,1316.36,0,0,1521515160,10662,2018/3/20 11:06,269.34,269.34,269.34,269.34,1077360,4000
10663,26640,2018/3/20 11:07,1316.39,1316.37,1316.39,1316.27,0,0,1521515220,10663,2018/3/20 11:07,269.31,269.31,269.31,269.31,538620,2000
10664,26642,2018/3/20 11:09,1316.29,1316.33,1316.38,1316.28,0,0,1521515340,10664,2018/3/20 11:09,269.31,269.3,269.31,269.3,47397060,176000
10665,26643,2018/3/20 11:10,1316.33,1316.18,1316.33,1316.18,0,0,1521515400,10665,2018/3/20 11:10,269.3,269.3,269.3,269.3,22621200,84000
10666,26644,2018/3/20 11:11,1316.18,1316.19,1316.23,1316.18,0,0,1521515460,10666,2018/3/20 11:11,269.3,269.3,269.3,269.3,22082600,82000
10667,26645,2018/3/20 11:12,1316.19,1316.5,1316.5,1316.19,0,0,1521515520,10667,2018/3/20 11:12,269.3,269.3,269.3,269.3,1615800,6000
10668,26646,2018/3/20 11:13,1316.5,1316.5,1316.6,1316.4,0,0,1521515580,10668,2018/3/20 11:13,269.31,269.31,269.31,269.31,538620,2000
10669,26647,2018/3/20 11:14,1316.5,1316.51,1316.57,1316.48,0,0,1521515640,10669,2018/3/20 11:14,269.31,269.32,269.32,269.31,5925000,22000
10670,26648,2018/3/20 11:15,1316.51,1316.49,1316.52,1316.49,0,0,1521515700,10670,2018/3/20 11:15,269.33,269.33,269.33,269.33,3231960,12000
10671,26649,2018/3/20 11:16,1316.49,1316.5,1316.51,1316.49,0,0,1521515760,10671,2018/3/20 11:16,269.33,269.33,269.33,269.33,538660,2000
10672,26650,2018/3/20 11:17,1316.5,1316.56,1316.59,1316.48,0,0,1521515820,10672,2018/3/20 11:17,269.34,269.32,269.35,269.32,23701160,88000
10673,26651,2018/3/20 11:18,1316.56,1316.55,1316.6,1316.55,0,0,1521515880,10673,2018/3/20 11:18,269.34,269.34,269.34,269.34,6464160,24000
10674,26652,2018/3/20 11:19,1316.55,1316.57,1316.6,1316.55,0,0,1521515940,10674,2018/3/20 11:19,269.33,269.33,269.33,269.33,17237120,64000
10675,26653,2018/3/20 11:20,1316.57,1316.67,1316.68,1316.56,0,0,1521516000,10675,2018/3/20 11:20,269.34,269.34,269.34,269.34,3770760,14000
10676,26654,2018/3/20 11:21,1316.67,1316.41,1316.69,1316.4,0,0,1521516060,10676,2018/3/20 11:21,269.31,269.3,269.31,269.3,30162320,112000
10677,26655,2018/3/20 11:22,1316.41,1316.41,1316.52,1316.39,0,0,1521516120,10677,2018/3/20 11:22,269.28,269.28,269.28,269.28,538560,2000
10678,26657,2018/3/20 11:24,1316.31,1316.4,1316.4,1316.21,0,0,1521516240,10678,2018/3/20 11:24,269.3,269.23,269.3,269.23,10230880,38000
10679,26658,2018/3/20 11:25,1316.4,1316.38,1316.42,1316.31,0,0,1521516300,10679,2018/3/20 11:25,269.3,269.21,269.3,269.21,15078640,56000
10680,26659,2018/3/20 11:26,1316.38,1316.49,1316.5,1316.38,0,0,1521516360,10680,2018/3/20 11:26,269.28,269.29,269.3,269.28,5924260,22000
10681,26660,2018/3/20 11:27,1316.49,1316.48,1316.51,1316.48,0,0,1521516420,10681,2018/3/20 11:27,269.3,269.3,269.3,269.3,10772000,40000
10682,26661,2018/3/20 11:28,1316.48,1316.49,1316.51,1316.39,0,0,1521516480,10682,2018/3/20 11:28,269.3,269.25,269.3,269.25,22080700,82000
10683,26662,2018/3/20 11:29,1316.49,1316.57,1316.59,1316.39,0,0,1521516540,10683,2018/3/20 11:29,269.26,269.26,269.3,269.26,4308560,16000
10684,26783,2018/3/20 13:30,1315.15,1315.16,1315.24,1315.13,0,0,1521523800,10684,2018/3/20 13:30,269.07,269.15,269.15,269.07,78034040,290000
10685,26784,2018/3/20 13:31,1315.16,1315.29,1315.29,1315.16,0,0,1521523860,10685,2018/3/20 13:31,269.12,269.12,269.12,269.12,11841280,44000
10686,26785,2018/3/20 13:32,1315.29,1315.47,1315.47,1315.27,0,0,1521523920,10686,2018/3/20 13:32,269.12,269.14,269.14,269.12,18838600,70000
10687,26786,2018/3/20 13:33,1315.47,1315.56,1315.57,1315.46,0,0,1521523980,10687,2018/3/20 13:33,269.12,269.19,269.19,269.12,14534120,54000
10688,26787,2018/3/20 13:34,1315.56,1315.49,1315.57,1315.47,0,0,1521524040,10688,2018/3/20 13:34,269.16,269.16,269.16,269.16,6459840,24000
10689,26788,2018/3/20 13:35,1315.49,1315.48,1315.57,1315.46,0,0,1521524100,10689,2018/3/20 13:35,269.16,269.2,269.31,269.16,18308740,68000
10690,26789,2018/3/20 13:36,1315.48,1315.47,1315.48,1315.43,0,0,1521524160,10690,2018/3/20 13:36,269.25,269.18,269.25,269.18,14536760,54000
10691,26790,2018/3/20 13:37,1315.47,1315.57,1315.57,1315.46,0,0,1521524220,10691,2018/3/20 13:37,269.2,269.18,269.2,269.18,46302040,172000
10692,26791,2018/3/20 13:38,1315.57,1315.57,1315.67,1315.54,0,0,1521524280,10692,2018/3/20 13:38,269.2,269.2,269.21,269.18,8614380,32000
10693,26792,2018/3/20 13:39,1315.57,1315.57,1315.68,1315.57,0,0,1521524340,10693,2018/3/20 13:39,269.2,269.23,269.23,269.2,27460800,102000
10694,26793,2018/3/20 13:40,1315.57,1315.46,1315.57,1315.37,0,0,1521524400,10694,2018/3/20 13:40,269.23,269.2,269.23,269.2,52226400,194000
10695,26794,2018/3/20 13:41,1315.46,1315.55,1315.65,1315.45,0,0,1521524460,10695,2018/3/20 13:41,269.21,269.2,269.24,269.2,31766860,118000
10696,26795,2018/3/20 13:42,1315.55,1315.51,1315.56,1315.42,0,0,1521524520,10696,2018/3/20 13:42,269.2,269.2,269.2,269.2,538400,2000
10697,26796,2018/3/20 13:43,1315.51,1315.56,1315.56,1315.46,0,0,1521524580,10697,2018/3/20 13:43,269.21,269.22,269.22,269.21,21536900,80000
10698,26797,2018/3/20 13:44,1315.56,1315.77,1315.78,1315.49,0,0,1521524640,10698,2018/3/20 13:44,269.23,269.23,269.23,269.23,2692300,10000
10699,26798,2018/3/20 13:45,1315.77,1315.66,1315.77,1315.65,0,0,1521524700,10699,2018/3/20 13:45,269.24,269.24,269.24,269.24,12385040,46000
10700,26799,2018/3/20 13:46,1315.66,1315.52,1315.66,1315.52,0,0,1521524760,10700,2018/3/20 13:46,269.22,269.23,269.23,269.22,8615120,32000
10701,26800,2018/3/20 13:47,1315.52,1315.34,1315.53,1315.27,0,0,1521524820,10701,2018/3/20 13:47,269.24,269.23,269.24,269.23,41462420,154000
10702,26801,2018/3/20 13:48,1315.34,1315.34,1315.4,1315.34,0,0,1521524880,10702,2018/3/20 13:48,269.23,269.22,269.23,269.22,19922580,74000
10703,26803,2018/3/20 13:50,1315.46,1315.45,1315.46,1315.44,0,0,1521525000,10703,2018/3/20 13:50,269.22,269.22,269.22,269.22,538440,2000
10704,26804,2018/3/20 13:51,1315.45,1315.45,1315.46,1315.44,0,0,1521525060,10704,2018/3/20 13:51,269.23,269.22,269.23,269.22,7538200,28000
10705,26805,2018/3/20 13:52,1315.45,1315.44,1315.46,1315.44,0,0,1521525120,10705,2018/3/20 13:52,269.21,269.21,269.21,269.21,32305198,120000
10706,26807,2018/3/20 13:54,1315.44,1315.45,1315.46,1315.44,0,0,1521525240,10706,2018/3/20 13:54,269.22,269.22,269.22,269.22,6999720,26000
10707,26808,2018/3/20 13:55,1315.45,1315.36,1315.45,1315.35,0,0,1521525300,10707,2018/3/20 13:55,269.24,269.25,269.25,269.24,28001760,104000
10708,26809,2018/3/20 13:56,1315.36,1315.34,1315.38,1315.34,0,0,1521525360,10708,2018/3/20 13:56,269.23,269.23,269.23,269.23,12384581,46000
10709,26810,2018/3/20 13:57,1315.34,1315.33,1315.35,1315.33,0,0,1521525420,10709,2018/3/20 13:57,269.22,269.22,269.22,269.22,538440,2000
10710,26811,2018/3/20 13:58,1315.33,1315.34,1315.36,1315.24,0,0,1521525480,10710,2018/3/20 13:58,269.23,269.23,269.23,269.23,4307680,16000
10711,26812,2018/3/20 13:59,1315.34,1315.27,1315.45,1315.27,0,0,1521525540,10711,2018/3/20 13:59,269.23,269.23,269.23,269.23,1076920,4000
10712,26813,2018/3/20 14:00,1315.27,1315.34,1315.35,1315.25,0,0,1521525600,10712,2018/3/20 14:00,269.22,269.22,269.22,269.22,538440,2000
10713,26814,2018/3/20 14:01,1315.34,1315.64,1315.66,1315.26,0,0,1521525660,10713,2018/3/20 14:01,269.25,269.25,269.25,269.25,13462500,50000
10714,26815,2018/3/20 14:02,1315.64,1315.6,1315.64,1315.52,0,0,1521525720,10714,2018/3/20 14:02,269.25,269.26,269.26,269.25,9154520,34000
10715,26816,2018/3/20 14:03,1315.6,1315.85,1315.89,1315.6,0,0,1521525780,10715,2018/3/20 14:03,269.28,269.28,269.28,269.28,538560,2000
10716,26817,2018/3/20 14:04,1315.85,1315.66,1315.85,1315.65,0,0,1521525840,10716,2018/3/20 14:04,269.27,269.27,269.27,269.27,4846860,18000
10717,26819,2018/3/20 14:06,1315.75,1315.84,1315.94,1315.66,0,0,1521525960,10717,2018/3/20 14:06,269.28,269.28,269.28,269.28,2692800,10000
10718,26820,2018/3/20 14:07,1315.84,1315.95,1315.95,1315.84,0,0,1521526020,10718,2018/3/20 14:07,269.3,269.3,269.3,269.3,538600,2000
10719,26821,2018/3/20 14:08,1315.95,1315.85,1315.97,1315.85,0,0,1521526080,10719,2018/3/20 14:08,269.31,269.31,269.31,269.31,538620,2000
10720,26822,2018/3/20 14:09,1315.87,1315.86,1315.94,1315.84,0,0,1521526140,10720,2018/3/20 14:09,269.33,269.33,269.33,269.31,7002540,26000
10721,26823,2018/3/20 14:10,1315.86,1315.94,1315.94,1315.76,0,0,1521526200,10721,2018/3/20 14:10,269.3,269.34,269.34,269.3,20467520,76000
10722,26824,2018/3/20 14:11,1315.93,1316,1316.01,1315.89,0,0,1521526260,10722,2018/3/20 14:11,269.34,269.33,269.34,269.33,2693320,10000
10723,26825,2018/3/20 14:12,1316,1316.04,1316.13,1315.99,0,0,1521526320,10723,2018/3/20 14:12,269.33,269.36,269.36,269.33,29090200,108000
10724,26826,2018/3/20 14:13,1316.04,1316.06,1316.06,1315.94,0,0,1521526380,10724,2018/3/20 14:13,269.36,269.35,269.36,269.35,4848380,18000
10725,26827,2018/3/20 14:14,1316.06,1316.06,1316.07,1315.95,0,0,1521526440,10725,2018/3/20 14:14,269.35,269.35,269.35,269.35,9157900,34000
10726,26828,2018/3/20 14:15,1316.06,1316.17,1316.17,1316.05,0,0,1521526500,10726,2018/3/20 14:15,269.35,269.35,269.35,269.35,20470600,76000
10727,26829,2018/3/20 14:16,1316.17,1316.28,1316.28,1316.06,0,0,1521526560,10727,2018/3/20 14:16,269.36,269.36,269.36,269.36,2154880,8000
10728,26830,2018/3/20 14:17,1316.28,1316.26,1316.37,1316.26,0,0,1521526620,10728,2018/3/20 14:17,269.33,269.38,269.38,269.33,12928500,48000
10729,26831,2018/3/20 14:18,1316.26,1316.14,1316.27,1316.14,0,0,1521526680,10729,2018/3/20 14:18,269.4,269.37,269.4,269.37,17241480,64000
10730,26833,2018/3/20 14:20,1316.25,1316.17,1316.26,1316.16,0,0,1521526800,10730,2018/3/20 14:20,269.37,269.37,269.37,269.37,1077480,4000
10731,26834,2018/3/20 14:21,1316.17,1316.16,1316.17,1316.14,0,0,1521526860,10731,2018/3/20 14:21,269.38,269.38,269.38,269.38,1077520,4000
10732,26835,2018/3/20 14:22,1316.17,1316.06,1316.17,1316.05,0,0,1521526920,10732,2018/3/20 14:22,269.38,269.35,269.39,269.35,5387340,20000
10733,26836,2018/3/20 14:23,1316.06,1315.97,1316.07,1315.96,0,0,1521526980,10733,2018/3/20 14:23,269.35,269.35,269.35,269.35,7003100,26000
10734,26837,2018/3/20 14:24,1315.97,1315.97,1315.99,1315.96,0,0,1521527040,10734,2018/3/20 14:24,269.35,269.35,269.35,269.35,10235300,38000
10735,26838,2018/3/20 14:25,1315.96,1316.1,1316.17,1315.96,0,0,1521527100,10735,2018/3/20 14:25,269.35,269.35,269.35,269.35,538700,2000
10736,26839,2018/3/20 14:26,1316.1,1316.25,1316.28,1316.09,0,0,1521527160,10736,2018/3/20 14:26,269.35,269.34,269.35,269.34,24780120,92000
10737,26840,2018/3/20 14:27,1316.25,1316.35,1316.38,1316.23,0,0,1521527220,10737,2018/3/20 14:27,269.35,269.35,269.35,269.35,29089800,108000
10738,26841,2018/3/20 14:28,1316.35,1316.15,1316.35,1316.15,0,0,1521527280,10738,2018/3/20 14:28,269.35,269.36,269.36,269.35,14006340,52000
10739,26842,2018/3/20 14:29,1316.15,1316.38,1316.38,1316.15,0,0,1521527340,10739,2018/3/20 14:29,269.35,269.35,269.35,269.35,7003100,26000
10740,26843,2018/3/20 14:30,1316.38,1316.29,1316.38,1316.27,0,0,1521527400,10740,2018/3/20 14:30,269.35,269.34,269.35,269.34,3770820,14000
10741,26844,2018/3/20 14:31,1316.29,1316.37,1316.39,1316.27,0,0,1521527460,10741,2018/3/20 14:31,269.35,269.35,269.35,269.35,1077400,4000
10742,26845,2018/3/20 14:32,1316.37,1316.26,1316.37,1316.25,0,0,1521527520,10742,2018/3/20 14:32,269.32,269.35,269.35,269.32,32859980,122000
10743,26846,2018/3/20 14:33,1316.26,1316.75,1316.77,1316.26,0,0,1521527580,10743,2018/3/20 14:33,269.36,269.35,269.36,269.35,45250820,168000
10744,26847,2018/3/20 14:34,1316.75,1316.55,1316.75,1316.55,0,0,1521527640,10744,2018/3/20 14:34,269.36,269.36,269.36,269.35,17777658,66000
10745,26848,2018/3/20 14:35,1316.56,1316.45,1316.67,1316.45,0,0,1521527700,10745,2018/3/20 14:35,269.37,269.39,269.39,269.37,7542760,28000
10746,26849,2018/3/20 14:36,1316.45,1316.55,1316.57,1316.44,0,0,1521527760,10746,2018/3/20 14:36,269.39,269.37,269.39,269.37,6464920,24000
10747,26850,2018/3/20 14:37,1316.55,1316.81,1316.82,1316.53,0,0,1521527820,10747,2018/3/20 14:37,269.37,269.4,269.4,269.37,34482820,128000
10748,26851,2018/3/20 14:38,1316.81,1316.77,1316.83,1316.77,0,0,1521527880,10748,2018/3/20 14:38,269.4,269.4,269.4,269.4,2694000,10000
10749,26852,2018/3/20 14:39,1316.77,1316.75,1316.86,1316.74,0,0,1521527940,10749,2018/3/20 14:39,269.4,269.4,269.4,269.4,5388000,20000
10750,26853,2018/3/20 14:40,1316.75,1316.96,1316.96,1316.75,0,0,1521528000,10750,2018/3/20 14:40,269.4,269.41,269.42,269.4,43644420,162000
10751,26854,2018/3/20 14:41,1316.96,1316.95,1316.99,1316.93,0,0,1521528060,10751,2018/3/20 14:41,269.42,269.44,269.44,269.42,17242920,64000
10752,26855,2018/3/20 14:42,1316.95,1316.76,1316.95,1316.75,0,0,1521528120,10752,2018/3/20 14:42,269.44,269.44,269.44,269.44,12933120,48000
10753,26856,2018/3/20 14:43,1316.76,1316.68,1316.76,1316.55,0,0,1521528180,10753,2018/3/20 14:43,269.44,269.43,269.44,269.43,9699820,36000
10754,26857,2018/3/20 14:44,1316.68,1316.67,1316.7,1316.66,0,0,1521528240,10754,2018/3/20 14:44,269.43,269.43,269.44,269.43,5388660,20000
10755,26858,2018/3/20 14:45,1316.67,1316.68,1316.69,1316.66,0,0,1521528300,10755,2018/3/20 14:45,269.43,269.43,269.43,269.43,11854920,44000
10756,26859,2018/3/20 14:46,1316.68,1316.68,1316.79,1316.66,0,0,1521528360,10756,2018/3/20 14:46,269.43,269.45,269.45,269.43,10777540,40000
10757,26860,2018/3/20 14:47,1316.68,1316.56,1316.69,1316.56,0,0,1521528420,10757,2018/3/20 14:47,269.44,269.42,269.44,269.42,15627040,58000
10758,26861,2018/3/20 14:48,1316.56,1316.18,1316.57,1316.18,0,0,1521528480,10758,2018/3/20 14:48,269.42,269.37,269.43,269.37,36639040,136000
10759,26862,2018/3/20 14:49,1316.18,1316.17,1316.18,1316.06,0,0,1521528540,10759,2018/3/20 14:49,269.37,269.39,269.39,269.37,5387460,20000
10760,26863,2018/3/20 14:50,1316.17,1315.87,1316.17,1315.86,0,0,1521528600,10760,2018/3/20 14:50,269.4,269.38,269.4,269.38,24783440,92000
10761,26864,2018/3/20 14:51,1315.88,1316.04,1316.05,1315.86,0,0,1521528660,10761,2018/3/20 14:51,269.38,269.37,269.38,269.37,30708860,114000
10762,26865,2018/3/20 14:52,1316.04,1316.05,1316.13,1316.02,0,0,1521528720,10762,2018/3/20 14:52,269.38,269.38,269.4,269.38,53339720,198000
10763,26866,2018/3/20 14:53,1316.05,1316.16,1316.16,1316.05,0,0,1521528780,10763,2018/3/20 14:53,269.36,269.37,269.37,269.36,11313139,42000
10764,26867,2018/3/20 14:54,1316.15,1316.08,1316.18,1316.07,0,0,1521528840,10764,2018/3/20 14:54,269.37,269.38,269.38,269.37,3232480,12000
10765,26868,2018/3/20 14:55,1316.08,1316.19,1316.2,1316.08,0,0,1521528900,10765,2018/3/20 14:55,269.37,269.4,269.4,269.37,26938280,100000
10766,26869,2018/3/20 14:56,1316.19,1316.08,1316.19,1316.08,0,0,1521528960,10766,2018/3/20 14:56,269.37,269.38,269.38,269.37,8081380,30000
10767,26870,2018/3/20 14:57,1316.08,1316.09,1316.1,1316.07,0,0,1521529020,10767,2018/3/20 14:57,269.4,269.38,269.4,269.38,3771560,14000
10768,26871,2018/3/20 14:58,1316.09,1316.06,1316.18,1316.06,0,0,1521529080,10768,2018/3/20 14:58,269.38,269.45,269.45,269.37,60355104,224000
10769,26872,2018/3/20 14:59,1316.06,1316.26,1316.28,1316.06,0,0,1521529140,10769,2018/3/20 14:59,269.44,269.4,269.45,269.4,8083080,30000
10770,26873,2018/3/20 15:00,1316.26,1316.08,1316.26,1315.96,0,0,1521529200,10770,2018/3/20 15:00,269.42,269.38,269.42,269.38,29632640,110000
10771,26874,2018/3/20 15:01,1316.08,1315.79,1316.17,1315.78,0,0,1521529260,10771,2018/3/20 15:01,269.38,269.38,269.4,269.38,13469240,50000
10772,26875,2018/3/20 15:02,1315.79,1315.66,1315.88,1315.64,0,0,1521529320,10772,2018/3/20 15:02,269.4,269.36,269.4,269.36,7542319.5,28000
10773,26876,2018/3/20 15:03,1315.66,1315.36,1315.75,1315.36,0,0,1521529380,10773,2018/3/20 15:03,269.36,269.35,269.36,269.35,76497896,284000
10774,26877,2018/3/20 15:04,1315.36,1315.37,1315.48,1315.26,0,0,1521529440,10774,2018/3/20 15:04,269.35,269.3,269.35,269.3,156751104,582000
10775,26878,2018/3/20 15:05,1315.38,1315.66,1315.69,1315.38,0,0,1521529500,10775,2018/3/20 15:05,269.31,269.35,269.35,269.3,12926719,48000
10776,26879,2018/3/20 15:06,1315.66,1315.65,1315.74,1315.56,0,0,1521529560,10776,2018/3/20 15:06,269.35,269.35,269.35,269.35,13467500,50000
10777,26880,2018/3/20 15:07,1315.65,1315.66,1315.75,1315.63,0,0,1521529620,10777,2018/3/20 15:07,269.35,269.35,269.35,269.35,11851400,44000
10778,26881,2018/3/20 15:08,1315.66,1315.47,1315.67,1315.47,0,0,1521529680,10778,2018/3/20 15:08,269.36,269.35,269.38,269.35,12929540,48000
10779,26882,2018/3/20 15:09,1315.47,1315.37,1315.48,1315.27,0,0,1521529740,10779,2018/3/20 15:09,269.39,269.33,269.39,269.33,17776018,66000
10780,26883,2018/3/20 15:10,1315.37,1315.37,1315.47,1315.35,0,0,1521529800,10780,2018/3/20 15:10,269.33,269.33,269.33,269.33,11311859,42000
10781,26884,2018/3/20 15:11,1315.37,1315.55,1315.57,1315.37,0,0,1521529860,10781,2018/3/20 15:11,269.33,269.35,269.35,269.33,16159899,60000
10782,26885,2018/3/20 15:12,1315.55,1315.56,1315.57,1315.46,0,0,1521529920,10782,2018/3/20 15:12,269.35,269.36,269.36,269.34,9158080,34000
10783,26886,2018/3/20 15:13,1315.56,1315.66,1315.66,1315.49,0,0,1521529980,10783,2018/3/20 15:13,269.36,269.37,269.37,269.36,2693620,10000
10784,26887,2018/3/20 15:14,1315.66,1315.64,1315.66,1315.6,0,0,1521530040,10784,2018/3/20 15:14,269.36,269.37,269.37,269.36,5387300,20000
10785,26888,2018/3/20 15:15,1315.64,1315.34,1315.65,1315.26,0,0,1521530100,10785,2018/3/20 15:15,269.36,269.36,269.36,269.34,31243980,116000
10786,26889,2018/3/20 15:16,1315.33,1315.66,1315.75,1315.3,0,0,1521530160,10786,2018/3/20 15:16,269.35,269.36,269.36,269.35,22087100,82000
10787,26890,2018/3/20 15:17,1315.66,1315.35,1315.73,1315.34,0,0,1521530220,10787,2018/3/20 15:17,269.36,269.35,269.36,269.35,21010018,78000
10788,26891,2018/3/20 15:18,1315.35,1315.55,1315.56,1315.34,0,0,1521530280,10788,2018/3/20 15:18,269.35,269.39,269.39,269.35,65190744,242000
10789,26892,2018/3/20 15:19,1315.55,1315.46,1315.56,1315.35,0,0,1521530340,10789,2018/3/20 15:19,269.35,269.36,269.4,269.35,66267880,246000
10790,26893,2018/3/20 15:20,1315.46,1315.35,1315.47,1315.35,0,0,1521530400,10790,2018/3/20 15:20,269.36,269.36,269.4,269.35,66262496,246000
10791,26894,2018/3/20 15:21,1315.35,1315.08,1315.35,1315.04,0,0,1521530460,10791,2018/3/20 15:21,269.36,269.33,269.4,269.33,49560516,184000
10792,26895,2018/3/20 15:22,1315.08,1315.27,1315.27,1315.06,0,0,1521530520,10792,2018/3/20 15:22,269.35,269.35,269.35,269.35,1077400,4000
10793,26896,2018/3/20 15:23,1315.27,1315.17,1315.37,1315.16,0,0,1521530580,10793,2018/3/20 15:23,269.33,269.33,269.35,269.33,6464000,24000
10794,26897,2018/3/20 15:24,1315.17,1315.07,1315.18,1314.97,0,0,1521530640,10794,2018/3/20 15:24,269.33,269.31,269.33,269.31,24238800,90000
10795,26898,2018/3/20 15:25,1315.07,1315.07,1315.16,1314.96,0,0,1521530700,10795,2018/3/20 15:25,269.3,269.28,269.32,269.28,20466800,76000
10796,26899,2018/3/20 15:26,1315.07,1315.18,1315.25,1315.07,0,0,1521530760,10796,2018/3/20 15:26,269.28,269.3,269.3,269.27,12926260,48000
10797,26900,2018/3/20 15:27,1315.18,1315.36,1315.36,1315.16,0,0,1521530820,10797,2018/3/20 15:27,269.3,269.3,269.3,269.3,5924600,22000
10798,26901,2018/3/20 15:28,1315.35,1315.19,1315.36,1315.19,0,0,1521530880,10798,2018/3/20 15:28,269.3,269.29,269.3,269.29,12387680,46000
10799,26902,2018/3/20 15:29,1315.19,1314.84,1315.19,1314.79,0,0,1521530940,10799,2018/3/20 15:29,269.29,269.22,269.3,269.22,11847500,44000
11729,29301,2018/3/22 9:00,1333.97,1334.61,1334.61,1333.57,0,0,1521680400,11729,2018/3/22 9:00,272,272.08,272.19,271.9,886810240,3260000
11730,29302,2018/3/22 9:01,1334.6,1334.56,1335.01,1334.47,0,0,1521680460,11730,2018/3/22 9:01,272.15,272.23,272.27,272.15,218312960,802000
11731,29303,2018/3/22 9:02,1334.56,1334.17,1334.56,1333.96,0,0,1521680520,11731,2018/3/22 9:02,272.24,272.21,272.25,272.18,223761216,822000
11732,29304,2018/3/22 9:03,1334.17,1334.36,1334.45,1333.98,0,0,1521680580,11732,2018/3/22 9:03,272.21,272.29,272.38,272.21,229276016,842000
11733,29305,2018/3/22 9:04,1334.36,1334.26,1334.36,1334.08,0,0,1521680640,11733,2018/3/22 9:04,272.29,272.27,272.31,272.23,206943072,760000
11734,29306,2018/3/22 9:05,1334.26,1334.16,1334.36,1334.08,0,0,1521680700,11734,2018/3/22 9:05,272.27,272.31,272.32,272.26,162833664,598000
11735,29307,2018/3/22 9:06,1334.16,1333.97,1334.18,1333.97,0,0,1521680760,11735,2018/3/22 9:06,272.3,272.32,272.38,272.3,119275736,438000
11736,29308,2018/3/22 9:07,1333.97,1333.57,1333.97,1333.57,0,0,1521680820,11736,2018/3/22 9:07,272.33,272.32,272.37,272.3,226047664,830000
11737,29309,2018/3/22 9:08,1333.57,1333.65,1333.66,1333.46,0,0,1521680880,11737,2018/3/22 9:08,272.3,272.28,272.3,272.26,111639216,410000
11738,29310,2018/3/22 9:09,1333.65,1333.25,1333.66,1333.17,0,0,1521680940,11738,2018/3/22 9:09,272.28,272.25,272.29,272.25,49009100,180000
11739,29311,2018/3/22 9:10,1333.25,1333.55,1333.56,1333.25,0,0,1521681000,11739,2018/3/22 9:10,272.25,272.26,272.27,272.23,69695264,256000
11740,29312,2018/3/22 9:11,1333.55,1333.25,1333.56,1333.25,0,0,1521681060,11740,2018/3/22 9:11,272.26,272.2,272.27,272.2,62614940,230000
11741,29313,2018/3/22 9:12,1333.25,1333.28,1333.38,1333.16,0,0,1521681120,11741,2018/3/22 9:12,272.2,272.18,272.21,272.18,46817580,172000
11742,29314,2018/3/22 9:13,1333.28,1333.05,1333.33,1332.98,0,0,1521681180,11742,2018/3/22 9:13,272.16,272.08,272.18,272.08,94163440,346000
11743,29315,2018/3/22 9:14,1333.06,1332.76,1333.06,1332.66,0,0,1521681240,11743,2018/3/22 9:14,272.08,272.02,272.08,272,130583456,480000
11744,29316,2018/3/22 9:15,1332.76,1332.95,1332.97,1332.72,0,0,1521681300,11744,2018/3/22 9:15,272.01,272.04,272.05,272.01,124596688,458000
11745,29317,2018/3/22 9:16,1332.95,1332.86,1332.96,1332.77,0,0,1521681360,11745,2018/3/22 9:16,272.04,272.06,272.09,272.02,157788384,580000
11746,29318,2018/3/22 9:17,1332.86,1333.06,1333.16,1332.86,0,0,1521681420,11746,2018/3/22 9:17,272.1,272.1,272.11,272.06,62037880,228000
11747,29319,2018/3/22 9:18,1333.06,1332.88,1333.07,1332.88,0,0,1521681480,11747,2018/3/22 9:18,272.1,272.07,272.1,272.07,60401800,222000
11748,29320,2018/3/22 9:19,1332.88,1332.88,1332.97,1332.78,0,0,1521681540,11748,2018/3/22 9:19,272.07,272.05,272.08,272.05,80529640,296000
11749,29321,2018/3/22 9:20,1332.88,1332.88,1332.98,1332.88,0,0,1521681600,11749,2018/3/22 9:20,272.06,272.05,272.06,272.05,12514520,46000
11750,29322,2018/3/22 9:21,1332.88,1332.89,1332.9,1332.85,0,0,1521681660,11750,2018/3/22 9:21,272.05,272.05,272.07,272.05,22308140,82000
11751,29323,2018/3/22 9:22,1332.89,1332.48,1332.9,1332.47,0,0,1521681720,11751,2018/3/22 9:22,272.05,272.05,272.07,272.05,94129720,346000
11752,29324,2018/3/22 9:23,1332.48,1332.37,1332.66,1332.37,0,0,1521681780,11752,2018/3/22 9:23,272.05,272.02,272.05,272.01,29922360,110000
11753,29325,2018/3/22 9:24,1332.37,1332.45,1332.56,1332.37,0,0,1521681840,11753,2018/3/22 9:24,272.01,272,272.02,272,93025984,342000
11754,29326,2018/3/22 9:25,1332.45,1332.26,1332.46,1332.15,0,0,1521681900,11754,2018/3/22 9:25,272,271.91,272,271.91,86489680,318000
11755,29327,2018/3/22 9:26,1332.26,1332.27,1332.45,1332.26,0,0,1521681960,11755,2018/3/22 9:26,271.92,271.97,271.97,271.92,28284400,104000
11756,29328,2018/3/22 9:27,1332.27,1332.16,1332.27,1331.88,0,0,1521682020,11756,2018/3/22 9:27,271.97,271.95,271.97,271.95,50585260,186000
11757,29329,2018/3/22 9:28,1332.16,1332.07,1332.28,1332.07,0,0,1521682080,11757,2018/3/22 9:28,271.97,271.97,271.98,271.95,31547980,116000
11758,29330,2018/3/22 9:29,1332.07,1332.07,1332.17,1331.97,0,0,1521682140,11758,2018/3/22 9:29,271.96,271.95,271.96,271.95,78321824,288000
11759,29331,2018/3/22 9:30,1332.07,1331.87,1332.18,1331.87,0,0,1521682200,11759,2018/3/22 9:30,271.94,271.94,271.97,271.94,42967420,158000
11760,29332,2018/3/22 9:31,1331.86,1331.77,1331.88,1331.77,0,0,1521682260,11760,2018/3/22 9:31,271.94,271.93,271.94,271.93,52210900,192000
11761,29333,2018/3/22 9:32,1331.77,1331.96,1331.96,1331.66,0,0,1521682320,11761,2018/3/22 9:32,271.93,271.92,271.93,271.92,27192660,100000
11762,29334,2018/3/22 9:33,1331.96,1332.17,1332.31,1331.96,0,0,1521682380,11762,2018/3/22 9:33,271.92,271.95,271.95,271.92,51123120,188000
11763,29335,2018/3/22 9:34,1332.17,1332.28,1332.28,1332.17,0,0,1521682440,11763,2018/3/22 9:34,271.94,271.95,271.98,271.94,13597760,50000
11764,29336,2018/3/22 9:35,1332.28,1331.97,1332.33,1331.97,0,0,1521682500,11764,2018/3/22 9:35,271.99,271.96,272,271.96,15774840,58000
11765,29337,2018/3/22 9:36,1331.97,1331.86,1331.98,1331.78,0,0,1521682560,11765,2018/3/22 9:36,271.96,271.95,271.97,271.95,82673720,304000
11766,29338,2018/3/22 9:37,1331.86,1331.98,1332.1,1331.86,0,0,1521682620,11766,2018/3/22 9:37,271.94,271.94,271.95,271.94,38615860,142000
11767,29339,2018/3/22 9:38,1331.98,1331.77,1331.98,1331.68,0,0,1521682680,11767,2018/3/22 9:38,271.96,271.93,271.96,271.93,42966140,158000
11768,29340,2018/3/22 9:39,1331.77,1331.97,1332.07,1331.77,0,0,1521682740,11768,2018/3/22 9:39,271.93,271.9,271.93,271.9,79944096,294000
11769,29341,2018/3/22 9:40,1331.97,1331.87,1331.98,1331.68,0,0,1521682800,11769,2018/3/22 9:40,271.9,271.88,271.93,271.88,46223140,170000
11770,29342,2018/3/22 9:41,1331.87,1332.06,1332.07,1331.87,0,0,1521682860,11770,2018/3/22 9:41,271.88,271.9,271.92,271.88,20664300,76000
11771,29343,2018/3/22 9:42,1332.06,1331.98,1332.17,1331.88,0,0,1521682920,11771,2018/3/22 9:42,271.92,271.9,271.92,271.9,96796520,356000
11772,29344,2018/3/22 9:43,1331.98,1331.97,1332.07,1331.87,0,0,1521682980,11772,2018/3/22 9:43,271.9,271.92,271.92,271.9,16314160,60000
11773,29345,2018/3/22 9:44,1331.97,1331.98,1332.07,1331.96,0,0,1521683040,11773,2018/3/22 9:44,271.9,271.9,271.92,271.9,9244980,34000
11774,29347,2018/3/22 9:46,1331.87,1331.86,1331.89,1331.86,0,0,1521683160,11774,2018/3/22 9:46,271.93,271.93,271.93,271.92,33175320,122000
11775,29348,2018/3/22 9:47,1331.86,1331.48,1331.88,1331.43,0,0,1521683220,11775,2018/3/22 9:47,271.93,271.9,271.93,271.9,14683140,54000
11776,29349,2018/3/22 9:48,1331.48,1331.38,1331.58,1331.37,0,0,1521683280,11776,2018/3/22 9:48,271.9,271.9,271.93,271.9,8157060,30000
11777,29350,2018/3/22 9:49,1331.38,1331.57,1331.68,1331.38,0,0,1521683340,11777,2018/3/22 9:49,271.9,271.92,271.92,271.9,11420200,42000
11778,29351,2018/3/22 9:50,1331.57,1331.47,1331.63,1331.47,0,0,1521683400,11778,2018/3/22 9:50,271.91,271.91,271.91,271.91,8701120,32000
11779,29352,2018/3/22 9:51,1331.47,1331.27,1331.48,1331.27,0,0,1521683460,11779,2018/3/22 9:51,271.9,271.9,271.92,271.9,5981920,22000
11780,29353,2018/3/22 9:52,1331.27,1331.27,1331.37,1331.26,0,0,1521683520,11780,2018/3/22 9:52,271.92,271.9,271.92,271.9,30453080,112000
11781,29354,2018/3/22 9:53,1331.27,1331.06,1331.27,1330.96,0,0,1521683580,11781,2018/3/22 9:53,271.9,271.9,271.9,271.9,25014800,92000
11782,29355,2018/3/22 9:54,1331.07,1331.06,1331.16,1330.97,0,0,1521683640,11782,2018/3/22 9:54,271.9,271.9,271.91,271.9,40241240,148000
11783,29356,2018/3/22 9:55,1331.07,1330.67,1331.17,1330.54,0,0,1521683700,11783,2018/3/22 9:55,271.9,271.85,271.9,271.85,41870440,154000
11784,29357,2018/3/22 9:56,1330.67,1330.35,1330.76,1330.35,0,0,1521683760,11784,2018/3/22 9:56,271.85,271.85,271.86,271.85,50020420,184000
11785,29358,2018/3/22 9:57,1330.35,1330.57,1330.57,1330.35,0,0,1521683820,11785,2018/3/22 9:57,271.83,271.81,271.83,271.8,19026580,70000
11786,29359,2018/3/22 9:58,1330.57,1330.76,1330.76,1330.47,0,0,1521683880,11786,2018/3/22 9:58,271.81,271.81,271.82,271.81,40228940,148000
11787,29360,2018/3/22 9:59,1330.76,1331.01,1331.05,1330.66,0,0,1521683940,11787,2018/3/22 9:59,271.8,271.83,271.83,271.8,79912560,294000
11788,29361,2018/3/22 10:00,1331,1330.97,1331.26,1330.97,0,0,1521684000,11788,2018/3/22 10:00,271.83,271.84,271.88,271.83,53281500,196000
11789,29362,2018/3/22 10:01,1330.97,1330.87,1330.97,1330.86,0,0,1521684060,11789,2018/3/22 10:01,271.85,271.85,271.85,271.85,22835400,84000
11790,29363,2018/3/22 10:02,1330.87,1330.77,1330.87,1330.66,0,0,1521684120,11790,2018/3/22 10:02,271.85,271.85,271.85,271.85,7068100,26000
11791,29364,2018/3/22 10:03,1330.77,1330.77,1330.89,1330.76,0,0,1521684180,11791,2018/3/22 10:03,271.87,271.88,271.9,271.87,4894020,18000
11792,29365,2018/3/22 10:04,1330.77,1330.56,1330.77,1330.47,0,0,1521684240,11792,2018/3/22 10:04,271.84,271.83,271.86,271.83,15223780,56000
11793,29366,2018/3/22 10:05,1330.56,1330.4,1330.57,1330.38,0,0,1521684300,11793,2018/3/22 10:05,271.83,271.82,271.83,271.81,10872760,40000
11794,29367,2018/3/22 10:06,1330.4,1330.3,1330.48,1330.27,0,0,1521684360,11794,2018/3/22 10:06,271.82,271.8,271.83,271.8,53818560,198000
11795,29368,2018/3/22 10:07,1330.3,1330.39,1330.4,1330.29,0,0,1521684420,11795,2018/3/22 10:07,271.82,271.8,271.82,271.8,42400840,156000
11796,29369,2018/3/22 10:08,1330.39,1330.27,1330.45,1330.27,0,0,1521684480,11796,2018/3/22 10:08,271.8,271.81,271.81,271.8,11959400,44000
11797,29370,2018/3/22 10:09,1330.27,1330.19,1330.38,1329.88,0,0,1521684540,11797,2018/3/22 10:09,271.81,271.8,271.81,271.8,25549300,94000
11798,29371,2018/3/22 10:10,1330.19,1330.47,1330.56,1330.19,0,0,1521684600,11798,2018/3/22 10:10,271.8,271.81,271.81,271.76,12503040,46000
11799,29372,2018/3/22 10:11,1330.47,1330.55,1330.56,1330.36,0,0,1521684660,11799,2018/3/22 10:11,271.82,271.83,271.83,271.81,27726320,102000
11800,29373,2018/3/22 10:12,1330.55,1330.86,1330.87,1330.55,0,0,1521684720,11800,2018/3/22 10:12,271.82,271.85,271.85,271.81,39688180,146000
11801,29374,2018/3/22 10:13,1330.86,1330.77,1330.9,1330.67,0,0,1521684780,11801,2018/3/22 10:13,271.85,271.85,271.85,271.85,11961400,44000
11802,29375,2018/3/22 10:14,1330.77,1330.97,1330.97,1330.77,0,0,1521684840,11802,2018/3/22 10:14,271.85,271.85,271.85,271.83,54369960,200000
11803,29376,2018/3/22 10:15,1330.97,1330.67,1330.97,1330.67,0,0,1521684900,11803,2018/3/22 10:15,271.88,271.88,271.88,271.88,1087520,4000
11804,29377,2018/3/22 10:16,1330.67,1330.76,1330.86,1330.67,0,0,1521684960,11804,2018/3/22 10:16,271.88,271.85,271.88,271.85,25010500,92000
11805,29378,2018/3/22 10:17,1330.76,1331.07,1331.07,1330.75,0,0,1521685020,11805,2018/3/22 10:17,271.81,271.8,271.85,271.8,46207840,170000
11806,29379,2018/3/22 10:18,1331.07,1331.09,1331.21,1330.98,0,0,1521685080,11806,2018/3/22 10:18,271.8,271.85,271.85,271.8,24465120,90000
11807,29380,2018/3/22 10:19,1331.09,1331.08,1331.22,1331.08,0,0,1521685140,11807,2018/3/22 10:19,271.85,271.8,271.85,271.8,19027960,70000
11808,29381,2018/3/22 10:20,1331.08,1331.22,1331.23,1330.99,0,0,1521685200,11808,2018/3/22 10:20,271.8,271.84,271.84,271.8,7610640,28000
11809,29382,2018/3/22 10:21,1331.22,1331.18,1331.4,1331.18,0,0,1521685260,11809,2018/3/22 10:21,271.85,271.88,271.88,271.85,11418300,42000
11810,29383,2018/3/22 10:22,1331.18,1331.28,1331.37,1331.18,0,0,1521685320,11810,2018/3/22 10:22,271.88,271.87,271.88,271.87,16856460,62000
11811,29384,2018/3/22 10:23,1331.28,1331.28,1331.28,1331.17,0,0,1521685380,11811,2018/3/22 10:23,271.87,271.87,271.87,271.87,2174960,8000
11812,29385,2018/3/22 10:24,1331.28,1331.07,1331.28,1331.06,0,0,1521685440,11812,2018/3/22 10:24,271.82,271.82,271.82,271.82,8698240,32000
11813,29387,2018/3/22 10:26,1331.07,1330.77,1331.07,1330.76,0,0,1521685560,11813,2018/3/22 10:26,271.83,271.82,271.83,271.82,2174600,8000
11814,29388,2018/3/22 10:27,1330.77,1331.06,1331.06,1330.77,0,0,1521685620,11814,2018/3/22 10:27,271.83,271.83,271.83,271.82,5436560,20000
11815,29389,2018/3/22 10:28,1331.06,1331.05,1331.07,1331.05,0,0,1521685680,11815,2018/3/22 10:28,271.83,271.84,271.84,271.83,10329560,38000
11816,29390,2018/3/22 10:29,1331.06,1331.06,1331.07,1330.96,0,0,1521685740,11816,2018/3/22 10:29,271.82,271.82,271.82,271.82,3261840,12000
11817,29391,2018/3/22 10:30,1331.06,1331.17,1331.27,1331.03,0,0,1521685800,11817,2018/3/22 10:30,271.84,271.84,271.84,271.84,4349440,16000
11818,29392,2018/3/22 10:31,1331.17,1331.07,1331.18,1331.05,0,0,1521685860,11818,2018/3/22 10:31,271.85,271.86,271.86,271.84,7068120,26000
11819,29393,2018/3/22 10:32,1331.07,1330.97,1331.07,1330.88,0,0,1521685920,11819,2018/3/22 10:32,271.85,271.86,271.86,271.82,45666180,168000
11820,29394,2018/3/22 10:33,1330.97,1330.98,1331.08,1330.97,0,0,1521685980,11820,2018/3/22 10:33,271.86,271.86,271.86,271.86,10874399,40000
11821,29395,2018/3/22 10:34,1330.98,1330.88,1330.98,1330.88,0,0,1521686040,11821,2018/3/22 10:34,271.86,271.86,271.86,271.86,12505559,46000
11822,29396,2018/3/22 10:35,1330.88,1330.98,1330.98,1330.78,0,0,1521686100,11822,2018/3/22 10:35,271.85,271.83,271.85,271.83,11960560,44000
11823,29397,2018/3/22 10:36,1330.98,1330.93,1331.05,1330.92,0,0,1521686160,11823,2018/3/22 10:36,271.85,271.85,271.85,271.85,27185000,100000
11824,29398,2018/3/22 10:37,1330.92,1331.05,1331.08,1330.92,0,0,1521686220,11824,2018/3/22 10:37,271.85,271.85,271.85,271.85,9242900,34000
11825,29399,2018/3/22 10:38,1331.05,1331.16,1331.16,1331.05,0,0,1521686280,11825,2018/3/22 10:38,271.85,271.85,271.86,271.85,1631120,6000
11826,29400,2018/3/22 10:39,1331.16,1331.05,1331.16,1331.05,0,0,1521686340,11826,2018/3/22 10:39,271.86,271.87,271.87,271.86,8699720,32000
11827,29401,2018/3/22 10:40,1331.05,1331.05,1331.07,1331.03,0,0,1521686400,11827,2018/3/22 10:40,271.86,271.87,271.87,271.86,8156080,30000
11828,29402,2018/3/22 10:41,1331.05,1331.03,1331.11,1330.98,0,0,1521686460,11828,2018/3/22 10:41,271.86,271.86,271.87,271.86,34254736,126000
11829,29403,2018/3/22 10:42,1331.03,1331.13,1331.14,1331.03,0,0,1521686520,11829,2018/3/22 10:42,271.86,271.86,271.86,271.86,3262320,12000
11830,29404,2018/3/22 10:43,1331.13,1331.13,1331.23,1331.08,0,0,1521686580,11830,2018/3/22 10:43,271.87,271.87,271.88,271.87,27730780,102000
11831,29405,2018/3/22 10:44,1331.13,1331.04,1331.28,1331.03,0,0,1521686640,11831,2018/3/22 10:44,271.87,271.87,271.88,271.87,21749720,80000
11832,29406,2018/3/22 10:45,1331.04,1331.01,1331.08,1330.93,0,0,1521686700,11832,2018/3/22 10:45,271.88,271.89,271.9,271.88,16857020,62000
11833,29407,2018/3/22 10:46,1331.01,1330.73,1331.02,1330.72,0,0,1521686760,11833,2018/3/22 10:46,271.88,271.89,271.9,271.87,27189102,100000
11834,29408,2018/3/22 10:47,1330.73,1330.95,1330.95,1330.73,0,0,1521686820,11834,2018/3/22 10:47,271.89,271.89,271.9,271.89,22839142,84000
11835,29409,2018/3/22 10:48,1330.95,1330.96,1331.06,1330.93,0,0,1521686880,11835,2018/3/22 10:48,271.9,271.9,271.9,271.87,11419680,42000
11836,29410,2018/3/22 10:49,1330.96,1330.96,1330.96,1330.77,0,0,1521686940,11836,2018/3/22 10:49,271.89,271.87,271.9,271.87,22294400,82000
11837,29411,2018/3/22 10:50,1330.96,1330.84,1330.97,1330.84,0,0,1521687000,11837,2018/3/22 10:50,271.89,271.9,271.9,271.89,51116900,188000
11838,29412,2018/3/22 10:51,1330.85,1330.66,1330.86,1330.64,0,0,1521687060,11838,2018/3/22 10:51,271.89,271.87,271.89,271.87,2718860,10000
11839,29413,2018/3/22 10:52,1330.66,1330.76,1330.96,1330.63,0,0,1521687120,11839,2018/3/22 10:52,271.87,271.87,271.89,271.87,5437480,20000
11840,29414,2018/3/22 10:53,1330.75,1330.56,1330.76,1330.56,0,0,1521687180,11840,2018/3/22 10:53,271.87,271.88,271.88,271.87,8156380,30000
11841,29415,2018/3/22 10:54,1330.56,1330.35,1330.56,1330.35,0,0,1521687240,11841,2018/3/22 10:54,271.89,271.85,271.89,271.85,27730140,102000
11842,29416,2018/3/22 10:55,1330.35,1330.34,1330.46,1330.27,0,0,1521687300,11842,2018/3/22 10:55,271.84,271.84,271.84,271.8,55994960,206000
11843,29417,2018/3/22 10:56,1330.33,1330.33,1330.46,1330.25,0,0,1521687360,11843,2018/3/22 10:56,271.84,271.82,271.84,271.82,1630960,6000
11844,29418,2018/3/22 10:57,1330.33,1330.44,1330.51,1330.32,0,0,1521687420,11844,2018/3/22 10:57,271.83,271.82,271.83,271.82,3261900,12000
11845,29419,2018/3/22 10:58,1330.44,1330.41,1330.44,1330.31,0,0,1521687480,11845,2018/3/22 10:58,271.82,271.82,271.84,271.82,5436640,20000
11846,29420,2018/3/22 10:59,1330.41,1330.33,1330.44,1330.33,0,0,1521687540,11846,2018/3/22 10:59,271.84,271.8,271.84,271.8,38052540,140000
11847,29421,2018/3/22 11:00,1330.33,1330.24,1330.41,1330.13,0,0,1521687600,11847,2018/3/22 11:00,271.81,271.8,271.81,271.8,11959260,44000
11848,29422,2018/3/22 11:01,1330.24,1330.1,1330.26,1330.1,0,0,1521687660,11848,2018/3/22 11:01,271.81,271.8,271.81,271.77,43484460,160000
11849,29423,2018/3/22 11:02,1330.1,1330.08,1330.17,1329.87,0,0,1521687720,11849,2018/3/22 11:02,271.77,271.8,271.8,271.77,17394958,64000
11850,29424,2018/3/22 11:03,1330.08,1330.18,1330.18,1329.97,0,0,1521687780,11850,2018/3/22 11:03,271.8,271.8,271.8,271.78,13046320,48000
11851,29425,2018/3/22 11:04,1330.18,1330.38,1330.42,1330.15,0,0,1521687840,11851,2018/3/22 11:04,271.8,271.8,271.8,271.78,9241000,34000
11852,29426,2018/3/22 11:05,1330.38,1330.46,1330.47,1330.28,0,0,1521687900,11852,2018/3/22 11:05,271.8,271.77,271.8,271.77,19568900,72000
11853,29427,2018/3/22 11:06,1330.46,1330.57,1330.65,1330.42,0,0,1521687960,11853,2018/3/22 11:06,271.77,271.81,271.81,271.77,15763460,58000
11854,29428,2018/3/22 11:07,1330.57,1330.57,1330.65,1330.46,0,0,1521688020,11854,2018/3/22 11:07,271.78,271.8,271.8,271.78,15764320,58000
11855,29429,2018/3/22 11:08,1330.57,1330.36,1330.58,1330.26,0,0,1521688080,11855,2018/3/22 11:08,271.78,271.78,271.81,271.78,11958420,44000
11856,29430,2018/3/22 11:09,1330.36,1330.05,1330.38,1330.04,0,0,1521688140,11856,2018/3/22 11:09,271.8,271.8,271.81,271.8,42944820,158000
11857,29431,2018/3/22 11:10,1330.05,1329.96,1330.14,1329.96,0,0,1521688200,11857,2018/3/22 11:10,271.8,271.8,271.8,271.8,3805200,14000
11858,29432,2018/3/22 11:11,1329.96,1329.97,1330.09,1329.9,0,0,1521688260,11858,2018/3/22 11:11,271.79,271.79,271.79,271.79,4892220,18000
11859,29433,2018/3/22 11:12,1329.97,1329.88,1329.97,1329.88,0,0,1521688320,11859,2018/3/22 11:12,271.79,271.78,271.79,271.78,2717820,10000
11860,29434,2018/3/22 11:13,1329.88,1329.85,1329.99,1329.84,0,0,1521688380,11860,2018/3/22 11:13,271.79,271.78,271.79,271.78,4348540,16000
11861,29435,2018/3/22 11:14,1329.85,1329.75,1329.86,1329.75,0,0,1521688440,11861,2018/3/22 11:14,271.78,271.77,271.78,271.77,5435520,20000
11862,29436,2018/3/22 11:15,1329.75,1329.87,1329.89,1329.68,0,0,1521688500,11862,2018/3/22 11:15,271.77,271.75,271.77,271.75,13044620,48000
11863,29437,2018/3/22 11:16,1329.87,1329.87,1329.89,1329.85,0,0,1521688560,11863,2018/3/22 11:16,271.75,271.75,271.75,271.75,3261000,12000
11864,29438,2018/3/22 11:17,1329.87,1329.86,1329.89,1329.84,0,0,1521688620,11864,2018/3/22 11:17,271.75,271.75,271.75,271.75,543500,2000
11865,29439,2018/3/22 11:18,1329.86,1329.76,1329.86,1329.76,0,0,1521688680,11865,2018/3/22 11:18,271.7,271.7,271.7,271.7,10868000,40000
11866,29440,2018/3/22 11:19,1329.77,1329.88,1329.97,1329.75,0,0,1521688740,11866,2018/3/22 11:19,271.69,271.7,271.7,271.69,7607580,28000
11867,29441,2018/3/22 11:20,1329.88,1329.87,1329.88,1329.77,0,0,1521688800,11867,2018/3/22 11:20,271.71,271.7,271.71,271.7,52709884,194000
11868,29442,2018/3/22 11:21,1329.87,1330.28,1330.29,1329.87,0,0,1521688860,11868,2018/3/22 11:21,271.71,271.7,271.71,271.7,5977520,22000
11869,29443,2018/3/22 11:22,1330.29,1330.17,1330.3,1330.07,0,0,1521688920,11869,2018/3/22 11:22,271.7,271.7,271.72,271.7,79881224,294000
11870,29444,2018/3/22 11:23,1330.18,1329.8,1330.18,1329.79,0,0,1521688980,11870,2018/3/22 11:23,271.7,271.68,271.71,271.68,26081580,96000
11871,29445,2018/3/22 11:24,1329.79,1329.78,1330,1329.7,0,0,1521689040,11871,2018/3/22 11:24,271.68,271.65,271.68,271.65,12496860,46000
11872,29446,2018/3/22 11:25,1329.78,1329.79,1329.88,1329.75,0,0,1521689100,11872,2018/3/22 11:25,271.65,271.66,271.66,271.65,3259860,12000
11873,29447,2018/3/22 11:26,1329.79,1329.79,1329.8,1329.69,0,0,1521689160,11873,2018/3/22 11:26,271.66,271.65,271.66,271.65,4889800,18000
11874,29448,2018/3/22 11:27,1329.79,1330.01,1330.1,1329.79,0,0,1521689220,11874,2018/3/22 11:27,271.66,271.68,271.68,271.66,30426160,112000
11875,29449,2018/3/22 11:28,1330.01,1329.95,1330.05,1329.77,0,0,1521689280,11875,2018/3/22 11:28,271.68,271.7,271.7,271.66,29341320,108000
11876,29450,2018/3/22 11:29,1329.96,1329.96,1330.06,1329.93,0,0,1521689340,11876,2018/3/22 11:29,271.7,271.7,271.73,271.7,13585640,50000
11877,29571,2018/3/22 13:30,1328.99,1328.9,1329.22,1328.9,0,0,1521696600,11877,2018/3/22 13:30,271.68,271.62,271.68,271.61,10866340,40000
11878,29572,2018/3/22 13:31,1328.9,1328.57,1328.91,1328.54,0,0,1521696660,11878,2018/3/22 13:31,271.62,271.6,271.62,271.6,57580220,212000
11879,29573,2018/3/22 13:32,1328.57,1328.67,1328.67,1328.47,0,0,1521696720,11879,2018/3/22 13:32,271.6,271.59,271.6,271.59,10863940,40000
11880,29574,2018/3/22 13:33,1328.67,1328.47,1328.74,1328.47,0,0,1521696780,11880,2018/3/22 13:33,271.58,271.58,271.61,271.58,17925420,66000
11881,29575,2018/3/22 13:34,1328.47,1328.57,1328.65,1328.47,0,0,1521696840,11881,2018/3/22 13:34,271.62,271.58,271.62,271.58,10320760,38000
11882,29576,2018/3/22 13:35,1328.57,1328.18,1328.57,1328.17,0,0,1521696900,11882,2018/3/22 13:35,271.58,271.53,271.58,271.53,10319440,38000
11883,29577,2018/3/22 13:36,1328.18,1328.3,1328.42,1328.18,0,0,1521696960,11883,2018/3/22 13:36,271.53,271.55,271.55,271.53,7060020,26000
11884,29578,2018/3/22 13:37,1328.3,1328.17,1328.38,1328.15,0,0,1521697020,11884,2018/3/22 13:37,271.55,271.54,271.55,271.52,8146240,30000
11885,29579,2018/3/22 13:38,1328.17,1328.18,1328.18,1328.15,0,0,1521697080,11885,2018/3/22 13:38,271.52,271.5,271.55,271.5,36924780,136000
11886,29580,2018/3/22 13:39,1328.18,1327.89,1328.28,1327.8,0,0,1521697140,11886,2018/3/22 13:39,271.52,271.5,271.52,271.48,30407600,112000
11887,29581,2018/3/22 13:40,1327.89,1327.78,1327.99,1327.78,0,0,1521697200,11887,2018/3/22 13:40,271.47,271.46,271.5,271.45,106411240,392000
11888,29582,2018/3/22 13:41,1327.78,1327.67,1327.99,1327.61,0,0,1521697260,11888,2018/3/22 13:41,271.46,271.45,271.46,271.45,30946240,114000
11889,29583,2018/3/22 13:42,1327.68,1327.69,1327.79,1327.67,0,0,1521697320,11889,2018/3/22 13:42,271.45,271.46,271.46,271.45,19001820,70000
11890,29584,2018/3/22 13:43,1327.69,1327.77,1327.88,1327.69,0,0,1521697380,11890,2018/3/22 13:43,271.45,271.46,271.46,271.45,81978304,302000
11891,29585,2018/3/22 13:44,1327.77,1327.6,1327.83,1327.58,0,0,1521697440,11891,2018/3/22 13:44,271.45,271.47,271.47,271.45,3800420,14000
11892,29586,2018/3/22 13:45,1327.6,1327.71,1327.79,1327.52,0,0,1521697500,11892,2018/3/22 13:45,271.47,271.42,271.47,271.42,102605160,378000
11893,29587,2018/3/22 13:46,1327.71,1327.8,1327.8,1327.66,0,0,1521697560,11893,2018/3/22 13:46,271.42,271.42,271.45,271.42,15742821,58000
11894,29588,2018/3/22 13:47,1327.8,1327.71,1327.81,1327.7,0,0,1521697620,11894,2018/3/22 13:47,271.45,271.48,271.48,271.45,4886460,18000
11895,29589,2018/3/22 13:48,1327.71,1327.7,1327.8,1327.61,0,0,1521697680,11895,2018/3/22 13:48,271.48,271.49,271.49,271.48,5972760,22000
11896,29590,2018/3/22 13:49,1327.7,1327.69,1327.71,1327.6,0,0,1521697740,11896,2018/3/22 13:49,271.48,271.48,271.48,271.46,112935608,416000
11897,29591,2018/3/22 13:50,1327.7,1327.82,1327.83,1327.66,0,0,1521697800,11897,2018/3/22 13:50,271.47,271.47,271.47,271.46,3800520,14000
11898,29592,2018/3/22 13:51,1327.82,1327.82,1327.83,1327.72,0,0,1521697860,11898,2018/3/22 13:51,271.47,271.45,271.48,271.45,43977380,162000
11899,29593,2018/3/22 13:52,1327.82,1327.9,1327.93,1327.82,0,0,1521697920,11899,2018/3/22 13:52,271.45,271.48,271.48,271.45,59181520,218000
11900,29594,2018/3/22 13:53,1327.9,1328.02,1328.03,1327.9,0,0,1521697980,11900,2018/3/22 13:53,271.48,271.49,271.49,271.48,34206780,126000
11901,29595,2018/3/22 13:54,1328.02,1328.02,1328.02,1327.92,0,0,1521698040,11901,2018/3/22 13:54,271.49,271.5,271.5,271.49,38009160,140000
11902,29596,2018/3/22 13:55,1328.02,1328.03,1328.06,1328.02,0,0,1521698100,11902,2018/3/22 13:55,271.49,271.54,271.54,271.49,91223800,336000
11903,29597,2018/3/22 13:56,1328.03,1328.11,1328.11,1328.01,0,0,1521698160,11903,2018/3/22 13:56,271.5,271.5,271.5,271.5,1086000,4000
11904,29598,2018/3/22 13:57,1328.11,1328.15,1328.15,1328.04,0,0,1521698220,11904,2018/3/22 13:57,271.54,271.54,271.54,271.51,17920400,66000
11905,29599,2018/3/22 13:58,1328.15,1328.34,1328.34,1328.13,0,0,1521698280,11905,2018/3/22 13:58,271.53,271.55,271.55,271.53,10861760,40000
11906,29600,2018/3/22 13:59,1328.34,1327.97,1328.34,1327.97,0,0,1521698340,11906,2018/3/22 13:59,271.55,271.54,271.57,271.54,30413080,112000
11907,29601,2018/3/22 14:00,1327.96,1328.13,1328.13,1327.85,0,0,1521698400,11907,2018/3/22 14:00,271.55,271.54,271.55,271.52,50507160,186000
11908,29602,2018/3/22 14:01,1328.13,1328.36,1328.42,1328.13,0,0,1521698460,11908,2018/3/22 14:01,271.54,271.54,271.54,271.54,2715400,10000
11909,29603,2018/3/22 14:02,1328.36,1328.52,1328.63,1328.33,0,0,1521698520,11909,2018/3/22 14:02,271.54,271.54,271.55,271.54,20637540,76000
11910,29604,2018/3/22 14:03,1328.52,1328.62,1328.72,1328.52,0,0,1521698580,11910,2018/3/22 14:03,271.58,271.6,271.6,271.58,5975160,22000
11911,29605,2018/3/22 14:04,1328.62,1328.32,1328.62,1328.31,0,0,1521698640,11911,2018/3/22 14:04,271.6,271.58,271.6,271.58,21727680,80000
11912,29606,2018/3/22 14:05,1328.32,1328.33,1328.42,1328.31,0,0,1521698700,11912,2018/3/22 14:05,271.59,271.59,271.59,271.59,7604520,28000
11913,29607,2018/3/22 14:06,1328.33,1328.22,1328.34,1328.21,0,0,1521698760,11913,2018/3/22 14:06,271.59,271.58,271.59,271.58,14665459,54000
11914,29608,2018/3/22 14:07,1328.22,1328.32,1328.33,1328.21,0,0,1521698820,11914,2018/3/22 14:07,271.57,271.57,271.59,271.57,11406100,42000
11915,29609,2018/3/22 14:08,1328.32,1328.46,1328.55,1328.3,0,0,1521698880,11915,2018/3/22 14:08,271.59,271.59,271.6,271.59,35307600,130000
11916,29610,2018/3/22 14:09,1328.46,1328.87,1329.12,1328.46,0,0,1521698940,11916,2018/3/22 14:09,271.6,271.62,271.62,271.6,54320300,200000
11917,29611,2018/3/22 14:10,1328.87,1328.68,1328.87,1328.65,0,0,1521699000,11917,2018/3/22 14:10,271.61,271.66,271.66,271.61,12495780,46000
11918,29612,2018/3/22 14:11,1328.67,1328.45,1328.76,1328.45,0,0,1521699060,11918,2018/3/22 14:11,271.56,271.6,271.6,271.56,34217360,126000
11919,29613,2018/3/22 14:12,1328.45,1328.63,1328.74,1328.44,0,0,1521699120,11919,2018/3/22 14:12,271.63,271.6,271.63,271.6,3259320,12000
11920,29614,2018/3/22 14:13,1328.63,1328.78,1328.78,1328.62,0,0,1521699180,11920,2018/3/22 14:13,271.6,271.6,271.63,271.6,7061680,26000
11921,29615,2018/3/22 14:14,1328.78,1328.98,1329.07,1328.77,0,0,1521699240,11921,2018/3/22 14:14,271.6,271.63,271.63,271.6,3802620,14000
11922,29616,2018/3/22 14:15,1328.98,1328.98,1329.02,1328.88,0,0,1521699300,11922,2018/3/22 14:15,271.64,271.64,271.64,271.64,1629840,6000
11923,29617,2018/3/22 14:16,1328.98,1329.07,1329.07,1328.97,0,0,1521699360,11923,2018/3/22 14:16,271.64,271.68,271.68,271.64,6519920,24000
11924,29618,2018/3/22 14:17,1329.07,1329.29,1329.3,1329.07,0,0,1521699420,11924,2018/3/22 14:17,271.69,271.66,271.69,271.66,5976820,22000
11925,29619,2018/3/22 14:18,1329.29,1329.28,1329.4,1329.27,0,0,1521699480,11925,2018/3/22 14:18,271.7,271.7,271.7,271.7,10868000,40000
11926,29620,2018/3/22 14:19,1329.29,1329.41,1329.51,1329.27,0,0,1521699540,11926,2018/3/22 14:19,271.75,271.76,271.76,271.75,19022520,70000
11927,29621,2018/3/22 14:20,1329.41,1329.49,1329.51,1329.33,0,0,1521699600,11927,2018/3/22 14:20,271.76,271.77,271.78,271.76,11414140,42000
11928,29622,2018/3/22 14:21,1329.49,1329.48,1329.58,1329.47,0,0,1521699660,11928,2018/3/22 14:21,271.77,271.78,271.78,271.76,20110978,74000
11929,29623,2018/3/22 14:22,1329.49,1329.41,1329.52,1329.41,0,0,1521699720,11929,2018/3/22 14:22,271.77,271.73,271.77,271.6,61933760,228000
11930,29624,2018/3/22 14:23,1329.41,1329.4,1329.41,1329.4,0,0,1521699780,11930,2018/3/22 14:23,271.73,271.66,271.73,271.65,8693400,32000
11931,29625,2018/3/22 14:24,1329.4,1329.4,1329.42,1329.39,0,0,1521699840,11931,2018/3/22 14:24,271.66,271.67,271.7,271.66,31515660,116000
11932,29626,2018/3/22 14:25,1329.4,1329.21,1329.5,1329.21,0,0,1521699900,11932,2018/3/22 14:25,271.69,271.7,271.74,271.68,29886860,110000
11933,29627,2018/3/22 14:26,1329.21,1329.4,1329.45,1328.96,0,0,1521699960,11933,2018/3/22 14:26,271.7,271.74,271.74,271.7,14129020,52000
11934,29628,2018/3/22 14:27,1329.4,1329.21,1329.41,1329.2,0,0,1521700020,11934,2018/3/22 14:27,271.71,271.7,271.71,271.7,18475620,68000
11935,29629,2018/3/22 14:28,1329.21,1329.49,1329.49,1329.2,0,0,1521700080,11935,2018/3/22 14:28,271.7,271.7,271.7,271.68,31517120,116000
11936,29630,2018/3/22 14:29,1329.49,1329.8,1329.88,1329.49,0,0,1521700140,11936,2018/3/22 14:29,271.73,271.73,271.73,271.73,2173840,8000
11937,29631,2018/3/22 14:30,1329.8,1330.24,1330.3,1329.64,0,0,1521700200,11937,2018/3/22 14:30,271.7,271.78,271.78,271.7,57610300,212000
11938,29632,2018/3/22 14:31,1330.23,1330.21,1330.32,1330.18,0,0,1521700260,11938,2018/3/22 14:31,271.78,271.82,271.82,271.78,20656800,76000
11939,29633,2018/3/22 14:32,1330.21,1330.31,1330.32,1330.21,0,0,1521700320,11939,2018/3/22 14:32,271.82,271.8,271.82,271.8,13046480,48000
11940,29634,2018/3/22 14:33,1330.31,1330.7,1330.81,1330.29,0,0,1521700380,11940,2018/3/22 14:33,271.81,271.83,271.83,271.8,8154400,30000
11941,29635,2018/3/22 14:34,1330.7,1330.7,1330.8,1330.61,0,0,1521700440,11941,2018/3/22 14:34,271.83,271.85,271.86,271.83,49475180,182000
11942,29636,2018/3/22 14:35,1330.7,1330.48,1330.7,1330.37,0,0,1521700500,11942,2018/3/22 14:35,271.87,271.85,271.87,271.82,32076980,118000
11943,29637,2018/3/22 14:36,1330.48,1330.49,1330.9,1330.47,0,0,1521700560,11943,2018/3/22 14:36,271.85,271.85,271.85,271.82,83723616,308000
11944,29638,2018/3/22 14:37,1330.49,1330.45,1330.66,1330.45,0,0,1521700620,11944,2018/3/22 14:37,271.85,271.83,271.85,271.83,29903380,110000
11945,29639,2018/3/22 14:38,1330.45,1330.41,1330.56,1330.36,0,0,1521700680,11945,2018/3/22 14:38,271.83,271.84,271.84,271.83,4349320,16000
11946,29640,2018/3/22 14:39,1330.42,1330.66,1330.66,1330.32,0,0,1521700740,11946,2018/3/22 14:39,271.83,271.8,271.84,271.8,39683916,146000
11947,29641,2018/3/22 14:40,1330.66,1330.33,1330.69,1330.26,0,0,1521700800,11947,2018/3/22 14:40,271.83,271.8,271.84,271.8,48381980,178000
11948,29642,2018/3/22 14:41,1330.33,1330.39,1330.57,1330.33,0,0,1521700860,11948,2018/3/22 14:41,271.8,271.8,271.82,271.8,45119080,166000
11949,29643,2018/3/22 14:42,1330.39,1330.21,1330.39,1330.18,0,0,1521700920,11949,2018/3/22 14:42,271.8,271.8,271.8,271.8,2718000,10000
11950,29644,2018/3/22 14:43,1330.21,1330.34,1330.35,1330.2,0,0,1521700980,11950,2018/3/22 14:43,271.78,271.8,271.8,271.78,3261400,12000
11951,29645,2018/3/22 14:44,1330.34,1330.49,1330.56,1330.32,0,0,1521701040,11951,2018/3/22 14:44,271.8,271.76,271.8,271.76,37505920,138000
11952,29646,2018/3/22 14:45,1330.49,1330.55,1330.57,1330.46,0,0,1521701100,11952,2018/3/22 14:45,271.76,271.78,271.78,271.75,42397080,156000
11953,29647,2018/3/22 14:46,1330.55,1330.42,1330.55,1330.34,0,0,1521701160,11953,2018/3/22 14:46,271.8,271.79,271.8,271.78,92406120,340000
11954,29648,2018/3/22 14:47,1330.41,1330.24,1330.44,1330.24,0,0,1521701220,11954,2018/3/22 14:47,271.76,271.78,271.78,271.76,1087080,4000
11955,29649,2018/3/22 14:48,1330.24,1330.05,1330.24,1330.05,0,0,1521701280,11955,2018/3/22 14:48,271.78,271.78,271.78,271.78,543560,2000
11956,29650,2018/3/22 14:49,1330.05,1330.05,1330.15,1330.05,0,0,1521701340,11956,2018/3/22 14:49,271.78,271.76,271.78,271.76,27719560,102000
11957,29651,2018/3/22 14:50,1330.05,1330.27,1330.27,1330.05,0,0,1521701400,11957,2018/3/22 14:50,271.78,271.78,271.78,271.78,3261360,12000
11958,29652,2018/3/22 14:51,1330.27,1330.33,1330.33,1330.17,0,0,1521701460,11958,2018/3/22 14:51,271.76,271.76,271.78,271.76,14675080,54000
11959,29654,2018/3/22 14:53,1330.31,1330.16,1330.35,1330.16,0,0,1521701580,11959,2018/3/22 14:53,271.77,271.77,271.78,271.77,6522519.5,24000
11960,29655,2018/3/22 14:54,1330.16,1330.27,1330.35,1330.16,0,0,1521701640,11960,2018/3/22 14:54,271.78,271.75,271.78,271.75,14131540,52000
11961,29656,2018/3/22 14:55,1330.27,1330.04,1330.35,1329.96,0,0,1521701700,11961,2018/3/22 14:55,271.75,271.75,271.75,271.74,28261960,104000
11962,29657,2018/3/22 14:56,1330.04,1330.26,1330.26,1330.04,0,0,1521701760,11962,2018/3/22 14:56,271.73,271.73,271.73,271.73,5978060,22000
11963,29658,2018/3/22 14:57,1330.26,1330.44,1330.46,1330.17,0,0,1521701820,11963,2018/3/22 14:57,271.75,271.75,271.75,271.75,17392000,64000
11964,29659,2018/3/22 14:58,1330.44,1330.46,1330.55,1330.34,0,0,1521701880,11964,2018/3/22 14:58,271.75,271.78,271.78,271.75,5979040,22000
11965,29660,2018/3/22 14:59,1330.46,1330.35,1330.46,1330.25,0,0,1521701940,11965,2018/3/22 14:59,271.75,271.75,271.78,271.75,24457800,90000
11966,29661,2018/3/22 15:00,1330.35,1330.26,1330.36,1330.25,0,0,1521702000,11966,2018/3/22 15:00,271.78,271.74,271.78,271.74,85870400,316000
11967,29662,2018/3/22 15:01,1330.26,1330.35,1330.36,1330.16,0,0,1521702060,11967,2018/3/22 15:01,271.74,271.73,271.74,271.73,46738020,172000
11968,29663,2018/3/22 15:02,1330.35,1330.32,1330.53,1330.32,0,0,1521702120,11968,2018/3/22 15:02,271.73,271.75,271.78,271.73,23912680,88000
11969,29664,2018/3/22 15:03,1330.32,1330.32,1330.35,1330.16,0,0,1521702180,11969,2018/3/22 15:03,271.78,271.75,271.78,271.72,24457320,90000
11970,29665,2018/3/22 15:04,1330.32,1330.43,1330.43,1330.18,0,0,1521702240,11970,2018/3/22 15:04,271.75,271.75,271.75,271.73,23369860,86000
11971,29666,2018/3/22 15:05,1330.43,1330.65,1330.65,1330.43,0,0,1521702300,11971,2018/3/22 15:05,271.75,271.8,271.8,271.75,33700880,124000
11972,29667,2018/3/22 15:06,1330.64,1330.72,1330.83,1330.61,0,0,1521702360,11972,2018/3/22 15:06,271.78,271.8,271.8,271.76,38592800,142000
11973,29668,2018/3/22 15:07,1330.72,1330.75,1331.04,1330.71,0,0,1521702420,11973,2018/3/22 15:07,271.8,271.85,271.85,271.8,38600880,142000
11974,29669,2018/3/22 15:08,1330.75,1330.82,1330.83,1330.65,0,0,1521702480,11974,2018/3/22 15:08,271.84,271.85,271.85,271.82,41863100,154000
11975,29670,2018/3/22 15:09,1330.82,1330.92,1331.03,1330.82,0,0,1521702540,11975,2018/3/22 15:09,271.83,271.86,271.86,271.82,45123540,166000
11976,29671,2018/3/22 15:10,1330.92,1331.13,1331.15,1330.92,0,0,1521702600,11976,2018/3/22 15:10,271.86,271.88,271.88,271.86,63075200,232000
11977,29672,2018/3/22 15:11,1331.13,1331.13,1331.14,1331.03,0,0,1521702660,11977,2018/3/22 15:11,271.88,271.9,271.9,271.88,32625880,120000
11978,29673,2018/3/22 15:12,1331.13,1331.01,1331.13,1330.93,0,0,1521702720,11978,2018/3/22 15:12,271.88,271.86,271.88,271.86,17943680,66000
11979,29674,2018/3/22 15:13,1331.01,1331.17,1331.25,1331.01,0,0,1521702780,11979,2018/3/22 15:13,271.86,271.85,271.88,271.85,77752936,286000
11980,29675,2018/3/22 15:14,1331.17,1331.1,1331.36,1331.1,0,0,1521702840,11980,2018/3/22 15:14,271.86,271.9,271.9,271.86,40784500,150000
11981,29676,2018/3/22 15:15,1331.1,1331.24,1331.25,1331.04,0,0,1521702900,11981,2018/3/22 15:15,271.9,271.95,271.95,271.9,36983744,136000
11982,29677,2018/3/22 15:16,1331.24,1331.32,1331.44,1331.23,0,0,1521702960,11982,2018/3/22 15:16,271.95,271.95,271.96,271.95,60916844,224000
11983,29678,2018/3/22 15:17,1331.32,1331.25,1331.34,1331.23,0,0,1521703020,11983,2018/3/22 15:17,271.95,271.95,271.95,271.93,8701960,32000
11984,29679,2018/3/22 15:18,1331.25,1331.25,1331.51,1331.23,0,0,1521703080,11984,2018/3/22 15:18,271.94,271.94,271.95,271.94,41336120,152000
11985,29680,2018/3/22 15:19,1331.25,1331.04,1331.25,1330.96,0,0,1521703140,11985,2018/3/22 15:19,271.94,271.93,271.95,271.93,11965320,44000
11986,29681,2018/3/22 15:20,1331.04,1331.04,1331.05,1330.83,0,0,1521703200,11986,2018/3/22 15:20,271.93,271.9,271.93,271.9,13051360,48000
11987,29682,2018/3/22 15:21,1331.04,1331.65,1331.73,1331.04,0,0,1521703260,11987,2018/3/22 15:21,271.9,271.88,271.9,271.86,22837980,84000
11988,29683,2018/3/22 15:22,1331.65,1331.62,1331.74,1331.54,0,0,1521703320,11988,2018/3/22 15:22,271.88,271.9,271.9,271.88,47851300,176000
11989,29684,2018/3/22 15:23,1331.62,1331.83,1331.83,1331.51,0,0,1521703380,11989,2018/3/22 15:23,271.92,271.95,271.95,271.91,23386302,86000
11990,29685,2018/3/22 15:24,1331.83,1331.63,1331.83,1331.53,0,0,1521703440,11990,2018/3/22 15:24,271.96,271.98,271.98,271.96,9246960,34000
11991,29686,2018/3/22 15:25,1331.63,1331.53,1331.72,1331.52,0,0,1521703500,11991,2018/3/22 15:25,271.98,271.95,271.98,271.95,48954140,180000
11992,29687,2018/3/22 15:26,1331.53,1331.73,1331.73,1331.51,0,0,1521703560,11992,2018/3/22 15:26,271.96,271.99,272,271.95,101176000,372000
11993,29688,2018/3/22 15:27,1331.73,1331.61,1331.94,1331.61,0,0,1521703620,11993,2018/3/22 15:27,271.97,271.96,271.99,271.96,29916860,110000
11994,29689,2018/3/22 15:28,1331.61,1331.64,1331.84,1331.61,0,0,1521703680,11994,2018/3/22 15:28,271.95,271.95,271.96,271.95,52215040,192000
11995,29690,2018/3/22 15:29,1331.64,1331.52,1331.73,1331.51,0,0,1521703740,11995,2018/3/22 15:29,271.95,271.93,271.95,271.92,19036080,70000
11996,29691,2018/3/22 15:30,1331.52,1331.6,1331.71,1331.5,0,0,1521703800,11996,2018/3/22 15:30,271.95,271.95,271.95,271.95,8158500.5,30000
