268.9,268.9,268.9,268.9,268.9,268.9,28000
268.72,268.73,268.72,268.73,268.84,268.71,178000
268.72,268.75,268.72,268.75,268.84,268.72,94000
268.75,268.83,268.75,268.83,268.84,268.75,48000
268.8,268.81,268.8,268.81,268.85,268.78,48000
268.89,268.82,268.89,268.82,268.89,268.8,58000
268.85,268.85,268.85,268.85,268.85,268.82,46000
268.87,268.82,268.87,268.82,268.87,268.82,98000
268.81,268.8,268.81,268.8,268.82,268.8,38000
268.81,268.81,268.81,268.81,268.81,268.8,66000
268.85,268.8,268.85,268.8,268.85,268.78,30000
268.8,268.74,268.8,268.74,268.8,268.74,146000
268.74,268.72,268.74,268.72,268.78,268.7,84000
268.72,268.72,268.72,268.72,268.78,268.71,40000
268.72,268.73,268.72,268.73,268.8,268.72,72000
268.75,268.8,268.75,268.8,268.84,268.75,32000
268.82,268.8,268.82,268.8,268.84,268.74,34000
268.76,268.76,268.76,268.76,268.76,268.74,32000
268.76,268.73,268.76,268.73,268.76,268.73,32000
268.74,268.73,268.74,268.73,268.74,268.73,6000
268.73,268.82,268.73,268.82,268.88,268.73,48000
268.75,268.79,268.75,268.79,268.79,268.72,52000
268.73,268.66,268.73,268.66,268.73,268.66,206000
268.66,268.66,268.66,268.66,268.66,268.65,20000
268.65,268.61,268.65,268.61,268.65,268.6,92000
268.61,268.61,268.61,268.61,268.62,268.6,40000
268.61,268.6,268.61,268.6,268.61,268.57,88000
268.6,268.55,268.6,268.55,268.6,268.55,46000
268.55,268.55,268.55,268.55,268.55,268.53,90000
268.54,268.65,268.54,268.65,268.65,268.54,34000
268.6,268.66,268.6,268.66,268.66,268.6,32000
268.66,268.6,268.66,268.6,268.66,268.6,84000
268.59,268.58,268.59,268.58,268.61,268.58,78000
268.6,268.56,268.6,268.56,268.6,268.54,134000
268.6,268.63,268.6,268.63,268.63,268.57,34000
268.66,268.6,268.66,268.6,268.66,268.6,36000
268.62,268.62,268.62,268.62,268.62,268.62,10000
268.62,268.63,268.62,268.63,268.63,268.6,52000
268.61,268.66,268.61,268.66,268.66,268.61,4000
268.66,268.68,268.66,268.68,268.68,268.63,48000
268.68,268.7,268.68,268.7,268.76,268.68,72000
268.7,268.75,268.7,268.75,268.76,268.7,18000
268.76,268.75,268.76,268.75,268.76,268.75,30000
268.69,268.69,268.69,268.69,268.69,268.68,44000
268.69,268.71,268.69,268.71,268.71,268.66,24000
268.68,268.62,268.68,268.62,268.68,268.62,44000
268.68,268.68,268.68,268.68,268.68,268.68,2000
268.68,268.69,268.68,268.69,268.7,268.61,116000
268.69,268.65,268.69,268.65,268.69,268.65,78000
268.65,268.68,268.65,268.68,268.68,268.65,74000
268.65,268.65,268.65,268.65,268.65,268.65,34000
268.68,268.73,268.68,268.73,268.73,268.68,30000
268.73,268.73,268.73,268.73,268.73,268.68,34000
268.7,268.7,268.7,268.7,268.7,268.7,2000
268.7,268.68,268.7,268.68,268.7,268.68,6000
268.7,268.7,268.7,268.7,268.7,268.7,12000
268.7,268.73,268.7,268.73,268.73,268.7,16000
268.75,268.75,268.75,268.75,268.75,268.75,8000
268.78,268.8,268.78,268.8,268.8,268.78,20000
268.8,268.8,268.8,268.8,268.8,268.8,26000
268.76,268.82,268.76,268.82,268.82,268.76,20000
268.81,268.87,268.81,268.87,268.87,268.75,64000
268.87,268.8,268.87,268.8,268.87,268.8,26000
268.77,268.8,268.77,268.8,268.8,268.77,38000
268.77,268.79,268.77,268.79,268.8,268.77,20000
268.77,268.79,268.77,268.79,268.8,268.77,44000
268.79,268.72,268.79,268.72,268.79,268.7,44000
268.75,268.7,268.75,268.7,268.75,268.7,4000
268.72,268.71,268.72,268.71,268.76,268.71,16000
268.68,268.68,268.68,268.68,268.72,268.68,180000
268.68,268.63,268.68,268.63,268.72,268.62,162000
268.6,268.61,268.6,268.61,268.61,268.6,32000
268.68,268.65,268.68,268.65,268.68,268.6,24000
268.6,268.6,268.6,268.6,268.63,268.6,38000
268.62,268.69,268.62,268.69,268.69,268.62,24000
268.65,268.74,268.65,268.74,268.74,268.65,8000
268.74,268.74,268.74,268.74,268.74,268.74,26000
268.67,268.71,268.67,268.71,268.71,268.67,6000
268.69,268.67,268.69,268.67,268.69,268.67,6000
268.67,268.65,268.67,268.65,268.67,268.65,76000
268.67,268.66,268.67,268.66,268.67,268.66,34000
268.69,268.7,268.69,268.7,268.7,268.69,10000
268.7,268.7,268.7,268.7,268.7,268.7,38000
268.75,268.69,268.75,268.69,268.75,268.69,44000
268.68,268.69,268.68,268.69,268.69,268.68,16000
268.75,268.75,268.75,268.75,268.75,268.75,8000
268.72,268.8,268.72,268.8,268.8,268.72,36000
268.72,268.72,268.72,268.72,268.72,268.72,10000
268.79,268.79,268.79,268.79,268.79,268.79,2000
268.8,268.8,268.8,268.8,268.8,268.8,44000
268.83,268.83,268.83,268.83,268.83,268.8,10000
268.79,268.79,268.79,268.79,268.79,268.78,34000
268.71,268.71,268.71,268.71,268.71,268.71,6000
268.79,268.78,268.79,268.78,268.79,268.74,32000
268.7,268.7,268.7,268.7,268.7,268.7,4000
268.72,268.72,268.72,268.72,268.72,268.72,2000
268.75,268.74,268.75,268.74,268.75,268.7,48000
268.72,268.72,268.72,268.72,268.72,268.72,2000
268.73,268.72,268.73,268.72,268.73,268.72,8000
268.69,268.7,268.69,268.7,268.72,268.69,24000
268.73,268.73,268.73,268.73,268.73,268.73,12000
268.7,268.7,268.7,268.7,268.7,268.7,36000
268.7,268.65,268.7,268.65,268.7,268.6,272000
268.65,268.53,268.65,268.53,268.65,268.52,306000
268.52,268.53,268.52,268.53,268.53,268.5,338000
268.53,268.48,268.53,268.48,268.55,268.48,212000
268.5,268.45,268.5,268.45,268.5,268.45,106000
268.41,268.42,268.41,268.42,268.44,268.39,286000
268.43,268.5,268.43,268.5,268.5,268.43,194000
268.54,268.49,268.54,268.49,268.54,268.49,82000
268.5,268.54,268.5,268.54,268.54,268.5,218000
268.58,268.58,268.58,268.58,268.59,268.58,90000
268.63,268.58,268.63,268.58,268.63,268.58,210000
268.58,268.55,268.58,268.55,268.58,268.55,24000
268.55,268.55,268.55,268.55,268.55,268.5,42000
268.51,268.53,268.51,268.53,268.54,268.51,18000
268.54,268.51,268.54,268.51,268.54,268.5,112000
268.51,268.49,268.51,268.49,268.51,268.48,114000
268.48,268.48,268.48,268.48,268.48,268.48,48000
268.48,268.48,268.48,268.48,268.48,268.46,48000
268.48,268.48,268.48,268.48,268.48,268.46,36000
268.49,268.5,268.49,268.5,268.5,268.49,56000
268.51,268.55,268.51,268.55,268.55,268.51,8000
268.55,268.58,268.55,268.58,268.59,268.55,20000
268.59,268.59,268.59,268.59,268.59,268.59,2000
268.59,268.59,268.59,268.59,268.59,268.53,44000
268.59,268.55,268.59,268.55,268.59,268.55,8000
268.55,268.5,268.55,268.5,268.57,268.5,40000
268.57,268.51,268.57,268.51,268.57,268.51,6000
268.56,268.55,268.56,268.55,268.56,268.51,16000
268.55,268.57,268.55,268.57,268.57,268.52,18000
268.59,268.6,268.59,268.6,268.6,268.59,30000
268.6,268.6,268.6,268.6,268.6,268.6,4000
268.64,268.64,268.64,268.64,268.64,268.64,2000
268.64,268.6,268.64,268.6,268.64,268.6,4000
268.63,268.63,268.63,268.63,268.63,268.63,2000
268.63,268.63,268.63,268.63,268.63,268.63,4000
268.56,268.53,268.56,268.53,268.56,268.53,66000
268.53,268.41,268.53,268.41,268.53,268.38,744000
268.39,268.38,268.39,268.38,268.39,268.35,292000
268.38,268.32,268.38,268.32,268.39,268.32,314000
268.39,268.4,268.39,268.4,268.44,268.38,70000
268.39,268.38,268.39,268.38,268.42,268.35,144000
268.38,268.35,268.38,268.35,268.39,268.33,142000
268.35,268.38,268.35,268.38,268.4,268.33,86000
268.37,268.36,268.37,268.36,268.37,268.33,70000
268.35,268.34,268.35,268.34,268.35,268.32,120000
268.34,268.45,268.34,268.45,268.48,268.34,120000
268.49,268.43,268.49,268.43,268.49,268.43,42000
268.41,268.41,268.41,268.41,268.41,268.41,20000
268.47,268.47,268.47,268.47,268.47,268.47,12000
268.45,268.46,268.45,268.46,268.46,268.45,28000
268.46,268.45,268.46,268.45,268.46,268.45,46000
268.45,268.44,268.45,268.44,268.45,268.43,22000
268.44,268.4,268.44,268.4,268.44,268.4,34000
268.4,268.42,268.4,268.42,268.42,268.4,18000
268.42,268.42,268.42,268.42,268.42,268.42,2000
268.45,268.49,268.45,268.49,268.49,268.45,4000
268.45,268.45,268.45,268.45,268.45,268.43,24000
268.44,268.43,268.44,268.43,268.45,268.43,76000
268.43,268.45,268.43,268.45,268.45,268.43,18000
268.43,268.45,268.43,268.45,268.45,268.43,10000
268.43,268.48,268.43,268.48,268.48,268.43,12000
268.47,268.48,268.47,268.48,268.48,268.45,84000
268.45,268.43,268.45,268.43,268.45,268.43,22000
268.44,268.45,268.44,268.45,268.45,268.44,10000
268.45,268.45,268.45,268.45,268.45,268.45,12000
268.45,268.44,268.45,268.44,268.45,268.44,28000
268.46,268.46,268.46,268.46,268.46,268.46,42000
268.45,268.44,268.45,268.44,268.45,268.44,24000
268.45,268.48,268.45,268.48,268.48,268.43,16000
268.46,268.46,268.46,268.46,268.46,268.46,6000
268.44,268.44,268.44,268.44,268.44,268.44,12000
268.44,268.44,268.44,268.44,268.44,268.4,56000
268.44,268.44,268.44,268.44,268.44,268.44,4000
268.44,268.46,268.44,268.46,268.46,268.44,20000
268.46,268.49,268.46,268.49,268.49,268.46,10000
268.49,268.5,268.49,268.5,268.5,268.49,12000
268.6,268.89,268.6,268.89,268.89,268.6,278000
268.84,268.82,268.84,268.82,268.84,268.78,32000
268.83,268.79,268.83,268.79,268.83,268.75,84000
268.79,268.76,268.79,268.76,268.79,268.71,180000
268.76,268.72,268.76,268.72,268.76,268.72,20000
268.71,268.79,268.71,268.79,268.79,268.71,76000
268.8,268.8,268.8,268.8,268.8,268.8,36000
268.78,268.78,268.78,268.78,268.78,268.78,132000
268.78,268.78,268.78,268.78,268.8,268.78,140000
268.78,268.78,268.78,268.78,268.79,268.75,214000
268.79,268.78,268.79,268.78,268.79,268.78,310000
268.79,268.78,268.79,268.78,268.8,268.78,56000
268.79,268.79,268.79,268.79,268.79,268.79,6000
268.79,268.8,268.79,268.8,268.8,268.79,22000
268.8,268.84,268.8,268.84,268.84,268.8,16000
268.84,268.83,268.84,268.83,268.84,268.83,20000
268.81,268.83,268.81,268.83,268.83,268.81,150000
268.81,268.8,268.81,268.8,268.81,268.8,12000
268.8,268.83,268.8,268.83,268.83,268.8,14000
268.83,269.06,268.83,269.06,269.06,268.83,290000
269.02,268.93,269.02,268.93,269.02,268.83,50000
268.93,268.95,268.93,268.95,268.98,268.93,32000
268.95,268.95,268.95,268.95,268.95,268.94,34000
268.96,268.95,268.96,268.95,268.96,268.95,32000
268.95,268.95,268.95,268.95,268.96,268.95,20000
268.96,268.96,268.96,268.96,268.96,268.95,18000
268.96,268.96,268.96,268.96,268.98,268.96,40000
268.96,268.98,268.96,268.98,268.98,268.96,24000
269,268.95,269,268.95,269.01,268.95,260000
268.98,269,268.98,269,269.04,268.98,104000
269,269.02,269,269.02,269.02,269,12000
269,269.04,269,269.04,269.04,269,28000
269.02,269,269.02,269,269.02,269,152000
269.01,269.05,269.01,269.05,269.07,269.01,36000
269.04,269.01,269.04,269.01,269.04,269.01,6000
269.01,269,269.01,269,269.01,268.95,134000
269,269,269,269,269,268.99,120000
269,268.96,269,268.96,269,268.96,100000
268.93,268.93,268.93,268.93,268.93,268.93,4000
268.93,268.92,268.93,268.92,268.93,268.92,10000
268.92,268.9,268.92,268.9,268.92,268.83,12000
268.86,268.86,268.86,268.86,268.86,268.86,4000
268.86,268.89,268.86,268.89,268.89,268.86,26000
268.89,268.99,268.89,268.99,268.99,268.89,64000
268.95,268.95,268.95,268.95,268.95,268.95,4000
268.9,268.86,268.9,268.86,268.9,268.86,8000
268.86,268.86,268.86,268.86,268.86,268.86,6000
268.86,268.86,268.86,268.86,268.86,268.86,2000
268.86,268.86,268.86,268.86,268.86,268.86,2000
268.9,268.9,268.9,268.9,268.9,268.9,26000
268.9,268.9,268.9,268.9,268.9,268.9,4000
268.87,268.96,268.87,268.96,268.96,268.87,30000
268.97,268.97,268.97,268.97,268.97,268.97,6000
268.89,268.96,268.89,268.96,268.96,268.89,26000
268.96,269,268.96,269,269,268.96,30000
269,269,269,269,269,268.95,14000
269,269,269,269,269,269,18000
269,269,269,269,269,269,2000
268.94,268.94,268.94,268.94,268.94,268.94,4000
268.94,268.94,268.94,268.94,268.94,268.94,2000
268.94,268.93,268.94,268.93,268.94,268.93,40000
268.86,268.86,268.86,268.86,268.86,268.86,8000
268.86,268.86,268.86,268.86,268.86,268.86,4000
268.83,268.83,268.83,268.83,268.83,268.83,2000
268.81,268.83,268.81,268.83,268.83,268.81,10000
268.73,268.7,268.73,268.7,268.73,268.7,14000
268.71,268.71,268.71,268.71,268.71,268.71,2000
268.72,268.71,268.72,268.71,268.72,268.71,10000
268.69,268.69,268.69,268.69,268.69,268.69,22000
268.68,268.68,268.68,268.68,268.68,268.68,2000
268.87,268.87,268.87,268.87,268.87,268.87,10000
268.89,268.89,268.89,268.89,268.89,268.89,2000
268.72,268.72,268.72,268.72,268.72,268.72,4000
268.7,268.66,268.7,268.66,268.7,268.66,26000
268.66,268.66,268.66,268.66,268.66,268.66,4000
268.76,268.76,268.76,268.76,268.76,268.76,2000
268.77,268.77,268.77,268.77,268.77,268.77,4000
268.85,268.85,268.85,268.85,268.85,268.85,2000
268.75,268.74,268.75,268.74,268.75,268.74,24000
268.69,268.69,268.69,268.69,268.69,268.69,2000
268.69,268.69,268.69,268.69,268.69,268.69,2000
268.8,268.8,268.8,268.8,268.8,268.8,2000
268.8,268.85,268.8,268.85,268.85,268.8,38000
268.85,268.85,268.85,268.85,268.85,268.85,6000
268.89,268.89,268.89,268.89,268.89,268.89,2000
268.94,268.95,268.94,268.95,268.95,268.94,12000
268.95,268.86,268.95,268.86,268.95,268.86,10000
268.88,268.88,268.88,268.88,268.88,268.88,2000
268.94,268.98,268.94,268.98,268.98,268.94,30000
268.95,268.95,268.95,268.95,268.95,268.95,6000
268.87,268.9,268.87,268.9,268.9,268.87,8000
268.97,268.99,268.97,268.99,268.99,268.97,30000
269,269,269,269,269,269,30000
269,269,269,269,269,269,4000
269,269,269,269,269,269,2000
269,269,269,269,269,269,100000
268.95,268.95,268.95,268.95,268.95,268.95,2000
268.95,268.95,268.95,268.95,268.95,268.95,20000
268.99,268.99,268.99,268.99,268.99,268.99,2000
268.95,268.95,268.95,268.95,268.95,268.95,32000
268.95,268.95,268.95,268.95,268.95,268.95,2000
268.95,268.95,268.95,268.95,268.95,268.95,4000
268.95,268.95,268.95,268.95,268.95,268.95,42000
268.98,268.98,268.98,268.98,268.98,268.98,2000
268.88,268.88,268.88,268.88,268.88,268.88,6000
268.96,268.98,268.96,268.98,268.98,268.85,36000
268.85,268.89,268.85,268.89,268.89,268.85,30000
268.94,268.94,268.94,268.94,268.94,268.94,2000
268.89,268.91,268.89,268.91,268.91,268.85,98000
268.91,268.9,268.91,268.9,268.93,268.85,152000
268.9,268.9,268.9,268.9,268.9,268.88,26000
268.9,268.93,268.9,268.93,268.93,268.85,20000
268.93,268.93,268.93,268.93,268.93,268.93,12000
268.93,268.86,268.93,268.86,268.93,268.86,146000
268.86,268.9,268.86,268.9,268.9,268.86,122000
268.9,268.86,268.9,268.86,268.9,268.86,8000
268.89,268.9,268.89,268.9,268.9,268.89,88000
268.9,268.9,268.9,268.9,268.9,268.9,40000
268.9,268.92,268.9,268.92,268.92,268.9,10000
268.93,268.9,268.93,268.9,268.93,268.9,76000
268.9,268.91,268.9,268.91,268.91,268.9,22000
268.91,268.93,268.91,268.93,268.93,268.91,8000
268.95,268.95,268.95,268.95,268.95,268.95,12000
268.95,268.95,268.95,268.95,268.95,268.95,6000
268.95,268.95,268.95,268.95,268.95,268.95,76000
268.95,269,268.95,269,269,268.95,58000
269,269.02,269,269.02,269.02,269,110000
269.02,269.05,269.02,269.05,269.06,269.01,58000
269.05,269,269.05,269,269.05,269,6000
269,269,269,269,269,269,30000
269.01,268.96,269.01,268.96,269.01,268.96,36000
268.96,268.96,268.96,268.96,268.96,268.96,4000
269,268.96,269,268.96,269,268.96,12000
268.99,268.99,268.99,268.99,268.99,268.99,2000
268.99,268.99,268.99,268.99,268.99,268.99,4000
268.99,269.03,268.99,269.03,269.03,268.99,42000
269.02,269.02,269.02,269.02,269.02,269.02,4000
269.02,269.04,269.02,269.04,269.04,269.02,10000
269.04,268.95,269.04,268.95,269.04,268.95,226000
268.96,269,268.96,269,269,268.96,18000
269,269,269,269,269,269,90000
269,269,269,269,269,269,28000
269,269,269,269,269,268.96,202000
269,268.96,269,268.96,269,268.96,82000
268.96,268.95,268.96,268.95,268.96,268.95,250000
268.95,268.95,268.95,268.95,269,268.95,12000
268.99,269,268.99,269,269,268.99,8000
268.99,268.97,268.99,268.97,269,268.97,452000
269,269,269,269,269,269,46000
269,268.97,269,268.97,269,268.97,34000
268.97,268.97,268.97,268.97,268.97,268.97,50000
268.96,268.96,268.96,268.96,268.96,268.96,14000
268.97,268.96,268.97,268.96,268.97,268.96,108000
268.97,268.99,268.97,268.99,268.99,268.97,184000
268.99,268.97,268.99,268.97,269,268.97,364000
268.97,269.04,268.97,269.04,269.04,268.97,298000
268.99,269,268.99,269,269,268.99,10000
268.99,269,268.99,269,269.03,268.99,210000
269,268.98,269,268.98,269,268.98,130000
269,268.99,269,268.99,269,268.99,130000
268.99,268.99,268.99,268.99,268.99,268.98,82000
268.99,269,268.99,269,269,268.99,104000
268.98,269,268.98,269,269,268.98,14000
268.98,269,268.98,269,269,268.98,178000
269,268.98,269,268.98,269,268.98,12000
269,269,269,269,269,269,28000
269,269,269,269,269,268.98,118000
269,269,269,269,269,269,6000
269.02,269.03,269.02,269.03,269.03,269.02,24000
269.03,268.99,269.03,268.99,269.03,268.99,70000
269,269,269,269,269,269,172000
269,269.01,269,269.01,269.01,269,26000
269,269,269,269,269,269,74000
269,268.99,269,268.99,269.01,268.99,104000
269,268.98,269,268.98,269,268.98,80000
269,269,269,269,269,269,14000
269,269.01,269,269.01,269.01,269,220000
269.02,269.1,269.02,269.1,269.14,269.02,342000
269.1,269.04,269.1,269.04,269.1,269.04,36000
269.09,269.03,269.09,269.03,269.09,269.03,68000
269.04,269.05,269.04,269.05,269.05,269.03,82000
269.05,269.01,269.05,269.01,269.05,269.01,62000
269.03,269.05,269.03,269.05,269.05,269.03,68000
269.05,269.05,269.05,269.05,269.06,269.05,80000
269.05,269.05,269.05,269.05,269.05,269.05,4000
269.04,269.04,269.04,269.04,269.04,269.04,2000
269.04,269.04,269.04,269.04,269.04,269.04,4000
269.03,269.03,269.03,269.03,269.03,269.03,2000
269.03,269.03,269.03,269.03,269.03,269.03,2000
269.03,269,269.03,269,269.04,269,46000
269,269,269,269,269,269,148000
269,269,269,269,269,269,36000
269.03,269.07,269.03,269.07,269.07,269.03,102000
269.06,269.06,269.06,269.06,269.06,269.06,110000
269.06,269.05,269.06,269.05,269.06,269.04,62000
269.05,269,269.05,269,269.05,269,56000
269,269,269,269,269,269,124000
268.98,268.98,268.98,268.98,268.98,268.98,36000
268.98,269,268.98,269,269,268.98,134000
269.03,269.03,269.03,269.03,269.04,269.03,18000
269.03,269,269.03,269,269.03,269,308000
269,269,269,269,269,269,64000
269,269,269,269,269,269,70000
269,269,269,269,269,268.98,84000
268.98,269,268.98,269,269,268.98,8000
268.98,268.98,268.98,268.98,268.98,268.98,2000
269.03,269,269.03,269,269.03,268.98,88000
269,269.01,269,269.01,269.01,269,38000
269,269,269,269,269,269,8000
269,269,269,269,269,269,44000
269,269,269,269,269,269,40000
269,269,269,269,269,269,40000
268.98,268.98,268.98,268.98,268.98,268.98,14000
268.98,269,268.98,269,269,268.98,44000
269,268.97,269,268.97,269,268.97,10000
268.97,268.98,268.97,268.98,268.98,268.97,30000
268.96,268.97,268.96,268.97,268.97,268.95,10000
268.96,268.96,268.96,268.96,268.98,268.96,50000
268.95,268.98,268.95,268.98,268.98,268.95,10000
268.96,268.96,268.96,268.96,268.96,268.96,4000
268.98,268.98,268.98,268.98,268.98,268.98,44000
268.98,268.98,268.98,268.98,268.98,268.98,2000
268.98,268.96,268.98,268.96,268.98,268.96,58000
268.97,268.97,268.97,268.97,268.97,268.97,6000
268.96,268.96,268.96,268.96,268.96,268.96,10000
268.97,268.97,268.97,268.97,268.97,268.97,2000
268.96,268.97,268.96,268.97,268.97,268.96,22000
268.97,268.98,268.97,268.98,268.98,268.97,14000
268.98,268.98,268.98,268.98,268.98,268.98,100000
268.98,268.98,268.98,268.98,268.98,268.98,144000
268.99,268.99,268.99,268.99,268.99,268.99,92000
268.99,269,268.99,269,269,268.99,76000
269,269.01,269,269.01,269.01,269,16000
269.01,269.03,269.01,269.03,269.03,269.01,42000
269.03,269.03,269.03,269.03,269.03,269.01,32000
269.03,269.03,269.03,269.03,269.03,269.03,100000
269.03,269.03,269.03,269.03,269.03,269.03,100000
269.03,269.05,269.03,269.05,269.05,269.03,122000
269.03,269.06,269.03,269.06,269.06,269.03,80000
269.06,269.1,269.06,269.1,269.1,269.06,46000
269.1,269.1,269.1,269.1,269.1,269.08,14000
269.09,269.1,269.09,269.1,269.1,269.09,22000
269.1,269.08,269.1,269.08,269.1,269.08,22000
269.08,269.08,269.08,269.08,269.08,269.08,10000
269.09,269.09,269.09,269.09,269.1,269.09,68000
269.1,269.15,269.1,269.15,269.15,269.1,88000
269.11,269.11,269.11,269.11,269.11,269.11,4000
269.14,269.19,269.14,269.19,269.19,269.14,152000
269.19,269.19,269.19,269.19,269.19,269.19,14000
269.19,269.19,269.19,269.19,269.19,269.19,2000
269.12,269.11,269.12,269.11,269.14,269.11,8000
269.11,269.11,269.11,269.11,269.11,269.08,58000
269.11,269.11,269.11,269.11,269.11,269.11,18000
269.07,269.1,269.07,269.1,269.1,269.07,6000
269.1,269.18,269.1,269.18,269.18,269.1,44000
269.1,269.1,269.1,269.1,269.1,269.1,10000
269.16,269.07,269.16,269.07,269.16,269.07,16000
269.07,269.07,269.07,269.07,269.07,269.07,8000
269.08,269.13,269.08,269.13,269.13,269.08,46000
269.09,269.05,269.09,269.05,269.14,269.04,340000
269.05,269.03,269.05,269.03,269.05,269.03,84000
269.05,269.1,269.05,269.1,269.1,269.05,32000
269.08,269.1,269.08,269.1,269.1,269.08,80000
269.1,269.07,269.1,269.07,269.1,269.07,22000
269.1,269.07,269.1,269.07,269.1,269.07,18000
269.1,269.1,269.1,269.1,269.1,269.1,2000
269.07,269.07,269.07,269.07,269.07,269.07,116000
269.07,269.07,269.07,269.07,269.1,269.06,342000
269.07,269.07,269.07,269.07,269.07,269.06,208000
269.07,269.07,269.07,269.07,269.07,269.07,156000
269.07,269.04,269.07,269.04,269.07,269.04,54000
269.04,269,269.04,269,269.04,269,32000
268.99,268.98,268.99,268.98,268.99,268.98,40000
268.98,268.98,268.98,268.98,268.99,268.98,10000
268.98,268.97,268.98,268.97,268.98,268.97,150000
268.96,268.95,268.96,268.95,268.97,268.95,42000
268.97,268.95,268.97,268.95,268.97,268.95,122000
268.95,268.95,268.95,268.95,268.95,268.95,128000
268.97,268.97,268.97,268.97,268.98,268.95,40000
268.99,268.98,268.99,268.98,268.99,268.98,20000
269,269.03,269,269.03,269.03,269,26000
269.04,269.04,269.04,269.04,269.04,269.04,14000
269.01,269,269.01,269,269.01,268.99,206000
268.99,269,268.99,269,269,268.99,308000
269,269,269,269,269,269,4000
269.02,269.03,269.02,269.03,269.04,269.02,94000
269.03,269.01,269.03,269.01,269.03,269.01,104000
269.02,269.02,269.02,269.02,269.02,269.02,80000
269.03,269.05,269.03,269.05,269.05,269.03,222000
269.05,269.05,269.05,269.05,269.05,269.05,6000
269.03,269.05,269.03,269.05,269.05,269.03,214000
269.03,269.03,269.03,269.03,269.03,269.03,60000
269.03,269.02,269.03,269.02,269.03,269.02,200000
269.03,269.03,269.03,269.03,269.03,269.03,82000
269.03,269.02,269.03,269.02,269.03,269.02,30000
269.02,269,269.02,269,269.02,269,82000
269,269,269,269,269,269,112000
269,269,269,269,269,269,84000
269,268.98,269,268.98,269,268.98,180000
268.98,268.98,268.98,268.98,268.98,268.97,216000
268.98,268.98,268.98,268.98,268.98,268.98,6000
268.99,268.99,268.99,268.99,269,268.99,72000
268.99,269,268.99,269,269,268.98,226000
269,269.01,269,269.01,269.01,269,270000
269.04,269.07,269.04,269.07,269.07,269.04,70000
269.07,269.07,269.07,269.07,269.07,269.07,26000
269.06,269.06,269.06,269.06,269.06,269.06,30000
269.05,269.06,269.05,269.06,269.06,269.05,188000
269.06,269.06,269.06,269.06,269.06,269.05,120000
269.06,269.08,269.06,269.08,269.08,269.05,234000
269.05,269.08,269.05,269.08,269.08,269.05,304000
269.08,269.08,269.08,269.08,269.08,269.05,24000
269.08,269.08,269.08,269.08,269.08,269.08,30000
269.08,269.08,269.08,269.08,269.09,269.08,16000
269.09,269.13,269.09,269.13,269.13,269.09,88000
269.13,269.13,269.13,269.13,269.13,269.13,50000
269.12,269.12,269.12,269.12,269.14,269.12,38000
269.1,269.1,269.1,269.1,269.1,269.1,110000
269.1,269.1,269.1,269.1,269.1,269.09,186000
269.08,269.08,269.08,269.08,269.08,269.08,2000
269.08,269.1,269.08,269.1,269.1,269.08,54000
269.1,269.13,269.1,269.13,269.13,269.1,40000
269.13,269.14,269.13,269.14,269.14,269.11,22000
269.14,269.15,269.14,269.15,269.15,269.14,66000
269.14,269.15,269.14,269.15,269.15,269.14,48000
269.14,269.16,269.14,269.16,269.16,269.14,56000
269.15,269.16,269.15,269.16,269.16,269.15,152000
269.16,269.15,269.16,269.15,269.16,269.15,24000
269.16,269.15,269.16,269.15,269.17,269.15,32000
269.15,269.15,269.15,269.15,269.15,269.15,20000
269.17,269.17,269.17,269.17,269.17,269.17,14000
269.17,269.2,269.17,269.2,269.2,269.17,86000
269.16,269.28,269.16,269.28,269.29,269.16,118000
269.3,269.28,269.3,269.28,269.34,269.28,186000
269.32,269.28,269.32,269.28,269.32,269.26,24000
269.28,269.27,269.28,269.27,269.28,269.25,30000
269.27,269.32,269.27,269.32,269.32,269.27,70000
269.32,269.36,269.32,269.36,269.38,269.32,264000
269.36,269.38,269.36,269.38,269.38,269.32,62000
269.38,269.35,269.38,269.35,269.38,269.35,52000
269.35,269.33,269.35,269.33,269.35,269.33,108000
269.32,269.32,269.32,269.32,269.33,269.31,170000
269.32,269.3,269.32,269.3,269.32,269.3,174000
269.3,269.27,269.3,269.27,269.33,269.27,118000
269.3,269.28,269.3,269.28,269.3,269.27,156000
269.26,269.26,269.26,269.26,269.26,269.25,38000
269.26,269.29,269.26,269.29,269.29,269.26,122000
269.29,269.31,269.29,269.31,269.31,269.29,148000
269.31,269.31,269.31,269.31,269.31,269.31,22000
269.35,269.35,269.35,269.35,269.35,269.35,400000
269.35,269.33,269.35,269.33,269.35,269.32,158000
269.34,269.35,269.34,269.35,269.38,269.33,132000
269.35,269.35,269.35,269.35,269.35,269.34,50000
269.35,269.38,269.35,269.38,269.39,269.35,156000
269.39,269.4,269.39,269.4,269.43,269.38,94000
269.44,269.43,269.44,269.43,269.44,269.41,116000
269.44,269.43,269.44,269.43,269.44,269.43,84000
269.43,269.35,269.43,269.35,269.44,269.35,54000
269.35,269.35,269.35,269.35,269.38,269.35,64000
269.35,269.36,269.35,269.36,269.37,269.35,52000
269.35,269.35,269.35,269.35,269.36,269.35,178000
269.35,269.36,269.35,269.36,269.36,269.35,122000
269.35,269.39,269.35,269.39,269.4,269.35,166000
269.4,269.39,269.4,269.39,269.4,269.39,232000
269.39,269.39,269.39,269.39,269.39,269.36,62000
269.38,269.38,269.38,269.38,269.4,269.38,208000
269.38,269.39,269.38,269.39,269.39,269.37,218000
269.39,269.39,269.39,269.39,269.39,269.38,332000
269.39,269.4,269.39,269.4,269.42,269.39,140000
269.4,269.46,269.4,269.46,269.46,269.4,256000
269.41,269.45,269.41,269.45,269.45,269.41,26000
269.42,269.45,269.42,269.45,269.45,269.41,130000
269.45,269.45,269.45,269.45,269.45,269.45,2000
269.45,269.45,269.45,269.45,269.45,269.45,0
269.45,269.45,269.4,269.4,269.4,269.4,2000
269.45,269.45,269.37,269.34,269.37,269.3,26000
269.45,269.45,269.22,269.29,269.3,269.22,72000
269.45,269.45,269.29,269.3,269.3,269.25,72000
269.45,269.45,269.29,269.3,269.3,269.29,18000
269.45,269.45,269.3,269.3,269.3,269.3,34000
269.45,269.45,269.35,269.32,269.35,269.32,4000
269.45,269.45,269.37,269.35,269.37,269.34,12000
269.45,269.45,269.38,269.43,269.43,269.33,86000
269.45,269.45,269.4,269.45,269.45,269.4,14000
269.45,269.45,269.47,269.48,269.48,269.47,44000
269.45,269.45,269.42,269.4,269.42,269.4,30000
269.45,269.45,269.41,269.41,269.41,269.4,42000
269.45,269.45,269.41,269.4,269.41,269.4,20000
269.45,269.45,269.41,269.4,269.41,269.4,30000
269.45,269.45,269.4,269.41,269.41,269.34,28000
269.45,269.45,269.35,269.33,269.35,269.33,32000
269.45,269.45,269.38,269.36,269.38,269.36,8000
269.45,269.45,269.36,269.36,269.36,269.36,2000
269.45,269.45,269.32,269.32,269.35,269.32,72000
269.45,269.45,269.33,269.32,269.33,269.32,4000
269.45,269.45,269.32,269.36,269.36,269.32,48000
269.45,269.45,269.35,269.35,269.36,269.35,20000
269.45,269.45,269.35,269.4,269.4,269.35,20000
269.45,269.45,269.36,269.42,269.42,269.36,228000
269.45,269.45,269.42,269.36,269.42,269.36,30000
269.45,269.45,269.4,269.37,269.4,269.35,24000
269.45,269.45,269.37,269.37,269.4,269.37,142000
269.45,269.45,269.4,269.37,269.42,269.37,28000
269.45,269.45,269.37,269.45,269.45,269.37,24000
269.45,269.45,269.42,269.4,269.42,269.4,6000
269.45,269.45,269.35,269.35,269.35,269.35,30000
269.45,269.45,269.32,269.33,269.38,269.32,24000
269.45,269.45,269.33,269.38,269.38,269.33,14000
269.45,269.45,269.35,269.39,269.39,269.35,64000
269.45,269.45,269.39,269.4,269.4,269.39,68000
269.45,269.45,269.39,269.39,269.39,269.39,22000
269.45,269.45,269.41,269.41,269.41,269.41,36000
269.45,269.45,269.41,269.39,269.42,269.39,44000
269.45,269.45,269.39,269.4,269.42,269.39,30000
269.45,269.45,269.42,269.45,269.45,269.42,20000
269.45,269.45,269.45,269.45,269.45,269.45,112000
269.45,269.45,269.44,269.44,269.44,269.44,10000
269.45,269.45,269.44,269.44,269.44,269.4,32000
269.45,269.45,269.39,269.4,269.4,269.39,6000
269.45,269.45,269.4,269.4,269.4,269.4,20000
269.45,269.45,269.39,269.4,269.4,269.39,14000
269.45,269.45,269.4,269.4,269.4,269.4,14000
269.45,269.45,269.41,269.4,269.41,269.39,78000
269.45,269.45,269.4,269.47,269.47,269.4,322000
269.45,269.45,269.47,269.61,269.7,269.39,386000
269.45,269.45,269.61,269.65,269.65,269.54,188000
269.45,269.45,269.65,269.71,269.71,269.65,280000
269.45,269.45,269.72,269.75,269.75,269.7,82000
269.45,269.45,269.74,269.69,269.74,269.63,100000
269.45,269.45,269.68,269.67,269.7,269.67,34000
269.45,269.45,269.66,269.66,269.71,269.66,68000
269.45,269.45,269.66,269.69,269.69,269.66,32000
269.45,269.45,269.69,269.75,269.75,269.69,128000
269.45,269.45,269.75,269.82,269.82,269.75,288000
269.45,269.45,269.82,269.89,269.95,269.82,184000
269.45,269.45,269.9,269.94,269.95,269.85,326000
269.45,269.45,269.95,269.97,270.02,269.93,500000
269.45,269.45,269.95,269.85,269.95,269.85,258000
269.45,269.45,269.9,269.86,269.94,269.85,198000
269.45,269.45,269.85,269.85,269.89,269.85,52000
269.45,269.45,269.85,269.87,269.87,269.85,42000
269.45,269.45,269.87,269.86,269.9,269.86,68000
269.45,269.45,269.88,269.87,269.88,269.86,122000
269.45,269.45,269.87,269.88,269.88,269.87,64000
269.45,269.45,269.88,269.87,269.89,269.87,182000
269.45,269.45,269.87,269.86,269.87,269.86,158000
269.45,269.45,269.86,269.88,269.88,269.86,106000
269.45,269.45,269.87,269.87,269.87,269.86,60000
269.45,269.45,269.86,269.87,269.88,269.86,86000
269.45,269.45,269.88,269.93,269.94,269.88,164000
269.45,269.45,269.93,269.99,270,269.93,354000
269.45,269.45,270,270.03,270.03,269.99,242000
269.45,269.45,270.02,270.03,270.05,270.02,274000
269.45,269.45,270.04,270.05,270.05,270.01,126000
269.45,269.45,270.06,270.26,270.26,270.05,318000
269.45,269.45,270.28,270.36,270.52,270.28,840000
269.45,269.45,270.36,270.32,270.46,270.3,450000
269.45,269.45,270.33,270.38,270.4,270.33,190000
269.45,269.45,270.37,270.42,270.45,270.36,290000
269.45,269.45,270.45,270.44,270.46,270.43,322000
269.45,269.45,270.44,270.49,270.49,270.44,318000
269.45,269.45,270.48,270.5,270.5,270.45,616000
269.45,269.45,270.48,270.4,270.5,270.4,592000
269.45,269.45,270.4,270.46,270.49,270.4,252000
269.45,269.45,270.5,270.4,270.58,270.4,488000
269.45,269.45,270.4,270.4,270.43,270.35,146000
269.45,269.45,270.37,270.36,270.44,270.34,278000
269.45,269.45,270.33,270.33,270.44,270.33,158000
269.45,269.45,270.4,270.4,270.42,270.35,220000
269.45,269.45,270.35,270.43,270.43,270.35,214000
269.45,269.45,270.44,270.48,270.49,270.44,224000
269.45,269.45,270.49,270.42,270.49,270.42,128000
269.45,269.45,270.45,270.36,270.45,270.35,60000
269.45,269.45,270.39,270.45,270.46,270.39,246000
269.45,269.45,270.45,270.45,270.48,270.45,292000
269.45,269.45,270.48,270.53,270.55,270.46,458000
269.45,269.45,270.54,270.6,270.6,270.5,296000
269.45,269.45,270.6,270.51,270.6,270.51,222000
269.45,269.45,270.5,270.59,270.59,270.5,216000
269.45,269.45,270.59,270.62,270.62,270.58,494000
269.45,269.45,270.62,270.54,270.63,270.54,114000
269.45,269.45,270.54,270.45,270.54,270.45,276000
269.45,269.45,270.46,270.52,270.52,270.44,94000
269.45,269.45,270.52,270.55,270.56,270.52,98000
269.45,269.45,270.52,270.46,270.52,270.45,144000
269.45,269.45,270.46,270.45,270.5,270.45,32000
269.45,269.45,270.48,270.45,270.48,270.45,80000
269.45,269.45,270.45,270.36,270.45,270.36,448000
269.45,269.45,270.35,270.2,270.35,270.18,278000
269.45,269.45,270.2,270.22,270.26,270.2,196000
269.45,269.45,270.22,270.24,270.32,270.22,86000
269.45,269.45,270.23,270.22,270.24,270.22,226000
269.45,269.45,270.22,270.21,270.26,270.17,78000
269.45,269.45,270.2,270.2,270.23,270.19,152000
269.45,269.45,270.19,270.15,270.2,270.15,228000
269.45,269.45,270.15,270.15,270.15,270.11,334000
269.45,269.45,270.15,270.21,270.21,270.15,88000
269.45,269.45,270.2,270.2,270.24,270.2,90000
269.45,269.45,270.2,270.2,270.22,270.17,310000
269.45,269.45,270.2,270.15,270.2,270.15,118000
269.45,269.45,270.15,270.16,270.16,270.12,132000
269.45,269.45,270.16,270.15,270.18,270.11,152000
269.45,269.45,270.13,270.13,270.15,270.13,34000
269.45,269.45,270.15,270.11,270.15,270.11,50000
269.45,269.45,270.15,270.2,270.25,270.11,360000
269.45,269.45,270.2,270.22,270.22,270.15,126000
269.45,269.45,270.26,270.2,270.26,270.2,20000
269.45,269.45,270.24,270.2,270.24,270.2,68000
269.45,269.45,270.2,270.22,270.22,270.2,6000
269.45,269.45,270.22,270.11,270.22,270.11,272000
269.45,269.45,270.1,270.01,270.11,270.01,234000
269.45,269.45,270.01,270.02,270.06,270.01,154000
269.45,269.45,270.05,270.07,270.19,270.01,78000
269.45,269.45,270.07,270.06,270.09,270.06,64000
269.45,269.45,270.06,270.09,270.09,270.06,58000
269.45,269.45,270.09,270.17,270.17,270.07,56000
269.45,269.45,270.1,270.17,270.17,270.1,30000
269.45,269.45,270.11,270.11,270.11,270.11,2000
269.45,269.45,270.15,270.16,270.16,270.12,48000
269.45,269.45,270.13,270.16,270.16,270.13,24000
269.45,269.45,270.16,270.16,270.16,270.13,16000
269.45,269.45,270.16,270.16,270.16,270.16,122000
269.45,269.45,270.14,270.16,270.16,270.13,24000
269.45,269.45,270.13,270.17,270.17,270.13,32000
269.45,269.45,270.17,270.3,270.3,270.16,288000
269.45,269.45,270.3,270.3,270.34,270.29,90000
269.45,269.45,270.3,270.24,270.33,270.24,34000
269.45,269.45,270.3,270.3,270.3,270.3,2000
269.45,269.45,270.25,270.25,270.25,270.25,2000
269.45,269.45,270.22,270.25,270.25,270.22,26000
269.45,269.45,270.25,270.28,270.28,270.25,26000
269.45,269.45,270.28,270.28,270.3,270.28,26000
269.45,269.45,270.28,270.28,270.28,270.28,16000
269.45,269.45,270.28,270.22,270.28,270.22,20000
269.45,269.45,270.25,270.25,270.25,270.25,16000
269.45,269.45,270.3,270.36,270.36,270.3,68000
269.45,269.45,270.36,270.36,270.36,270.36,4000
269.45,269.45,270.34,270.34,270.34,270.34,4000
269.45,269.45,270.33,270.33,270.33,270.33,4000
269.45,269.45,270.34,270.33,270.34,270.33,8000
269.45,269.45,270.26,270.26,270.26,270.26,2000
269.45,269.45,270.32,270.32,270.32,270.32,4000
269.45,269.45,270.33,270.34,270.34,270.33,22000
269.45,269.45,270.35,270.33,270.35,270.27,8000
269.45,269.45,270.4,270.27,270.4,270.27,124000
269.45,269.45,270.3,270.35,270.35,270.3,24000
269.45,269.45,270.39,270.35,270.4,270.35,38000
269.45,269.45,270.36,270.35,270.4,270.35,60000
269.45,269.45,270.4,270.4,270.4,270.4,12000
269.45,269.45,270.36,270.35,270.36,270.35,58000
269.45,269.45,270.35,270.36,270.36,270.33,50000
269.45,269.45,270.36,270.32,270.36,270.32,168000
269.45,269.45,270.36,270.32,270.36,270.31,104000
269.45,269.45,270.34,270.32,270.34,270.32,8000
269.45,269.45,270.27,270.25,270.27,270.25,12000
269.45,269.45,270.25,270.18,270.25,270.18,124000
269.45,269.45,270.18,270.15,270.22,270.15,416000
269.45,269.45,270.2,270.2,270.2,270.2,2000
269.45,269.45,270.2,270.25,270.25,270.2,32000
269.45,269.45,270.25,270.25,270.25,270.25,4000
269.45,269.45,270.3,270.3,270.3,270.3,10000
269.45,269.45,270.25,270.25,270.25,270.25,2000
269.45,269.45,270.25,270.25,270.25,270.25,4000
269.45,269.45,270.25,270.26,270.26,270.25,6000
269.45,269.45,270.29,270.29,270.29,270.26,8000
269.45,269.45,270.3,270.34,270.34,270.3,36000
269.45,269.45,270.35,270.39,270.39,270.35,12000
269.45,269.45,270.34,270.34,270.34,270.34,2000
269.45,269.45,270.34,270.34,270.34,270.34,2000
269.45,269.45,270.35,270.45,270.45,270.35,116000
269.45,269.45,270.47,270.45,270.5,270.41,336000
269.45,269.45,270.46,270.43,270.5,270.43,168000
269.45,269.45,270.43,270.44,270.47,270.43,12000
269.45,269.45,270.43,270.63,270.63,270.43,754000
269.45,269.45,270.65,270.7,270.72,270.61,370000
269.45,269.45,270.72,270.7,270.78,270.7,682000
269.45,269.45,270.63,270.8,270.8,270.63,270000
269.45,269.45,270.82,270.87,270.94,270.82,332000
269.45,269.45,270.94,270.94,270.94,270.87,656000
269.45,269.45,270.94,270.88,270.95,270.88,232000
269.45,269.45,270.88,270.9,270.9,270.87,128000
269.45,269.45,270.9,270.95,270.95,270.88,188000
269.45,269.45,270.94,270.99,271,270.93,524000
269.45,269.45,270.95,270.95,271,270.95,254000
269.45,269.45,270.95,270.87,270.95,270.87,84000
269.45,269.45,270.82,270.82,270.83,270.82,38000
269.45,269.45,270.82,270.8,270.82,270.8,66000
269.45,269.45,270.8,270.8,270.84,270.8,72000
269.45,269.45,270.8,270.71,270.8,270.71,18000
269.45,269.45,270.71,270.83,270.83,270.71,38000
269.45,269.45,270.8,270.79,270.84,270.79,20000
269.45,269.45,270.84,270.84,270.84,270.76,18000
269.45,269.45,270.81,270.83,270.84,270.81,24000
269.45,269.45,270.81,270.83,270.84,270.81,20000
269.45,269.45,270.83,270.85,270.85,270.83,130000
269.45,269.45,270.84,270.82,270.85,270.82,44000
269.45,269.45,270.84,270.81,270.84,270.81,36000
269.45,269.45,270.81,270.76,270.81,270.73,32000
269.45,269.45,270.76,270.84,270.84,270.74,62000
269.45,269.45,270.85,270.83,270.86,270.81,52000
269.45,269.45,270.87,270.8,270.87,270.79,30000
269.45,269.45,270.79,270.73,270.8,270.73,18000
269.45,269.45,270.74,270.73,270.74,270.71,86000
269.45,269.45,270.73,270.6,270.78,270.6,144000
269.45,269.45,270.57,270.6,270.6,270.57,14000
269.45,269.45,270.6,270.61,270.61,270.6,12000
269.45,269.45,270.62,270.65,270.65,270.61,8000
269.45,269.45,270.65,270.6,270.65,270.6,36000
269.45,269.45,270.61,270.65,270.65,270.6,32000
269.45,269.45,270.65,270.65,270.65,270.65,10000
269.45,269.45,270.65,270.64,270.67,270.64,32000
269.45,269.45,270.58,270.58,270.58,270.58,2000
269.45,269.45,270.59,270.59,270.59,270.59,2000
269.45,269.45,270.59,270.6,270.6,270.59,12000
269.45,269.45,270.63,270.63,270.63,270.63,14000
269.45,269.45,270.63,270.63,270.63,270.63,10000
269.45,269.45,270.6,270.6,270.6,270.6,2000
269.45,269.45,270.6,270.59,270.63,270.59,16000
269.45,269.45,270.59,270.52,270.59,270.5,78000
269.45,269.45,270.5,270.5,270.5,270.5,8000
269.45,269.45,270.5,270.5,270.5,270.5,8000
269.45,269.45,270.55,270.52,270.55,270.52,8000
269.45,269.45,270.55,270.55,270.55,270.55,10000
269.45,269.45,270.53,270.55,270.55,270.53,6000
269.45,269.45,270.56,270.53,270.56,270.53,4000
269.45,269.45,270.55,270.55,270.55,270.53,14000
269.45,269.45,270.59,270.6,270.6,270.59,10000
269.45,269.45,270.6,270.65,270.65,270.6,22000
269.45,269.45,270.7,270.68,270.7,270.6,104000
269.45,269.45,270.65,270.69,270.69,270.6,34000
269.45,269.45,270.69,270.69,270.69,270.69,4000
269.45,269.45,270.69,270.64,270.69,270.64,16000
269.45,269.45,270.65,270.69,270.69,270.65,6000
269.45,269.45,270.6,270.6,270.6,270.6,2000
269.45,269.45,270.65,270.65,270.65,270.65,2000
269.45,269.45,270.61,270.6,270.61,270.6,6000
269.45,269.45,270.6,270.55,270.6,270.55,30000
269.45,269.45,270.55,270.5,270.55,270.5,116000
269.45,269.45,270.5,270.5,270.54,270.5,14000
269.45,269.45,270.5,270.5,270.5,270.5,22000
269.45,269.45,270.51,270.53,270.54,270.51,28000
269.45,269.45,270.55,270.55,270.55,270.55,6000
269.45,269.45,270.59,270.59,270.59,270.59,84000
269.45,269.45,270.59,270.59,270.59,270.59,6000
269.45,269.45,270.6,270.6,270.63,270.6,50000
269.45,269.45,270.63,270.6,270.63,270.6,46000
269.45,269.45,270.54,270.54,270.54,270.54,32000
269.45,269.45,270.57,270.65,270.65,270.55,402000
269.45,269.45,270.64,270.64,270.64,270.64,2000
269.45,269.45,270.64,270.64,270.64,270.64,2000
269.45,269.45,270.6,270.62,270.62,270.59,68000
269.45,269.45,270.6,270.59,270.6,270.59,8000
269.45,269.45,270.62,270.59,270.62,270.59,30000
269.45,269.45,270.58,270.58,270.58,270.58,48000
269.45,269.45,270.58,270.58,270.58,270.58,14000
269.45,269.45,270.57,270.57,270.57,270.57,4000
269.45,269.45,270.57,270.57,270.57,270.57,4000
269.45,269.45,270.55,270.57,270.57,270.55,10000
269.45,269.45,270.52,270.52,270.52,270.52,2000
269.45,269.45,270.55,270.6,270.6,270.55,44000
269.45,269.45,270.56,270.6,270.6,270.56,50000
269.45,269.45,270.6,270.62,270.62,270.6,200000
269.45,269.45,270.6,270.6,270.6,270.6,2000
269.45,269.45,270.6,270.6,270.6,270.6,10000
269.45,269.45,270.58,270.58,270.58,270.58,4000
269.45,269.45,270.58,270.55,270.58,270.55,18000
269.45,269.45,270.55,270.55,270.55,270.54,30000
269.45,269.45,270.54,270.54,270.55,270.54,74000
269.45,269.45,270.54,270.5,270.54,270.5,34000
269.45,269.45,270.48,270.45,270.48,270.45,10000
269.45,269.45,270.4,270.3,270.4,270.27,266000
269.45,269.45,270.3,270.21,270.3,270.21,36000
269.45,269.45,270.21,270.22,270.22,270.12,46000
269.45,269.45,270.2,270.2,270.2,270.2,26000
269.45,269.45,270.15,270.16,270.16,270.1,82000
269.45,269.45,270.15,270.15,270.2,270.15,46000
269.45,269.45,270.15,270.15,270.15,270.15,6000
269.45,269.45,270.15,270.24,270.24,270.15,18000
269.45,269.45,270.24,270.24,270.24,270.24,2000
269.45,269.45,270.16,270.11,270.16,270.1,74000
269.45,269.45,270.06,270.11,270.14,270.06,18000
269.45,269.45,270.12,270.2,270.2,270.12,12000
269.45,269.45,270.12,270.2,270.2,270.12,12000
269.45,269.45,270.2,270.2,270.2,270.2,2000
269.45,269.45,270.25,270.25,270.25,270.25,2000
269.45,269.45,270.25,270.25,270.25,270.25,2000
269.45,269.45,270.24,270.24,270.24,270.24,2000
269.45,269.45,270.24,270.24,270.24,270.24,2000
269.45,269.45,270.25,270.27,270.27,270.25,10000
269.45,269.45,270.27,270.27,270.27,270.25,28000
269.45,269.45,270.31,270.31,270.31,270.31,2000
269.45,269.45,270.32,270.32,270.32,270.32,4000
269.45,269.45,270.32,270.35,270.35,270.32,8000
269.45,269.45,270.32,270.39,270.39,270.32,12000
269.45,269.45,270.4,270.4,270.4,270.4,6000
269.45,269.45,270.4,270.4,270.4,270.4,16000
269.45,269.45,270.37,270.37,270.37,270.37,2000
269.45,269.45,270.48,270.38,270.48,270.38,64000
269.45,269.45,270.41,270.48,270.48,270.41,6000
269.45,269.45,270.48,270.48,270.48,270.48,10000
269.45,269.45,270.48,270.49,270.49,270.48,12000
269.45,269.45,270.49,270.49,270.49,270.49,4000
269.45,269.45,270.47,270.47,270.47,270.47,8000
269.45,269.45,270.47,270.47,270.47,270.47,12000
269.45,269.45,270.4,270.36,270.4,270.36,10000
269.45,269.45,270.47,270.48,270.48,270.47,6000
269.45,269.45,270.47,270.47,270.47,270.47,12000
269.45,269.45,270.49,270.5,270.5,270.49,240000
269.45,269.45,270.59,270.5,270.59,270.5,66000
269.45,269.45,270.6,270.48,270.6,270.48,18000
269.45,269.45,270.57,270.5,270.57,270.46,12000
269.45,269.45,270.5,270.38,270.5,270.38,8000
269.45,269.45,270.36,270.35,270.45,270.35,14000
269.45,269.45,270.35,270.35,270.35,270.35,20000
269.45,269.45,270.35,270.41,270.41,270.35,8000
269.45,269.45,270.38,270.44,270.44,270.38,34000
269.45,269.45,270.44,270.43,270.45,270.4,44000
269.45,269.45,270.41,270.41,270.44,270.41,20000
269.45,269.45,270.44,270.7,270.7,270.44,104000
269.45,269.45,270.7,270.92,271.2,270.65,1152000
269.45,269.45,270.9,270.01,270.9,270,514000
269.45,269.45,270.01,270.15,270.3,270.01,252000
269.45,269.45,270.1,270.42,270.52,270.05,274000
269.45,269.45,270.43,270.83,270.99,270.24,190000
269.45,269.45,270.78,270.8,271,270.76,138000
269.45,269.45,270.71,270.74,270.95,270.52,100000
269.45,269.45,270.5,270.55,270.62,270.35,96000
269.45,269.45,270.53,270.56,270.64,270.48,84000
269.45,269.45,270.72,270.75,270.8,270.7,28000
269.45,269.45,270.6,270.6,270.72,270.6,252000
269.45,269.45,270.53,270.6,270.77,270.52,90000
269.45,269.45,270.69,270.73,270.73,270.63,34000
269.45,269.45,270.76,270.89,270.95,270.76,342000
269.45,269.45,270.89,270.89,270.9,270.81,88000
269.45,269.45,270.85,270.82,271,270.82,438000
269.45,269.45,270.91,270.95,270.95,270.85,74000
269.45,269.45,270.95,270.95,270.95,270.91,80000
269.45,269.45,270.95,270.96,270.98,270.91,38000
269.45,269.45,270.92,270.9,270.95,270.87,94000
269.45,269.45,270.9,270.9,270.94,270.87,92000
269.45,269.45,270.88,270.88,270.88,270.88,88000
269.45,269.45,270.92,270.88,270.92,270.87,102000
269.45,269.45,270.88,270.76,270.88,270.76,106000
269.45,269.45,270.8,270.8,270.85,270.8,62000
269.45,269.45,270.8,270.82,270.85,270.8,80000
269.45,269.45,270.82,270.81,270.85,270.81,54000
269.45,269.45,270.81,270.8,270.85,270.8,24000
269.45,269.45,270.8,270.81,270.83,270.8,84000
269.45,269.45,270.83,270.84,270.85,270.82,80000
269.45,269.45,270.85,270.85,270.85,270.85,8000
269.45,269.45,272,272.08,272.19,271.9,3260000
269.45,269.45,272.15,272.23,272.27,272.15,802000
269.45,269.45,272.24,272.21,272.25,272.18,822000
269.45,269.45,272.21,272.29,272.38,272.21,842000
269.45,269.45,272.29,272.27,272.31,272.23,760000
269.45,269.45,272.27,272.31,272.32,272.26,598000
269.45,269.45,272.3,272.32,272.38,272.3,438000
269.45,269.45,272.33,272.32,272.37,272.3,830000
269.45,269.45,272.3,272.28,272.3,272.26,410000
269.45,269.45,272.28,272.25,272.29,272.25,180000
269.45,269.45,272.25,272.26,272.27,272.23,256000
269.45,269.45,272.26,272.2,272.27,272.2,230000
269.45,269.45,272.2,272.18,272.21,272.18,172000
269.45,269.45,272.16,272.08,272.18,272.08,346000
269.45,269.45,272.08,272.02,272.08,272,480000
269.45,269.45,272.01,272.04,272.05,272.01,458000
269.45,269.45,272.04,272.06,272.09,272.02,580000
269.45,269.45,272.1,272.1,272.11,272.06,228000
269.45,269.45,272.1,272.07,272.1,272.07,222000
269.45,269.45,272.07,272.05,272.08,272.05,296000
269.45,269.45,272.06,272.05,272.06,272.05,46000
269.45,269.45,272.05,272.05,272.07,272.05,82000
269.45,269.45,272.05,272.05,272.07,272.05,346000
269.45,269.45,272.05,272.02,272.05,272.01,110000
269.45,269.45,272.01,272,272.02,272,342000
269.45,269.45,272,271.91,272,271.91,318000
269.45,269.45,271.92,271.97,271.97,271.92,104000
269.45,269.45,271.97,271.95,271.97,271.95,186000
269.45,269.45,271.97,271.97,271.98,271.95,116000
269.45,269.45,271.96,271.95,271.96,271.95,288000
269.45,269.45,271.94,271.94,271.97,271.94,158000
269.45,269.45,271.94,271.93,271.94,271.93,192000
269.45,269.45,271.93,271.92,271.93,271.92,100000
269.45,269.45,271.92,271.95,271.95,271.92,188000
269.45,269.45,271.94,271.95,271.98,271.94,50000
269.45,269.45,271.99,271.96,272,271.96,58000
269.45,269.45,271.96,271.95,271.97,271.95,304000
269.45,269.45,271.94,271.94,271.95,271.94,142000
269.45,269.45,271.96,271.93,271.96,271.93,158000
269.45,269.45,271.93,271.9,271.93,271.9,294000
269.45,269.45,271.9,271.88,271.93,271.88,170000
269.45,269.45,271.88,271.9,271.92,271.88,76000
269.45,269.45,271.92,271.9,271.92,271.9,356000
269.45,269.45,271.9,271.92,271.92,271.9,60000
269.45,269.45,271.9,271.9,271.92,271.9,34000
269.45,269.45,271.93,271.93,271.93,271.92,122000
269.45,269.45,271.93,271.9,271.93,271.9,54000
269.45,269.45,271.9,271.9,271.93,271.9,30000
269.45,269.45,271.9,271.92,271.92,271.9,42000
269.45,269.45,271.91,271.91,271.91,271.91,32000
269.45,269.45,271.9,271.9,271.92,271.9,22000
269.45,269.45,271.92,271.9,271.92,271.9,112000
269.45,269.45,271.9,271.9,271.9,271.9,92000
269.45,269.45,271.9,271.9,271.91,271.9,148000
269.45,269.45,271.9,271.85,271.9,271.85,154000
269.45,269.45,271.85,271.85,271.86,271.85,184000
269.45,269.45,271.83,271.81,271.83,271.8,70000
269.45,269.45,271.81,271.81,271.82,271.81,148000
269.45,269.45,271.8,271.83,271.83,271.8,294000
269.45,269.45,271.83,271.84,271.88,271.83,196000
269.45,269.45,271.85,271.85,271.85,271.85,84000
269.45,269.45,271.85,271.85,271.85,271.85,26000
269.45,269.45,271.87,271.88,271.9,271.87,18000
269.45,269.45,271.84,271.83,271.86,271.83,56000
269.45,269.45,271.83,271.82,271.83,271.81,40000
269.45,269.45,271.82,271.8,271.83,271.8,198000
269.45,269.45,271.82,271.8,271.82,271.8,156000
269.45,269.45,271.8,271.81,271.81,271.8,44000
269.45,269.45,271.81,271.8,271.81,271.8,94000
269.45,269.45,271.8,271.81,271.81,271.76,46000
269.45,269.45,271.82,271.83,271.83,271.81,102000
269.45,269.45,271.82,271.85,271.85,271.81,146000
269.45,269.45,271.85,271.85,271.85,271.85,44000
269.45,269.45,271.85,271.85,271.85,271.83,200000
269.45,269.45,271.88,271.88,271.88,271.88,4000
269.45,269.45,271.88,271.85,271.88,271.85,92000
269.45,269.45,271.81,271.8,271.85,271.8,170000
269.45,269.45,271.8,271.85,271.85,271.8,90000
269.45,269.45,271.85,271.8,271.85,271.8,70000
269.45,269.45,271.8,271.84,271.84,271.8,28000
269.45,269.45,271.85,271.88,271.88,271.85,42000
269.45,269.45,271.88,271.87,271.88,271.87,62000
269.45,269.45,271.87,271.87,271.87,271.87,8000
269.45,269.45,271.82,271.82,271.82,271.82,32000
269.45,269.45,271.83,271.82,271.83,271.82,8000
269.45,269.45,271.83,271.83,271.83,271.82,20000
269.45,269.45,271.83,271.84,271.84,271.83,38000
269.45,269.45,271.82,271.82,271.82,271.82,12000
269.45,269.45,271.84,271.84,271.84,271.84,16000
269.45,269.45,271.85,271.86,271.86,271.84,26000
269.45,269.45,271.85,271.86,271.86,271.82,168000
269.45,269.45,271.86,271.86,271.86,271.86,40000
269.45,269.45,271.86,271.86,271.86,271.86,46000
269.45,269.45,271.85,271.83,271.85,271.83,44000
269.45,269.45,271.85,271.85,271.85,271.85,100000
269.45,269.45,271.85,271.85,271.85,271.85,34000
269.45,269.45,271.85,271.85,271.86,271.85,6000
269.45,269.45,271.86,271.87,271.87,271.86,32000
269.45,269.45,271.86,271.87,271.87,271.86,30000
269.45,269.45,271.86,271.86,271.87,271.86,126000
269.45,269.45,271.86,271.86,271.86,271.86,12000
269.45,269.45,271.87,271.87,271.88,271.87,102000
269.45,269.45,271.87,271.87,271.88,271.87,80000
269.45,269.45,271.88,271.89,271.9,271.88,62000
269.45,269.45,271.88,271.89,271.9,271.87,100000
269.45,269.45,271.89,271.89,271.9,271.89,84000
269.45,269.45,271.9,271.9,271.9,271.87,42000
269.45,269.45,271.89,271.87,271.9,271.87,82000
269.45,269.45,271.89,271.9,271.9,271.89,188000
269.45,269.45,271.89,271.87,271.89,271.87,10000
269.45,269.45,271.87,271.87,271.89,271.87,20000
269.45,269.45,271.87,271.88,271.88,271.87,30000
269.45,269.45,271.89,271.85,271.89,271.85,102000
269.45,269.45,271.84,271.84,271.84,271.8,206000
269.45,269.45,271.84,271.82,271.84,271.82,6000
269.45,269.45,271.83,271.82,271.83,271.82,12000
269.45,269.45,271.82,271.82,271.84,271.82,20000
269.45,269.45,271.84,271.8,271.84,271.8,140000
269.45,269.45,271.81,271.8,271.81,271.8,44000
269.45,269.45,271.81,271.8,271.81,271.77,160000
269.45,269.45,271.77,271.8,271.8,271.77,64000
269.45,269.45,271.8,271.8,271.8,271.78,48000
269.45,269.45,271.8,271.8,271.8,271.78,34000
269.45,269.45,271.8,271.77,271.8,271.77,72000
269.45,269.45,271.77,271.81,271.81,271.77,58000
269.45,269.45,271.78,271.8,271.8,271.78,58000
269.45,269.45,271.78,271.78,271.81,271.78,44000
269.45,269.45,271.8,271.8,271.81,271.8,158000
269.45,269.45,271.8,271.8,271.8,271.8,14000
269.45,269.45,271.79,271.79,271.79,271.79,18000
269.45,269.45,271.79,271.78,271.79,271.78,10000
269.45,269.45,271.79,271.78,271.79,271.78,16000
269.45,269.45,271.78,271.77,271.78,271.77,20000
269.45,269.45,271.77,271.75,271.77,271.75,48000
269.45,269.45,271.75,271.75,271.75,271.75,12000
269.45,269.45,271.75,271.75,271.75,271.75,2000
269.45,269.45,271.7,271.7,271.7,271.7,40000
269.45,269.45,271.69,271.7,271.7,271.69,28000
269.45,269.45,271.71,271.7,271.71,271.7,194000
269.45,269.45,271.71,271.7,271.71,271.7,22000
269.45,269.45,271.7,271.7,271.72,271.7,294000
269.45,269.45,271.7,271.68,271.71,271.68,96000
269.45,269.45,271.68,271.65,271.68,271.65,46000
269.45,269.45,271.65,271.66,271.66,271.65,12000
269.45,269.45,271.66,271.65,271.66,271.65,18000
269.45,269.45,271.66,271.68,271.68,271.66,112000
269.45,269.45,271.68,271.7,271.7,271.66,108000
269.45,269.45,271.7,271.7,271.73,271.7,50000
269.45,269.45,271.68,271.62,271.68,271.61,40000
269.45,269.45,271.62,271.6,271.62,271.6,212000
269.45,269.45,271.6,271.59,271.6,271.59,40000
269.45,269.45,271.58,271.58,271.61,271.58,66000
269.45,269.45,271.62,271.58,271.62,271.58,38000
269.45,269.45,271.58,271.53,271.58,271.53,38000
269.45,269.45,271.53,271.55,271.55,271.53,26000
269.45,269.45,271.55,271.54,271.55,271.52,30000
269.45,269.45,271.52,271.5,271.55,271.5,136000
269.45,269.45,271.52,271.5,271.52,271.48,112000
269.45,269.45,271.47,271.46,271.5,271.45,392000
269.45,269.45,271.46,271.45,271.46,271.45,114000
269.45,269.45,271.45,271.46,271.46,271.45,70000
269.45,269.45,271.45,271.46,271.46,271.45,302000
269.45,269.45,271.45,271.47,271.47,271.45,14000
269.45,269.45,271.47,271.42,271.47,271.42,378000
269.45,269.45,271.42,271.42,271.45,271.42,58000
269.45,269.45,271.45,271.48,271.48,271.45,18000
269.45,269.45,271.48,271.49,271.49,271.48,22000
269.45,269.45,271.48,271.48,271.48,271.46,416000
269.45,269.45,271.47,271.47,271.47,271.46,14000
269.45,269.45,271.47,271.45,271.48,271.45,162000
269.45,269.45,271.45,271.48,271.48,271.45,218000
269.45,269.45,271.48,271.49,271.49,271.48,126000
269.45,269.45,271.49,271.5,271.5,271.49,140000
269.45,269.45,271.49,271.54,271.54,271.49,336000
269.45,269.45,271.5,271.5,271.5,271.5,4000
269.45,269.45,271.54,271.54,271.54,271.51,66000
269.45,269.45,271.53,271.55,271.55,271.53,40000
269.45,269.45,271.55,271.54,271.57,271.54,112000
269.45,269.45,271.55,271.54,271.55,271.52,186000
269.45,269.45,271.54,271.54,271.54,271.54,10000
269.45,269.45,271.54,271.54,271.55,271.54,76000
269.45,269.45,271.58,271.6,271.6,271.58,22000
269.45,269.45,271.6,271.58,271.6,271.58,80000
269.45,269.45,271.59,271.59,271.59,271.59,28000
269.45,269.45,271.59,271.58,271.59,271.58,54000
269.45,269.45,271.57,271.57,271.59,271.57,42000
269.45,269.45,271.59,271.59,271.6,271.59,130000
269.45,269.45,271.6,271.62,271.62,271.6,200000
269.45,269.45,271.61,271.66,271.66,271.61,46000
269.45,269.45,271.56,271.6,271.6,271.56,126000
269.45,269.45,271.63,271.6,271.63,271.6,12000
269.45,269.45,271.6,271.6,271.63,271.6,26000
269.45,269.45,271.6,271.63,271.63,271.6,14000
269.45,269.45,271.64,271.64,271.64,271.64,6000
269.45,269.45,271.64,271.68,271.68,271.64,24000
269.45,269.45,271.69,271.66,271.69,271.66,22000
269.45,269.45,271.7,271.7,271.7,271.7,40000
269.45,269.45,271.75,271.76,271.76,271.75,70000
269.45,269.45,271.76,271.77,271.78,271.76,42000
269.45,269.45,271.77,271.78,271.78,271.76,74000
269.45,269.45,271.77,271.73,271.77,271.6,228000
269.45,269.45,271.73,271.66,271.73,271.65,32000
269.45,269.45,271.66,271.67,271.7,271.66,116000
269.45,269.45,271.69,271.7,271.74,271.68,110000
269.45,269.45,271.7,271.74,271.74,271.7,52000
269.45,269.45,271.71,271.7,271.71,271.7,68000
269.45,269.45,271.7,271.7,271.7,271.68,116000
269.45,269.45,271.73,271.73,271.73,271.73,8000
269.45,269.45,271.7,271.78,271.78,271.7,212000
269.45,269.45,271.78,271.82,271.82,271.78,76000
269.45,269.45,271.82,271.8,271.82,271.8,48000
269.45,269.45,271.81,271.83,271.83,271.8,30000
269.45,269.45,271.83,271.85,271.86,271.83,182000
269.45,269.45,271.87,271.85,271.87,271.82,118000
269.45,269.45,271.85,271.85,271.85,271.82,308000
269.45,269.45,271.85,271.83,271.85,271.83,110000
269.45,269.45,271.83,271.84,271.84,271.83,16000
269.45,269.45,271.83,271.8,271.84,271.8,146000
269.45,269.45,271.83,271.8,271.84,271.8,178000
269.45,269.45,271.8,271.8,271.82,271.8,166000
269.45,269.45,271.8,271.8,271.8,271.8,10000
269.45,269.45,271.78,271.8,271.8,271.78,12000
269.45,269.45,271.8,271.76,271.8,271.76,138000
269.45,269.45,271.76,271.78,271.78,271.75,156000
269.45,269.45,271.8,271.79,271.8,271.78,340000
269.45,269.45,271.76,271.78,271.78,271.76,4000
269.45,269.45,271.78,271.78,271.78,271.78,2000
269.45,269.45,271.78,271.76,271.78,271.76,102000
269.45,269.45,271.78,271.78,271.78,271.78,12000
269.45,269.45,271.76,271.76,271.78,271.76,54000
269.45,269.45,271.77,271.77,271.78,271.77,24000
269.45,269.45,271.78,271.75,271.78,271.75,52000
269.45,269.45,271.75,271.75,271.75,271.74,104000
269.45,269.45,271.73,271.73,271.73,271.73,22000
269.45,269.45,271.75,271.75,271.75,271.75,64000
269.45,269.45,271.75,271.78,271.78,271.75,22000
269.45,269.45,271.75,271.75,271.78,271.75,90000
269.45,269.45,271.78,271.74,271.78,271.74,316000
269.45,269.45,271.74,271.73,271.74,271.73,172000
269.45,269.45,271.73,271.75,271.78,271.73,88000
269.45,269.45,271.78,271.75,271.78,271.72,90000
269.45,269.45,271.75,271.75,271.75,271.73,86000
269.45,269.45,271.75,271.8,271.8,271.75,124000
269.45,269.45,271.78,271.8,271.8,271.76,142000
269.45,269.45,271.8,271.85,271.85,271.8,142000
269.45,269.45,271.84,271.85,271.85,271.82,154000
269.45,269.45,271.83,271.86,271.86,271.82,166000
269.45,269.45,271.86,271.88,271.88,271.86,232000
269.45,269.45,271.88,271.9,271.9,271.88,120000
269.45,269.45,271.88,271.86,271.88,271.86,66000
269.45,269.45,271.86,271.85,271.88,271.85,286000
269.45,269.45,271.86,271.9,271.9,271.86,150000
269.45,269.45,271.9,271.95,271.95,271.9,136000
269.45,269.45,271.95,271.95,271.96,271.95,224000
269.45,269.45,271.95,271.95,271.95,271.93,32000
269.45,269.45,271.94,271.94,271.95,271.94,152000
269.45,269.45,271.94,271.93,271.95,271.93,44000
269.45,269.45,271.93,271.9,271.93,271.9,48000
269.45,269.45,271.9,271.88,271.9,271.86,84000
269.45,269.45,271.88,271.9,271.9,271.88,176000
269.45,269.45,271.92,271.95,271.95,271.91,86000
269.45,269.45,271.96,271.98,271.98,271.96,34000
269.45,269.45,271.98,271.95,271.98,271.95,180000
269.45,269.45,271.96,271.99,272,271.95,372000
269.45,269.45,271.97,271.96,271.99,271.96,110000
269.45,269.45,271.95,271.95,271.96,271.95,192000
269.45,269.45,271.95,271.93,271.95,271.92,70000
269.45,269.45,271.95,271.95,271.95,271.95,30000
