267.31,0.72657,1,2018/7/2 9:00,2018/7/2 9:00
267.7,0.60667,0.99945,2018/7/2 9:08,2018/7/2 9:08
267.9,0.45162,0.99889,2018/7/2 9:10,2018/7/2 9:10
267.86,0.36303,0.96286,2018/7/2 9:13,2018/7/2 9:13
267.9,0.30243,0.82095,2018/7/2 9:17,2018/7/2 9:17
267.9,0.25415,0.53991,2018/7/2 9:19,2018/7/2 9:19
267.9,0.23613,0.44069,2018/7/2 9:21,2018/7/2 9:21
267.95,0.22401,0.38969,2018/7/2 9:29,2018/7/2 9:29
268,0.18878,0.2306,2018/7/2 9:33,2018/7/2 9:33
268,0.20839,0.32317,2018/7/2 9:35,2018/7/2 9:35
267.86,0.2278,0.40521,2018/7/2 10:14,2018/7/2 10:14
267.71,0.20484,0.31319,2018/7/2 11:02,2018/7/2 11:02
267.74,0.19343,0.25222,2018/7/2 11:06,2018/7/2 11:06
267.72,0.19137,0.24169,2018/7/2 11:27,2018/7/2 11:27
267.8,0.19006,0.2378,2018/7/2 13:36,2018/7/2 13:36
267.86,0.1772,0.18071,2018/7/2 13:45,2018/7/2 13:45
267.86,0.16963,0.15743,2018/7/2 13:49,2018/7/2 13:49
267.82,0.16972,0.15798,2018/7/2 13:54,2018/7/2 13:54
267.88,0.16525,0.14135,2018/7/2 14:11,2018/7/2 14:11
267.88,0.17261,0.16408,2018/7/2 14:15,2018/7/2 14:15
267.78,0.1752,0.17517,2018/7/2 14:20,2018/7/2 14:20
267.88,0.16949,0.15687,2018/7/2 15:02,2018/7/2 15:02
267.97,0.16812,0.15133,2018/7/2 15:08,2018/7/2 15:08
267.93,0.19111,0.24002,2018/7/2 15:16,2018/7/2 15:16
268.21,0.1967,0.27162,2018/7/2 20:59,2018/7/2 20:59
268.14,0.18947,0.23448,2018/7/3 9:44,2018/7/3 9:44
268.2,0.2119,0.34091,2018/7/3 10:09,2018/7/3 10:09
267.9,0.21625,0.35976,2018/7/3 10:39,2018/7/3 10:39
268.01,0.21179,0.34035,2018/7/3 13:41,2018/7/3 13:41
268.05,0.21367,0.34867,2018/7/3 13:53,2018/7/3 13:53
268,0.21211,0.34202,2018/7/3 14:11,2018/7/3 14:11
267.93,0.24279,0.47118,2018/7/3 14:38,2018/7/3 14:38
268.61,0.27156,0.64745,2018/7/3 23:32,2018/7/3 23:32
269.23,0.26031,0.58038,2018/7/4 9:20,2018/7/4 9:20
269.25,0.26492,0.60643,2018/7/4 9:36,2018/7/4 9:36
269.14,0.26827,0.62528,2018/7/4 9:52,2018/7/4 9:52
269.02,0.28166,0.70732,2018/7/4 10:14,2018/7/4 10:14
268.95,0.27347,0.66075,2018/7/4 10:25,2018/7/4 10:25
268.98,0.26607,0.61142,2018/7/4 11:07,2018/7/4 11:07
268.96,0.2716,0.648,2018/7/4 13:47,2018/7/4 13:47
268.83,0.26475,0.60477,2018/7/4 14:11,2018/7/4 14:11
268.8,0.27723,0.68126,2018/7/4 14:19,2018/7/4 14:19
268.58,0.27604,0.67683,2018/7/4 14:48,2018/7/4 14:48
268.5,0.29294,0.77051,2018/7/4 15:11,2018/7/4 15:11
268.8,0.28643,0.73392,2018/7/5 10:07,2018/7/5 10:07
268.8,0.27973,0.70011,2018/7/5 10:26,2018/7/5 10:26
268.81,0.27248,0.6541,2018/7/5 10:45,2018/7/5 10:45
268.79,0.26292,0.59257,2018/7/5 10:56,2018/7/5 10:56
268.8,0.26333,0.5959,2018/7/5 11:07,2018/7/5 11:07
268.71,0.25506,0.54545,2018/7/5 13:50,2018/7/5 13:50
268.73,0.24705,0.49446,2018/7/5 14:20,2018/7/5 14:20
268.75,0.24198,0.46674,2018/7/5 14:30,2018/7/5 14:30
268.73,0.2597,0.57483,2018/7/5 14:58,2018/7/5 14:58
269,0.25981,0.57594,2018/7/6 9:14,2018/7/6 9:14
269.1,0.25981,0.57539,2018/7/6 10:25,2018/7/6 10:25
269.18,0.24751,0.49945,2018/7/6 10:46,2018/7/6 10:46
269.18,0.24205,0.46785,2018/7/6 10:57,2018/7/6 10:57
269.23,0.24701,0.4939,2018/7/6 11:13,2018/7/6 11:13
269.1,0.25997,0.57761,2018/7/6 13:35,2018/7/6 13:35
269.26,0.2513,0.51663,2018/7/6 13:57,2018/7/6 13:57
269.25,0.24765,0.50055,2018/7/6 13:59,2018/7/6 13:59
269.22,0.23917,0.45233,2018/7/6 14:13,2018/7/6 14:13
269.24,0.23376,0.42849,2018/7/6 14:22,2018/7/6 14:22
269.2,0.22538,0.39357,2018/7/6 14:42,2018/7/6 14:42
269.22,0.22592,0.3969,2018/7/6 15:10,2018/7/6 15:10
269.3,0.22244,0.38803,2018/7/6 15:25,2018/7/6 15:25
269.25,0.24092,0.46286,2018/7/9 9:29,2018/7/9 9:29
268.99,0.23478,0.43237,2018/7/9 10:00,2018/7/9 10:00
268.91,0.22654,0.40022,2018/7/9 10:31,2018/7/9 10:31
268.93,0.23663,0.4418,2018/7/9 10:55,2018/7/9 10:55
269.13,0.23427,0.43016,2018/7/9 13:55,2018/7/9 13:55
269.22,0.22569,0.39468,2018/7/9 14:06,2018/7/9 14:06
269.22,0.22034,0.37805,2018/7/9 14:13,2018/7/9 14:13
269.18,0.21402,0.34922,2018/7/9 14:23,2018/7/9 14:23
269.23,0.22633,0.39856,2018/7/9 14:51,2018/7/9 14:51
269.07,0.25214,0.52661,2018/7/9 15:29,2018/7/9 15:29
268.4,0.24846,0.50333,2018/7/10 9:14,2018/7/10 9:14
268.34,0.25649,0.55377,2018/7/10 9:35,2018/7/10 9:35
268.51,0.24729,0.49667,2018/7/10 10:38,2018/7/10 10:38
268.5,0.2596,0.57373,2018/7/10 11:04,2018/7/10 11:04
268.28,0.26013,0.57871,2018/7/10 14:10,2018/7/10 14:10
268.21,0.25758,0.55931,2018/7/10 14:48,2018/7/10 14:48
268.28,0.25147,0.5194,2018/7/10 15:04,2018/7/10 15:04
268.4,0.27565,0.67406,2018/7/10 15:25,2018/7/10 15:25
268.83,0.29016,0.75388,2018/7/11 9:25,2018/7/11 9:25
269.12,0.2847,0.72228,2018/7/11 9:53,2018/7/11 9:53
269.1,0.2797,0.69956,2018/7/11 10:21,2018/7/11 10:21
269.05,0.27134,0.64634,2018/7/11 10:45,2018/7/11 10:45
269.05,0.28301,0.71508,2018/7/11 10:52,2018/7/11 10:52
268.86,0.27786,0.68514,2018/7/11 11:09,2018/7/11 11:09
268.91,0.27225,0.65299,2018/7/11 11:24,2018/7/11 11:24
268.96,0.27131,0.64579,2018/7/11 13:48,2018/7/11 13:48
268.9,0.27171,0.64856,2018/7/11 14:37,2018/7/11 14:37
268.95,0.27316,0.65798,2018/7/11 14:53,2018/7/11 14:53
269.05,0.2797,0.699,2018/7/11 15:08,2018/7/11 15:08
268.89,0.28643,0.73337,2018/7/12 9:18,2018/7/12 9:18
268.75,0.28772,0.74113,2018/7/12 10:14,2018/7/12 10:14
268.65,0.27863,0.6918,2018/7/12 10:28,2018/7/12 10:28
268.67,0.26948,0.63193,2018/7/12 10:41,2018/7/12 10:41
268.67,0.26622,0.61197,2018/7/12 11:06,2018/7/12 11:06
268.61,0.27825,0.68958,2018/7/12 13:40,2018/7/12 13:40
268.39,0.30345,0.82428,2018/7/12 14:38,2018/7/12 14:38
267.92,0.30152,0.81652,2018/7/12 15:28,2018/7/12 15:28
268,0.30409,0.82761,2018/7/13 9:56,2018/7/13 9:56
268.12,0.2956,0.78492,2018/7/13 10:33,2018/7/13 10:33
268.13,0.29259,0.7694,2018/7/13 11:00,2018/7/13 11:00
268.18,0.296,0.78659,2018/7/13 11:27,2018/7/13 11:27
268.05,0.29916,0.8082,2018/7/13 13:58,2018/7/13 13:58
267.92,0.29152,0.76275,2018/7/13 14:52,2018/7/13 14:52
267.89,0.29085,0.7561,2018/7/13 15:07,2018/7/13 15:07
267.8,0.3155,0.86308,2018/7/13 15:16,2018/7/13 15:16
268.32,0.30678,0.83703,2018/7/16 9:31,2018/7/16 9:31
268.35,0.29568,0.78548,2018/7/16 10:21,2018/7/16 10:21
268.36,0.29221,0.76552,2018/7/16 10:45,2018/7/16 10:45
268.44,0.28542,0.72616,2018/7/16 11:10,2018/7/16 11:10
268.5,0.2742,0.66463,2018/7/16 14:00,2018/7/16 14:00
268.5,0.2894,0.75111,2018/7/16 14:08,2018/7/16 14:08
268.3,0.28288,0.71452,2018/7/16 14:36,2018/7/16 14:36
268.26,0.31392,0.85865,2018/7/16 15:01,2018/7/16 15:01
267.31,0.30657,0.83647,2018/7/17 9:20,2018/7/17 9:20
267.38,0.30233,0.8204,2018/7/17 10:24,2018/7/17 10:24
267.35,0.29645,0.79047,2018/7/17 10:52,2018/7/17 10:52
267.42,0.29026,0.75443,2018/7/17 13:39,2018/7/17 13:39
267.46,0.27986,0.70122,2018/7/17 14:10,2018/7/17 14:10
267.5,0.28398,0.7184,2018/7/17 14:24,2018/7/17 14:24
267.62,0.28329,0.71729,2018/7/17 14:58,2018/7/17 14:58
267.79,0.31503,0.86142,2018/7/17 15:15,2018/7/17 15:15
266.41,0.33902,0.92406,2018/7/17 22:29,2018/7/17 22:29
265.89,0.3588,0.95732,2018/7/18 9:46,2018/7/18 9:46
265.5,0.3464,0.93958,2018/7/18 10:50,2018/7/18 10:50
265.49,0.35609,0.95455,2018/7/18 11:18,2018/7/18 11:18
265.27,0.34338,0.93459,2018/7/18 13:57,2018/7/18 13:57
265.27,0.36223,0.9612,2018/7/18 14:17,2018/7/18 14:17
264.95,0.37697,0.98004,2018/7/18 14:35,2018/7/18 14:35
265.25,0.40301,0.99501,2018/7/18 15:17,2018/7/18 15:17
266.1,0.39003,0.98725,2018/7/19 9:57,2018/7/19 9:57
266.11,0.39681,0.99169,2018/7/19 10:49,2018/7/19 10:49
266.26,0.40055,0.99335,2018/7/19 11:17,2018/7/19 11:17
266.1,0.39564,0.99058,2018/7/19 13:44,2018/7/19 13:44
266.2,0.38727,0.98503,2018/7/19 14:06,2018/7/19 14:06
266.16,0.37412,0.97727,2018/7/19 14:22,2018/7/19 14:22
266.19,0.36406,0.96452,2018/7/19 14:34,2018/7/19 14:34
266.22,0.35219,0.94845,2018/7/19 15:07,2018/7/19 15:07
266.25,0.36985,0.97284,2018/7/19 15:26,2018/7/19 15:26
266.6,0.36741,0.97062,2018/7/20 9:13,2018/7/20 9:13
266.88,0.36682,0.96896,2018/7/20 9:36,2018/7/20 9:36
267,0.36449,0.96563,2018/7/20 9:49,2018/7/20 9:49
266.91,0.36029,0.96009,2018/7/20 10:01,2018/7/20 10:01
266.86,0.35347,0.95011,2018/7/20 10:22,2018/7/20 10:22
266.94,0.34044,0.92738,2018/7/20 10:41,2018/7/20 10:41
266.94,0.32964,0.89856,2018/7/20 10:54,2018/7/20 10:54
266.94,0.32107,0.88082,2018/7/20 10:59,2018/7/20 10:59
266.9,0.3088,0.84645,2018/7/20 11:09,2018/7/20 11:09
266.94,0.29513,0.78271,2018/7/20 11:14,2018/7/20 11:14
267,0.29108,0.75831,2018/7/20 13:42,2018/7/20 13:42
266.96,0.28787,0.74335,2018/7/20 13:50,2018/7/20 13:50
267.05,0.28668,0.73614,2018/7/20 14:01,2018/7/20 14:01
266.96,0.28005,0.70233,2018/7/20 14:15,2018/7/20 14:15
266.91,0.27489,0.66962,2018/7/20 14:24,2018/7/20 14:24
266.86,0.28888,0.74945,2018/7/20 14:36,2018/7/20 14:36
267.12,0.28328,0.71674,2018/7/20 15:05,2018/7/20 15:05
267.3,0.30908,0.84701,2018/7/20 15:29,2018/7/20 15:29
268.21,0.30454,0.82927,2018/7/23 9:06,2018/7/23 9:06
268.28,0.30093,0.81375,2018/7/23 10:05,2018/7/23 10:05
268.36,0.29255,0.76885,2018/7/23 10:45,2018/7/23 10:45
268.4,0.28,0.70177,2018/7/23 10:54,2018/7/23 10:54
268.42,0.27523,0.67129,2018/7/23 11:03,2018/7/23 11:03
268.5,0.27905,0.69401,2018/7/23 11:28,2018/7/23 11:28
268.35,0.26787,0.62195,2018/7/23 13:58,2018/7/23 13:58
268.36,0.26083,0.58259,2018/7/23 14:15,2018/7/23 14:15
268.4,0.25059,0.5133,2018/7/23 14:24,2018/7/23 14:24
268.4,0.24092,0.46175,2018/7/23 14:44,2018/7/23 14:44
268.4,0.22974,0.41463,2018/7/23 15:08,2018/7/23 15:08
268.4,0.21839,0.36807,2018/7/23 15:28,2018/7/23 15:28
268.41,0.22646,0.39967,2018/7/24 9:24,2018/7/24 9:24
268.6,0.21526,0.35698,2018/7/24 9:56,2018/7/24 9:56
268.6,0.2131,0.3459,2018/7/24 10:11,2018/7/24 10:11
268.69,0.2144,0.3531,2018/7/24 10:38,2018/7/24 10:38
268.58,0.23938,0.45344,2018/7/24 10:58,2018/7/24 10:58
268.1,0.23369,0.42683,2018/7/24 13:42,2018/7/24 13:42
268.11,0.22404,0.39024,2018/7/24 13:59,2018/7/24 13:59
268.11,0.23596,0.43736,2018/7/24 14:14,2018/7/24 14:14
267.9,0.23134,0.42129,2018/7/24 14:26,2018/7/24 14:26
268,0.22734,0.4041,2018/7/24 14:36,2018/7/24 14:36
268.1,0.2511,0.51552,2018/7/24 14:54,2018/7/24 14:54
268.5,0.24762,0.5,2018/7/24 15:26,2018/7/24 15:26
268.55,0.23592,0.43681,2018/7/25 9:14,2018/7/25 9:14
268.55,0.22978,0.41519,2018/7/25 9:28,2018/7/25 9:28
268.6,0.22661,0.40078,2018/7/25 9:42,2018/7/25 9:42
268.56,0.21912,0.3714,2018/7/25 9:53,2018/7/25 9:53
268.55,0.21499,0.35477,2018/7/25 10:06,2018/7/25 10:06
268.59,0.20904,0.32483,2018/7/25 10:13,2018/7/25 10:13
268.56,0.20071,0.2949,2018/7/25 10:36,2018/7/25 10:36
268.58,0.20002,0.29157,2018/7/25 10:44,2018/7/25 10:44
268.52,0.21073,0.33426,2018/7/25 11:02,2018/7/25 11:02
268.36,0.20396,0.30931,2018/7/25 13:41,2018/7/25 13:41
268.36,0.19752,0.27661,2018/7/25 13:50,2018/7/25 13:50
268.36,0.1943,0.25665,2018/7/25 13:57,2018/7/25 13:57
268.4,0.19331,0.25111,2018/7/25 14:10,2018/7/25 14:10
268.49,0.19025,0.23836,2018/7/25 14:18,2018/7/25 14:18
268.45,0.19905,0.28548,2018/7/25 14:34,2018/7/25 14:34
268.27,0.19884,0.28381,2018/7/25 14:48,2018/7/25 14:48
268.22,0.19856,0.28271,2018/7/25 15:19,2018/7/25 15:19
268.15,0.20426,0.30987,2018/7/26 9:11,2018/7/26 9:11
268.3,0.20139,0.29767,2018/7/26 9:57,2018/7/26 9:57
268.3,0.2018,0.29878,2018/7/26 10:21,2018/7/26 10:21
268.39,0.1937,0.25443,2018/7/26 10:54,2018/7/26 10:54
268.38,0.19834,0.28049,2018/7/26 11:13,2018/7/26 11:13
268.51,0.18924,0.23337,2018/7/26 14:06,2018/7/26 14:06
268.5,0.18081,0.19623,2018/7/26 14:21,2018/7/26 14:21
268.5,0.17341,0.16962,2018/7/26 14:25,2018/7/26 14:25
268.51,0.18903,0.23226,2018/7/26 14:30,2018/7/26 14:30
268.7,0.18674,0.21896,2018/7/26 14:43,2018/7/26 14:43
268.75,0.17976,0.19235,2018/7/26 14:53,2018/7/26 14:53
268.73,0.18047,0.19512,2018/7/26 15:05,2018/7/26 15:05
268.58,0.17694,0.1796,2018/7/26 15:28,2018/7/26 15:28
268.55,0.17542,0.17738,2018/7/27 9:34,2018/7/27 9:34
268.6,0.17255,0.16353,2018/7/27 9:46,2018/7/27 9:46
268.56,0.16599,0.14468,2018/7/27 10:03,2018/7/27 10:03
268.55,0.16049,0.12749,2018/7/27 10:19,2018/7/27 10:19
268.55,0.15703,0.11973,2018/7/27 10:34,2018/7/27 10:34
268.52,0.1579,0.12306,2018/7/27 10:50,2018/7/27 10:50
268.45,0.15117,0.10809,2018/7/27 11:07,2018/7/27 11:07
268.45,0.14978,0.1031,2018/7/27 13:33,2018/7/27 13:33
268.52,0.14683,0.097007,2018/7/27 13:53,2018/7/27 13:53
268.48,0.14241,0.085366,2018/7/27 14:02,2018/7/27 14:02
268.5,0.14011,0.07816,2018/7/27 14:17,2018/7/27 14:17
268.46,0.13574,0.072616,2018/7/27 14:32,2018/7/27 14:32
268.52,0.1423,0.084812,2018/7/27 14:50,2018/7/27 14:50
268.45,0.16298,0.13581,2018/7/27 15:24,2018/7/27 15:24
268.76,0.15743,0.1214,2018/7/30 9:22,2018/7/30 9:22
268.75,0.15645,0.11863,2018/7/30 9:33,2018/7/30 9:33
268.8,0.15364,0.11142,2018/7/30 9:49,2018/7/30 9:49
268.85,0.14683,0.096452,2018/7/30 10:11,2018/7/30 10:11
268.85,0.141,0.080931,2018/7/30 10:46,2018/7/30 10:46
268.85,0.14644,0.095898,2018/7/30 10:50,2018/7/30 10:50
268.7,0.14122,0.083149,2018/7/30 11:04,2018/7/30 11:04
268.72,0.13685,0.074834,2018/7/30 11:24,2018/7/30 11:24
268.75,0.13262,0.067627,2018/7/30 13:42,2018/7/30 13:42
268.76,0.13057,0.064302,2018/7/30 13:52,2018/7/30 13:52
268.73,0.13894,0.075388,2018/7/30 14:08,2018/7/30 14:08
268.63,0.16837,0.15188,2018/7/30 14:50,2018/7/30 14:50
268.15,0.19579,0.26552,2018/7/30 20:23,2018/7/30 20:23
268.6,0.18905,0.23282,2018/7/31 9:40,2018/7/31 9:40
268.61,0.1879,0.22561,2018/7/31 10:34,2018/7/31 10:34
268.67,0.1838,0.20787,2018/7/31 13:37,2018/7/31 13:37
268.69,0.18177,0.19845,2018/7/31 14:04,2018/7/31 14:04
268.66,0.17757,0.18348,2018/7/31 14:40,2018/7/31 14:40
268.64,0.19959,0.28825,2018/7/31 15:28,2018/7/31 15:28
268.35,0.21729,0.36419,2018/8/1 9:47,2018/8/1 9:47
268.16,0.24215,0.4684,2018/8/1 10:11,2018/8/1 10:11
268.35,0.24318,0.47284,2018/8/1 10:40,2018/8/1 10:40
268.43,0.23887,0.45011,2018/8/1 10:48,2018/8/1 10:48
268.5,0.22725,0.40355,2018/8/1 10:54,2018/8/1 10:54
268.5,0.227,0.40244,2018/8/1 10:59,2018/8/1 10:59
268.6,0.22281,0.38858,2018/8/1 11:06,2018/8/1 11:06
268.6,0.21423,0.35089,2018/8/1 11:08,2018/8/1 11:08
268.57,0.21576,0.35865,2018/8/1 11:09,2018/8/1 11:09
268.65,0.21787,0.36585,2018/8/1 11:19,2018/8/1 11:19
268.65,0.22054,0.3786,2018/8/1 11:23,2018/8/1 11:23
268.6,0.21285,0.34479,2018/8/1 13:32,2018/8/1 13:32
268.6,0.21029,0.33149,2018/8/1 13:35,2018/8/1 13:35
268.56,0.21281,0.34424,2018/8/1 13:44,2018/8/1 13:44
268.66,0.21703,0.36364,2018/8/1 14:03,2018/8/1 14:03
268.55,0.22057,0.37916,2018/8/1 14:20,2018/8/1 14:20
268.66,0.21509,0.35532,2018/8/1 14:34,2018/8/1 14:34
268.7,0.21535,0.35754,2018/8/1 14:40,2018/8/1 14:40
268.65,0.23536,0.43404,2018/8/1 15:05,2018/8/1 15:05
268.31,0.25379,0.53603,2018/8/1 20:04,2018/8/1 20:04
268,0.24573,0.48725,2018/8/2 9:39,2018/8/2 9:39
268,0.2384,0.44845,2018/8/2 10:15,2018/8/2 10:15
268,0.25036,0.51109,2018/8/2 10:54,2018/8/2 10:54
268.19,0.25532,0.54656,2018/8/2 14:04,2018/8/2 14:04
268.06,0.26274,0.59146,2018/8/2 14:42,2018/8/2 14:42
267.9,0.27745,0.68348,2018/8/2 15:23,2018/8/2 15:23
267.7,0.27687,0.67905,2018/8/3 9:44,2018/8/3 9:44
267.6,0.26797,0.62306,2018/8/3 10:22,2018/8/3 10:22
267.6,0.26436,0.6031,2018/8/3 10:39,2018/8/3 10:39
267.65,0.26164,0.58758,2018/8/3 11:03,2018/8/3 11:03
267.71,0.2532,0.53326,2018/8/3 13:50,2018/8/3 13:50
267.68,0.24698,0.49335,2018/8/3 13:59,2018/8/3 13:59
267.66,0.24457,0.4806,2018/8/3 14:29,2018/8/3 14:29
267.6,0.27405,0.66353,2018/8/3 14:43,2018/8/3 14:43
267.2,0.29684,0.79268,2018/8/3 20:01,2018/8/3 20:01
267.8,0.29545,0.78326,2018/8/6 9:06,2018/8/6 9:06
267.88,0.2986,0.80432,2018/8/6 9:33,2018/8/6 9:33
267.75,0.29575,0.78603,2018/8/6 10:42,2018/8/6 10:42
267.85,0.3064,0.83592,2018/8/6 11:13,2018/8/6 11:13
267.64,0.30624,0.83426,2018/8/6 13:37,2018/8/6 13:37
267.75,0.29902,0.80654,2018/8/6 13:58,2018/8/6 13:58
267.72,0.30414,0.82816,2018/8/6 14:08,2018/8/6 14:08
267.58,0.31147,0.85255,2018/8/6 14:30,2018/8/6 14:30
267.79,0.33801,0.92184,2018/8/6 15:04,2018/8/6 15:04
267.5,0.34331,0.93404,2018/8/6 20:01,2018/8/6 20:01
267.35,0.33807,0.92239,2018/8/7 10:04,2018/8/7 10:04
267.45,0.33215,0.90355,2018/8/7 10:26,2018/8/7 10:26
267.42,0.32761,0.89468,2018/8/7 10:47,2018/8/7 10:47
267.49,0.31894,0.87306,2018/8/7 11:03,2018/8/7 11:03
267.52,0.31016,0.84978,2018/8/7 11:09,2018/8/7 11:09
267.49,0.31995,0.87694,2018/8/7 11:25,2018/8/7 11:25
267.7,0.30947,0.84756,2018/8/7 14:11,2018/8/7 14:11
267.7,0.30266,0.82206,2018/8/7 14:26,2018/8/7 14:26
267.73,0.30627,0.83481,2018/8/7 14:55,2018/8/7 14:55
267.6,0.33398,0.91075,2018/8/7 15:19,2018/8/7 15:19
266.5,0.32304,0.88525,2018/8/8 9:10,2018/8/8 9:10
266.6,0.33668,0.91962,2018/8/8 9:42,2018/8/8 9:42
266.86,0.3407,0.92794,2018/8/8 10:21,2018/8/8 10:21
267.01,0.33285,0.90632,2018/8/8 10:49,2018/8/8 10:49
267.06,0.32156,0.88193,2018/8/8 11:01,2018/8/8 11:01
267.1,0.31509,0.86197,2018/8/8 11:10,2018/8/8 11:10
267.19,0.31724,0.86863,2018/8/8 13:45,2018/8/8 13:45
267.06,0.32027,0.87805,2018/8/8 14:06,2018/8/8 14:06
267.21,0.32273,0.8847,2018/8/8 14:16,2018/8/8 14:16
267.08,0.31292,0.85588,2018/8/8 14:27,2018/8/8 14:27
267.1,0.30407,0.82705,2018/8/8 14:38,2018/8/8 14:38
267.08,0.29559,0.78437,2018/8/8 14:51,2018/8/8 14:51
267.22,0.30535,0.83093,2018/8/8 15:29,2018/8/8 15:29
267,0.30376,0.82539,2018/8/9 9:28,2018/8/9 9:28
267.15,0.2973,0.79601,2018/8/9 10:00,2018/8/9 10:00
267.11,0.28672,0.7367,2018/8/9 10:31,2018/8/9 10:31
267.09,0.2963,0.78825,2018/8/9 11:12,2018/8/9 11:12
267.3,0.28977,0.75277,2018/8/9 14:11,2018/8/9 14:11
267.25,0.27939,0.69678,2018/8/9 14:35,2018/8/9 14:35
267.26,0.28356,0.71785,2018/8/9 14:46,2018/8/9 14:46
267.15,0.28779,0.74169,2018/8/9 15:25,2018/8/9 15:25
267.38,0.28518,0.7245,2018/8/10 9:22,2018/8/10 9:22
267.3,0.27366,0.66186,2018/8/10 9:48,2018/8/10 9:48
267.3,0.26771,0.62029,2018/8/10 10:04,2018/8/10 10:04
267.33,0.25605,0.55044,2018/8/10 10:24,2018/8/10 10:24
267.35,0.25131,0.51718,2018/8/10 10:49,2018/8/10 10:49
267.31,0.26118,0.58647,2018/8/10 13:41,2018/8/10 13:41
267.11,0.26188,0.58925,2018/8/10 14:01,2018/8/10 14:01
267.01,0.25987,0.5765,2018/8/10 14:30,2018/8/10 14:30
267.14,0.28594,0.73115,2018/8/10 15:03,2018/8/10 15:03
267.88,0.28556,0.72783,2018/8/13 9:08,2018/8/13 9:08
268,0.2798,0.70067,2018/8/13 9:42,2018/8/13 9:42
267.95,0.27745,0.68404,2018/8/13 10:08,2018/8/13 10:08
267.9,0.26964,0.63248,2018/8/13 10:25,2018/8/13 10:25
267.91,0.25905,0.57095,2018/8/13 10:42,2018/8/13 10:42
267.93,0.2503,0.51053,2018/8/13 11:01,2018/8/13 11:01
267.91,0.24167,0.46508,2018/8/13 11:23,2018/8/13 11:23
267.93,0.2322,0.42406,2018/8/13 13:44,2018/8/13 13:44
267.92,0.22842,0.40909,2018/8/13 13:53,2018/8/13 13:53
267.98,0.22178,0.38359,2018/8/13 14:04,2018/8/13 14:04
267.92,0.21416,0.35033,2018/8/13 14:16,2018/8/13 14:16
267.93,0.24242,0.47007,2018/8/13 14:40,2018/8/13 14:40
265.81,0.24492,0.48392,2018/8/14 9:12,2018/8/14 9:12
265.71,0.23964,0.45455,2018/8/14 9:43,2018/8/14 9:43
265.75,0.23221,0.42461,2018/8/14 10:12,2018/8/14 10:12
265.75,0.2222,0.38581,2018/8/14 10:24,2018/8/14 10:24
265.75,0.21306,0.34534,2018/8/14 10:30,2018/8/14 10:30
265.75,0.2092,0.32761,2018/8/14 10:34,2018/8/14 10:34
265.81,0.22485,0.39246,2018/8/14 10:52,2018/8/14 10:52
265.55,0.21929,0.37251,2018/8/14 13:35,2018/8/14 13:35
265.55,0.21689,0.36308,2018/8/14 13:53,2018/8/14 13:53
265.65,0.23063,0.41907,2018/8/14 14:14,2018/8/14 14:14
265.5,0.21953,0.37361,2018/8/14 14:49,2018/8/14 14:49
265.5,0.21463,0.35421,2018/8/14 14:58,2018/8/14 14:58
265.55,0.20636,0.31707,2018/8/14 15:06,2018/8/14 15:06
265.55,0.22188,0.38415,2018/8/15 9:15,2018/8/15 9:15
265.31,0.21438,0.352,2018/8/15 9:49,2018/8/15 9:49
265.3,0.2202,0.37694,2018/8/15 10:35,2018/8/15 10:35
265.17,0.21524,0.35643,2018/8/15 10:56,2018/8/15 10:56
265.21,0.22428,0.3908,2018/8/15 11:26,2018/8/15 11:26
265.02,0.22834,0.40854,2018/8/15 14:01,2018/8/15 14:01
264.93,0.22142,0.38082,2018/8/15 14:55,2018/8/15 14:55
265,0.24997,0.50887,2018/8/15 15:23,2018/8/15 15:23
261.01,0.2608,0.58204,2018/8/16 9:14,2018/8/16 9:14
261.21,0.27068,0.64357,2018/8/16 9:50,2018/8/16 9:50
261.6,0.28121,0.70621,2018/8/16 10:12,2018/8/16 10:12
261.8,0.2822,0.71064,2018/8/16 10:34,2018/8/16 10:34
261.9,0.27693,0.6796,2018/8/16 10:41,2018/8/16 10:41
261.86,0.26974,0.63359,2018/8/16 11:06,2018/8/16 11:06
261.84,0.28873,0.74778,2018/8/16 11:09,2018/8/16 11:09
261.55,0.30794,0.84424,2018/8/16 13:34,2018/8/16 13:34
261.9,0.30762,0.84313,2018/8/16 13:46,2018/8/16 13:46
261.81,0.30623,0.8337,2018/8/16 14:01,2018/8/16 14:01
261.74,0.31375,0.85809,2018/8/16 14:36,2018/8/16 14:36
261.93,0.32632,0.89191,2018/8/16 14:58,2018/8/16 14:58
262.2,0.35444,0.95122,2018/8/16 15:18,2018/8/16 15:18
261.5,0.34496,0.93681,2018/8/17 9:19,2018/8/17 9:19
261.55,0.35943,0.95843,2018/8/17 9:42,2018/8/17 9:42
261.85,0.3488,0.94457,2018/8/17 10:20,2018/8/17 10:20
261.9,0.34202,0.93182,2018/8/17 10:37,2018/8/17 10:37
261.95,0.33296,0.90687,2018/8/17 10:53,2018/8/17 10:53
261.94,0.34165,0.9296,2018/8/17 11:00,2018/8/17 11:00
261.75,0.33632,0.91851,2018/8/17 13:38,2018/8/17 13:38
261.81,0.3417,0.93016,2018/8/17 13:53,2018/8/17 13:53
261.66,0.33956,0.92572,2018/8/17 14:05,2018/8/17 14:05
261.61,0.33466,0.91408,2018/8/17 14:29,2018/8/17 14:29
261.57,0.35637,0.95565,2018/8/17 15:16,2018/8/17 15:16
262,0.37208,0.97339,2018/8/17 21:32,2018/8/17 21:32
262.35,0.37358,0.97561,2018/8/20 9:11,2018/8/20 9:11
262.48,0.3738,0.97616,2018/8/20 9:53,2018/8/20 9:53
262.63,0.36523,0.96785,2018/8/20 10:16,2018/8/20 10:16
262.67,0.35458,0.95177,2018/8/20 10:38,2018/8/20 10:38
262.72,0.34702,0.94069,2018/8/20 10:59,2018/8/20 10:59
262.68,0.33412,0.91186,2018/8/20 13:40,2018/8/20 13:40
262.7,0.33265,0.90521,2018/8/20 13:53,2018/8/20 13:53
262.8,0.32092,0.87916,2018/8/20 14:15,2018/8/20 14:15
262.8,0.30568,0.83204,2018/8/20 14:23,2018/8/20 14:23
262.8,0.30131,0.81541,2018/8/20 14:37,2018/8/20 14:37
262.88,0.29886,0.80599,2018/8/20 14:46,2018/8/20 14:46
262.97,0.28781,0.74224,2018/8/20 15:06,2018/8/20 15:06
263,0.29376,0.77716,2018/8/20 15:17,2018/8/20 15:17
263.15,0.31487,0.86086,2018/8/20 15:25,2018/8/20 15:25
263.6,0.32105,0.88027,2018/8/21 9:47,2018/8/21 9:47
263.78,0.31086,0.852,2018/8/21 10:19,2018/8/21 10:19
263.8,0.30693,0.83758,2018/8/21 10:34,2018/8/21 10:34
263.88,0.30189,0.81984,2018/8/21 10:49,2018/8/21 10:49
263.94,0.29399,0.77882,2018/8/21 10:59,2018/8/21 10:59
263.98,0.31278,0.85477,2018/8/21 11:13,2018/8/21 11:13
264.36,0.29656,0.79102,2018/8/21 13:48,2018/8/21 13:48
264.36,0.2849,0.72339,2018/8/21 13:55,2018/8/21 13:55
264.35,0.27813,0.68792,2018/8/21 14:00,2018/8/21 14:00
264.4,0.2703,0.6408,2018/8/21 14:12,2018/8/21 14:12
264.47,0.26011,0.57816,2018/8/21 14:29,2018/8/21 14:29
264.45,0.25366,0.53548,2018/8/21 14:47,2018/8/21 14:47
264.44,0.24566,0.4867,2018/8/21 14:53,2018/8/21 14:53
264.5,0.23981,0.4551,2018/8/21 15:07,2018/8/21 15:07
264.45,0.23875,0.449,2018/8/21 15:14,2018/8/21 15:14
264.4,0.23459,0.43182,2018/8/21 15:29,2018/8/21 15:29
264.46,0.23568,0.4357,2018/8/22 9:22,2018/8/22 9:22
264.37,0.2478,0.50166,2018/8/22 9:43,2018/8/22 9:43
264.61,0.24046,0.46009,2018/8/22 10:11,2018/8/22 10:11
264.58,0.23878,0.44956,2018/8/22 10:23,2018/8/22 10:23
264.5,0.23196,0.4235,2018/8/22 10:43,2018/8/22 10:43
264.56,0.2229,0.38914,2018/8/22 10:59,2018/8/22 10:59
264.55,0.21853,0.36863,2018/8/22 11:20,2018/8/22 11:20
264.51,0.21436,0.35144,2018/8/22 13:46,2018/8/22 13:46
264.5,0.20883,0.32428,2018/8/22 13:57,2018/8/22 13:57
264.46,0.229,0.41075,2018/8/22 14:08,2018/8/22 14:08
264.17,0.22239,0.38692,2018/8/22 14:30,2018/8/22 14:30
264.13,0.22097,0.37971,2018/8/22 15:01,2018/8/22 15:01
264.06,0.24654,0.49169,2018/8/22 15:24,2018/8/22 15:24
264.57,0.23396,0.42905,2018/8/23 9:36,2018/8/23 9:36
264.58,0.23225,0.42517,2018/8/23 10:03,2018/8/23 10:03
264.5,0.22602,0.398,2018/8/23 10:29,2018/8/23 10:29
264.55,0.22782,0.40576,2018/8/23 11:02,2018/8/23 11:02
264.65,0.21773,0.3653,2018/8/23 13:40,2018/8/23 13:40
264.66,0.21219,0.34313,2018/8/23 14:09,2018/8/23 14:09
264.7,0.23246,0.42572,2018/8/23 14:27,2018/8/23 14:27
264.35,0.25859,0.56763,2018/8/23 15:02,2018/8/23 15:02
264.1,0.2552,0.54601,2018/8/23 15:11,2018/8/23 15:11
264.06,0.25959,0.57317,2018/8/24 9:19,2018/8/24 9:19
263.95,0.27065,0.64302,2018/8/24 9:57,2018/8/24 9:57
264.23,0.26552,0.6092,2018/8/24 10:17,2018/8/24 10:17
264.19,0.26811,0.62417,2018/8/24 10:24,2018/8/24 10:24
264.1,0.2705,0.64246,2018/8/24 10:43,2018/8/24 10:43
264.23,0.26673,0.61308,2018/8/24 10:57,2018/8/24 10:57
264.28,0.27459,0.66796,2018/8/24 11:15,2018/8/24 11:15
264.48,0.2698,0.63581,2018/8/24 13:56,2018/8/24 13:56
264.43,0.26094,0.58315,2018/8/24 14:11,2018/8/24 14:11
264.44,0.25787,0.56153,2018/8/24 14:20,2018/8/24 14:20
264.5,0.25039,0.51164,2018/8/24 14:32,2018/8/24 14:32
264.54,0.24708,0.49557,2018/8/24 14:54,2018/8/24 14:54
264.62,0.28588,0.73004,2018/8/24 15:09,2018/8/24 15:09
265.4,0.28714,0.7378,2018/8/27 9:02,2018/8/27 9:02
265.5,0.30047,0.81319,2018/8/27 9:11,2018/8/27 9:11
265.3,0.29184,0.7633,2018/8/27 9:36,2018/8/27 9:36
265.31,0.28325,0.71619,2018/8/27 9:52,2018/8/27 9:52
265.31,0.28014,0.70288,2018/8/27 10:21,2018/8/27 10:21
265.28,0.30104,0.8143,2018/8/27 10:36,2018/8/27 10:36
265.6,0.30027,0.81264,2018/8/27 13:40,2018/8/27 13:40
265.7,0.28884,0.74889,2018/8/27 13:50,2018/8/27 13:50
265.7,0.27821,0.68902,2018/8/27 13:59,2018/8/27 13:59
265.7,0.26819,0.62472,2018/8/27 14:17,2018/8/27 14:17
265.71,0.27328,0.65909,2018/8/27 14:26,2018/8/27 14:26
265.57,0.26996,0.63803,2018/8/27 14:39,2018/8/27 14:39
265.52,0.28549,0.72727,2018/8/27 15:09,2018/8/27 15:09
265.81,0.29853,0.80266,2018/8/28 9:30,2018/8/28 9:30
266.06,0.29202,0.76441,2018/8/28 10:24,2018/8/28 10:24
266.1,0.28262,0.71231,2018/8/28 10:44,2018/8/28 10:44
266.08,0.27486,0.66907,2018/8/28 11:00,2018/8/28 11:00
266.11,0.2683,0.62639,2018/8/28 11:14,2018/8/28 11:14
266.14,0.27034,0.64135,2018/8/28 13:41,2018/8/28 13:41
266.25,0.26123,0.58703,2018/8/28 14:09,2018/8/28 14:09
266.25,0.25449,0.54157,2018/8/28 14:21,2018/8/28 14:21
266.23,0.2462,0.49058,2018/8/28 14:45,2018/8/28 14:45
266.26,0.23993,0.45676,2018/8/28 14:49,2018/8/28 14:49
266.48,0.22852,0.40965,2018/8/28 14:53,2018/8/28 14:53
266.5,0.22817,0.40743,2018/8/28 14:56,2018/8/28 14:56
266.42,0.25435,0.54047,2018/8/28 15:20,2018/8/28 15:20
264.85,0.25479,0.54324,2018/8/29 9:23,2018/8/29 9:23
264.95,0.26468,0.60421,2018/8/29 9:48,2018/8/29 9:48
265.13,0.26027,0.57982,2018/8/29 10:10,2018/8/29 10:10
265.15,0.26279,0.59202,2018/8/29 10:26,2018/8/29 10:26
265.3,0.25315,0.53215,2018/8/29 10:56,2018/8/29 10:56
265.35,0.25827,0.5643,2018/8/29 11:03,2018/8/29 11:03
265.4,0.25868,0.56818,2018/8/29 13:30,2018/8/29 13:30
265.33,0.25379,0.53659,2018/8/29 14:01,2018/8/29 14:01
265.3,0.25393,0.53769,2018/8/29 14:20,2018/8/29 14:20
265.22,0.24502,0.48448,2018/8/29 14:47,2018/8/29 14:47
265.23,0.26468,0.60366,2018/8/29 14:59,2018/8/29 14:59
265.56,0.25852,0.56707,2018/8/29 15:22,2018/8/29 15:22
265.65,0.25937,0.57151,2018/8/30 9:32,2018/8/30 9:32
265.75,0.25633,0.55155,2018/8/30 10:08,2018/8/30 10:08
265.81,0.25187,0.52439,2018/8/30 10:26,2018/8/30 10:26
265.77,0.25483,0.54379,2018/8/30 10:56,2018/8/30 10:56
265.61,0.25164,0.51996,2018/8/30 13:51,2018/8/30 13:51
265.53,0.24443,0.47949,2018/8/30 14:09,2018/8/30 14:09
265.5,0.23373,0.42738,2018/8/30 14:33,2018/8/30 14:33
265.51,0.22898,0.4102,2018/8/30 14:34,2018/8/30 14:34
265.55,0.24339,0.47395,2018/8/30 14:48,2018/8/30 14:48
265.83,0.24725,0.49612,2018/8/30 15:12,2018/8/30 15:12
265.7,0.25822,0.56375,2018/8/31 9:22,2018/8/31 9:22
265.55,0.24509,0.48503,2018/8/31 9:44,2018/8/31 9:44
265.55,0.24347,0.47506,2018/8/31 9:50,2018/8/31 9:50
265.6,0.23994,0.45732,2018/8/31 10:17,2018/8/31 10:17
265.58,0.25942,0.57206,2018/8/31 11:23,2018/8/31 11:23
265.9,0.26096,0.5837,2018/8/31 13:52,2018/8/31 13:52
266.04,0.26416,0.60144,2018/8/31 14:04,2018/8/31 14:04
265.92,0.26725,0.61752,2018/8/31 14:21,2018/8/31 14:21
265.82,0.29041,0.75554,2018/8/31 14:52,2018/8/31 14:52
266.23,0.31873,0.87195,2018/8/31 15:15,2018/8/31 15:15
265.15,0.3076,0.84257,2018/9/3 9:09,2018/9/3 9:09
265.17,0.29674,0.79213,2018/9/3 9:15,2018/9/3 9:15
265.21,0.30491,0.82982,2018/9/3 9:17,2018/9/3 9:17
265.4,0.2874,0.73891,2018/9/3 9:22,2018/9/3 9:22
265.41,0.28056,0.70455,2018/9/3 9:23,2018/9/3 9:23
265.45,0.26976,0.63525,2018/9/3 9:29,2018/9/3 9:29
265.48,0.26266,0.59035,2018/9/3 9:32,2018/9/3 9:32
265.5,0.25359,0.53492,2018/9/3 9:35,2018/9/3 9:35
265.46,0.27454,0.66685,2018/9/3 9:37,2018/9/3 9:37
265.3,0.28317,0.71563,2018/9/3 9:43,2018/9/3 9:43
265.11,0.27793,0.6857,2018/9/3 10:01,2018/9/3 10:01
265.15,0.27365,0.66131,2018/9/3 10:47,2018/9/3 10:47
265.3,0.27329,0.65965,2018/9/3 11:06,2018/9/3 11:06
265.21,0.27742,0.68237,2018/9/3 11:23,2018/9/3 11:23
265.37,0.26912,0.62971,2018/9/3 13:59,2018/9/3 13:59
265.36,0.2631,0.59424,2018/9/3 14:29,2018/9/3 14:29
265.32,0.2583,0.56486,2018/9/3 14:32,2018/9/3 14:32
265.28,0.24967,0.50665,2018/9/3 14:47,2018/9/3 14:47
265.3,0.26117,0.58592,2018/9/3 14:55,2018/9/3 14:55
265.1,0.2618,0.58814,2018/9/3 15:15,2018/9/3 15:15
265,0.2691,0.62916,2018/9/4 9:14,2018/9/4 9:14
264.85,0.27252,0.65466,2018/9/4 9:50,2018/9/4 9:50
264.72,0.26905,0.6286,2018/9/4 10:27,2018/9/4 10:27
264.75,0.2631,0.59479,2018/9/4 10:51,2018/9/4 10:51
264.75,0.25885,0.56984,2018/9/4 11:08,2018/9/4 11:08
264.7,0.2642,0.60255,2018/9/4 11:19,2018/9/4 11:19
264.86,0.26942,0.63082,2018/9/4 13:54,2018/9/4 13:54
264.73,0.27704,0.68016,2018/9/4 14:07,2018/9/4 14:07
264.58,0.29204,0.76497,2018/9/4 14:20,2018/9/4 14:20
264.3,0.31304,0.85643,2018/9/4 14:56,2018/9/4 14:56
263.84,0.30607,0.83315,2018/9/5 9:40,2018/9/5 9:40
263.81,0.30006,0.81098,2018/9/5 10:21,2018/9/5 10:21
263.9,0.3,0.80987,2018/9/5 11:17,2018/9/5 11:17
264,0.28986,0.75333,2018/9/5 14:03,2018/9/5 14:03
263.97,0.2982,0.801,2018/9/5 14:09,2018/9/5 14:09
263.78,0.30734,0.83925,2018/9/5 14:26,2018/9/5 14:26
264.05,0.33181,0.90299,2018/9/5 15:04,2018/9/5 15:04
264.7,0.32551,0.8908,2018/9/6 9:07,2018/9/6 9:07
264.65,0.32436,0.88858,2018/9/6 9:18,2018/9/6 9:18
264.72,0.31952,0.87528,2018/9/6 9:56,2018/9/6 9:56
264.8,0.31975,0.87639,2018/9/6 10:13,2018/9/6 10:13
264.94,0.33782,0.92129,2018/9/6 10:56,2018/9/6 10:56
264.6,0.33339,0.90798,2018/9/6 13:47,2018/9/6 13:47
264.67,0.32391,0.88692,2018/9/6 14:26,2018/9/6 14:26
264.65,0.31761,0.86973,2018/9/6 14:59,2018/9/6 14:59
264.7,0.34398,0.9357,2018/9/6 15:24,2018/9/6 15:24
265.51,0.33058,0.90078,2018/9/7 9:12,2018/9/7 9:12
265.5,0.31698,0.86696,2018/9/7 9:43,2018/9/7 9:43
265.55,0.30632,0.83537,2018/9/7 9:52,2018/9/7 9:52
265.59,0.29448,0.7816,2018/9/7 10:05,2018/9/7 10:05
265.6,0.2896,0.75222,2018/9/7 10:11,2018/9/7 10:11
265.65,0.28806,0.7439,2018/9/7 10:28,2018/9/7 10:28
265.58,0.28588,0.72949,2018/9/7 10:49,2018/9/7 10:49
265.66,0.27519,0.67073,2018/9/7 11:10,2018/9/7 11:10
265.69,0.27843,0.69013,2018/9/7 13:53,2018/9/7 13:53
265.56,0.27859,0.69124,2018/9/7 14:07,2018/9/7 14:07
265.46,0.27204,0.65188,2018/9/7 14:24,2018/9/7 14:24
265.48,0.27192,0.65022,2018/9/7 14:31,2018/9/7 14:31
265.58,0.25771,0.55987,2018/9/7 14:54,2018/9/7 14:54
265.58,0.27903,0.69346,2018/9/7 14:59,2018/9/7 14:59
265.35,0.29663,0.79157,2018/9/7 15:05,2018/9/7 15:05
265.2,0.30342,0.82373,2018/9/10 9:01,2018/9/10 9:01
265.03,0.29989,0.80931,2018/9/10 9:37,2018/9/10 9:37
265.1,0.29255,0.76829,2018/9/10 10:00,2018/9/10 10:00
265.08,0.28268,0.71341,2018/9/10 10:31,2018/9/10 10:31
265.09,0.28419,0.71951,2018/9/10 10:47,2018/9/10 10:47
265.22,0.26986,0.63747,2018/9/10 11:06,2018/9/10 11:06
265.22,0.29147,0.7622,2018/9/10 11:14,2018/9/10 11:14
264.76,0.28214,0.71009,2018/9/10 14:01,2018/9/10 14:01
264.8,0.28151,0.70676,2018/9/10 14:13,2018/9/10 14:13
264.86,0.26866,0.62749,2018/9/10 14:27,2018/9/10 14:27
264.9,0.25685,0.5571,2018/9/10 14:33,2018/9/10 14:33
264.9,0.24479,0.48282,2018/9/10 14:38,2018/9/10 14:38
264.88,0.23686,0.4429,2018/9/10 14:47,2018/9/10 14:47
264.86,0.23604,0.43902,2018/9/10 14:59,2018/9/10 14:59
264.95,0.25466,0.54268,2018/9/10 15:27,2018/9/10 15:27
265.38,0.25249,0.52938,2018/9/11 9:35,2018/9/11 9:35
265.3,0.2423,0.46896,2018/9/11 10:10,2018/9/11 10:10
265.3,0.24439,0.47894,2018/9/11 10:28,2018/9/11 10:28
265.18,0.23677,0.44235,2018/9/11 10:43,2018/9/11 10:43
265.29,0.23483,0.43293,2018/9/11 10:52,2018/9/11 10:52
265.23,0.2277,0.40466,2018/9/11 11:22,2018/9/11 11:22
265.28,0.22671,0.40133,2018/9/11 13:41,2018/9/11 13:41
265.36,0.22166,0.38304,2018/9/11 13:55,2018/9/11 13:55
265.32,0.2196,0.37417,2018/9/11 14:23,2018/9/11 14:23
265.39,0.21364,0.34812,2018/9/11 14:38,2018/9/11 14:38
265.36,0.2189,0.37029,2018/9/11 15:08,2018/9/11 15:08
265.5,0.21671,0.36253,2018/9/12 9:04,2018/9/12 9:04
265.56,0.2125,0.34368,2018/9/12 9:42,2018/9/12 9:42
265.55,0.20347,0.30654,2018/9/12 10:21,2018/9/12 10:21
265.57,0.1937,0.25388,2018/9/12 10:33,2018/9/12 10:33
265.56,0.18995,0.23725,2018/9/12 10:39,2018/9/12 10:39
265.54,0.19178,0.2439,2018/9/12 11:00,2018/9/12 11:00
265.46,0.20293,0.30377,2018/9/12 11:27,2018/9/12 11:27
265.28,0.20923,0.32816,2018/9/12 13:37,2018/9/12 13:37
265.45,0.20216,0.30044,2018/9/12 13:53,2018/9/12 13:53
265.45,0.19991,0.28991,2018/9/12 14:08,2018/9/12 14:08
265.43,0.21119,0.33703,2018/9/12 14:32,2018/9/12 14:32
265.22,0.2097,0.32927,2018/9/12 15:04,2018/9/12 15:04
265.16,0.2164,0.36086,2018/9/12 21:38,2018/9/12 21:38
265.99,0.2211,0.38027,2018/9/13 9:33,2018/9/13 9:33
266.12,0.22452,0.39135,2018/9/13 9:38,2018/9/13 9:38
266.06,0.22239,0.38747,2018/9/13 9:45,2018/9/13 9:45
266.15,0.22009,0.37528,2018/9/13 9:55,2018/9/13 9:55
266.3,0.21346,0.34701,2018/9/13 10:06,2018/9/13 10:06
266.33,0.20379,0.3082,2018/9/13 10:24,2018/9/13 10:24
266.35,0.19518,0.26275,2018/9/13 10:31,2018/9/13 10:31
266.34,0.19235,0.24612,2018/9/13 10:41,2018/9/13 10:41
266.39,0.18542,0.21508,2018/9/13 11:03,2018/9/13 11:03
266.38,0.19524,0.26386,2018/9/13 11:22,2018/9/13 11:22
266.23,0.19493,0.26109,2018/9/13 14:00,2018/9/13 14:00
266.3,0.19296,0.24945,2018/9/13 14:24,2018/9/13 14:24
266.35,0.20991,0.33038,2018/9/13 14:53,2018/9/13 14:53
266.15,0.20238,0.30211,2018/9/13 15:29,2018/9/13 15:29
266.17,0.21325,0.34645,2018/9/14 9:26,2018/9/14 9:26
266.35,0.22014,0.37639,2018/9/14 10:09,2018/9/14 10:09
266.49,0.21646,0.36142,2018/9/14 10:39,2018/9/14 10:39
266.45,0.21919,0.37195,2018/9/14 10:53,2018/9/14 10:53
266.56,0.22464,0.39191,2018/9/14 11:08,2018/9/14 11:08
266.68,0.21889,0.36973,2018/9/14 13:47,2018/9/14 13:47
266.72,0.21448,0.35366,2018/9/14 14:13,2018/9/14 14:13
266.78,0.21667,0.36197,2018/9/14 14:26,2018/9/14 14:26
266.87,0.21215,0.34257,2018/9/14 14:44,2018/9/14 14:44
266.9,0.20966,0.32871,2018/9/14 14:57,2018/9/14 14:57
266.85,0.21139,0.33814,2018/9/14 15:04,2018/9/14 15:04
266.77,0.20985,0.32982,2018/9/14 15:11,2018/9/14 15:11
266.72,0.24003,0.45787,2018/9/14 15:24,2018/9/14 15:24
265.75,0.25205,0.5255,2018/9/17 9:19,2018/9/17 9:19
265.58,0.24672,0.49224,2018/9/17 9:54,2018/9/17 9:54
265.61,0.24949,0.50499,2018/9/17 10:19,2018/9/17 10:19
265.6,0.25177,0.52273,2018/9/17 10:29,2018/9/17 10:29
265.55,0.25405,0.5388,2018/9/17 10:43,2018/9/17 10:43
265.65,0.25083,0.51441,2018/9/17 10:58,2018/9/17 10:58
265.71,0.24416,0.47727,2018/9/17 13:38,2018/9/17 13:38
265.71,0.23941,0.45399,2018/9/17 13:59,2018/9/17 13:59
265.75,0.23723,0.44512,2018/9/17 14:23,2018/9/17 14:23
265.82,0.22908,0.41131,2018/9/17 14:31,2018/9/17 14:31
265.8,0.22598,0.39745,2018/9/17 14:42,2018/9/17 14:42
265.76,0.22945,0.41408,2018/9/17 15:00,2018/9/17 15:00
265.7,0.2264,0.39911,2018/9/17 15:18,2018/9/17 15:18
265.65,0.25875,0.56874,2018/9/17 15:29,2018/9/17 15:29
266.9,0.28659,0.73503,2018/9/17 23:19,2018/9/17 23:19
266.25,0.28096,0.70565,2018/9/18 9:37,2018/9/18 9:37
266.33,0.27539,0.67239,2018/9/18 10:13,2018/9/18 10:13
266.38,0.26581,0.61031,2018/9/18 10:21,2018/9/18 10:21
266.38,0.26504,0.60754,2018/9/18 10:31,2018/9/18 10:31
266.3,0.25949,0.57262,2018/9/18 10:44,2018/9/18 10:44
266.26,0.25394,0.53825,2018/9/18 11:01,2018/9/18 11:01
266.23,0.24696,0.49279,2018/9/18 11:21,2018/9/18 11:21
266.26,0.24022,0.45953,2018/9/18 13:44,2018/9/18 13:44
266.25,0.24108,0.46341,2018/9/18 13:59,2018/9/18 13:59
266.34,0.256,0.54989,2018/9/18 14:15,2018/9/18 14:15
266.1,0.27312,0.65687,2018/9/18 14:44,2018/9/18 14:44
265.83,0.30304,0.82317,2018/9/18 15:03,2018/9/18 15:03
266.8,0.33081,0.90133,2018/9/18 21:05,2018/9/18 21:05
265.9,0.31911,0.87417,2018/9/19 10:21,2018/9/19 10:21
265.9,0.31707,0.86752,2018/9/19 10:30,2018/9/19 10:30
266,0.30735,0.84035,2018/9/19 11:08,2018/9/19 11:08
266.03,0.32424,0.88803,2018/9/19 11:27,2018/9/19 11:27
266.34,0.30979,0.84812,2018/9/19 13:56,2018/9/19 13:56
266.35,0.30002,0.81042,2018/9/19 14:00,2018/9/19 14:00
266.37,0.28948,0.75166,2018/9/19 14:04,2018/9/19 14:04
266.4,0.28404,0.71896,2018/9/19 14:10,2018/9/19 14:10
266.36,0.27776,0.68459,2018/9/19 14:29,2018/9/19 14:29
266.4,0.2683,0.62583,2018/9/19 14:47,2018/9/19 14:47
266.38,0.2719,0.64967,2018/9/19 14:57,2018/9/19 14:57
266.51,0.27154,0.6469,2018/9/19 15:10,2018/9/19 15:10
266.6,0.27216,0.65244,2018/9/19 15:23,2018/9/19 15:23
266.72,0.27275,0.65521,2018/9/20 9:14,2018/9/20 9:14
266.82,0.26305,0.59313,2018/9/20 9:35,2018/9/20 9:35
266.82,0.25847,0.56652,2018/9/20 9:41,2018/9/20 9:41
266.78,0.25146,0.51885,2018/9/20 10:21,2018/9/20 10:21
266.85,0.24459,0.48115,2018/9/20 10:56,2018/9/20 10:56
266.88,0.23411,0.4296,2018/9/20 11:08,2018/9/20 11:08
266.88,0.23179,0.42295,2018/9/20 11:16,2018/9/20 11:16
266.85,0.22943,0.41353,2018/9/20 11:25,2018/9/20 11:25
266.79,0.22816,0.40687,2018/9/20 14:00,2018/9/20 14:00
266.71,0.23552,0.43514,2018/9/20 14:10,2018/9/20 14:10
266.57,0.23703,0.44457,2018/9/20 14:27,2018/9/20 14:27
266.68,0.23924,0.45288,2018/9/20 14:56,2018/9/20 14:56
266.57,0.25969,0.57428,2018/9/20 15:15,2018/9/20 15:15
266.95,0.25541,0.54767,2018/9/21 9:15,2018/9/21 9:15
267,0.24738,0.49778,2018/9/21 9:35,2018/9/21 9:35
267.05,0.24198,0.46729,2018/9/21 9:50,2018/9/21 9:50
267.1,0.24092,0.46231,2018/9/21 9:53,2018/9/21 9:53
267.19,0.24938,0.50443,2018/9/21 10:01,2018/9/21 10:01
267.12,0.24134,0.46452,2018/9/21 10:22,2018/9/21 10:22
267.12,0.23984,0.45565,2018/9/21 10:36,2018/9/21 10:36
267.19,0.22788,0.40632,2018/9/21 10:45,2018/9/21 10:45
267.2,0.21901,0.37084,2018/9/21 10:51,2018/9/21 10:51
267.25,0.21052,0.33315,2018/9/21 10:56,2018/9/21 10:56
267.28,0.20911,0.32594,2018/9/21 11:03,2018/9/21 11:03
267.4,0.22505,0.39302,2018/9/21 13:33,2018/9/21 13:33
267.2,0.2219,0.3847,2018/9/21 14:02,2018/9/21 14:02
267.25,0.21743,0.36475,2018/9/21 14:06,2018/9/21 14:06
267.3,0.21208,0.34146,2018/9/21 14:12,2018/9/21 14:12
267.33,0.20517,0.31375,2018/9/21 14:18,2018/9/21 14:18
267.3,0.19663,0.27051,2018/9/21 14:22,2018/9/21 14:22
267.26,0.1923,0.24501,2018/9/21 14:28,2018/9/21 14:28
267.22,0.20027,0.29324,2018/9/21 14:37,2018/9/21 14:37
267.38,0.20465,0.31208,2018/9/21 14:50,2018/9/21 14:50
267.56,0.1992,0.28659,2018/9/21 15:09,2018/9/21 15:09
267.61,0.23435,0.43071,2018/9/21 15:13,2018/9/21 15:13
266.3,0.22147,0.38137,2018/9/25 9:10,2018/9/25 9:10
266.3,0.2115,0.33869,2018/9/25 9:19,2018/9/25 9:19
266.3,0.20471,0.31264,2018/9/25 9:22,2018/9/25 9:22
266.3,0.19685,0.27273,2018/9/25 9:26,2018/9/25 9:26
266.31,0.19116,0.24113,2018/9/25 9:32,2018/9/25 9:32
266.31,0.18616,0.21674,2018/9/25 9:40,2018/9/25 9:40
266.3,0.18983,0.23614,2018/9/25 9:46,2018/9/25 9:46
266.2,0.18811,0.22783,2018/9/25 9:56,2018/9/25 9:56
266.16,0.18257,0.20233,2018/9/25 10:02,2018/9/25 10:02
266.14,0.17984,0.1929,2018/9/25 10:11,2018/9/25 10:11
266.18,0.17462,0.17461,2018/9/25 10:19,2018/9/25 10:19
266.16,0.16887,0.15355,2018/9/25 10:25,2018/9/25 10:25
266.14,0.17332,0.16907,2018/9/25 10:35,2018/9/25 10:35
266.05,0.18957,0.23503,2018/9/25 10:44,2018/9/25 10:44
266.28,0.18984,0.2367,2018/9/25 11:05,2018/9/25 11:05
266.4,0.18243,0.20122,2018/9/25 11:13,2018/9/25 11:13
266.42,0.18794,0.22616,2018/9/25 11:19,2018/9/25 11:19
266.34,0.18203,0.19956,2018/9/25 13:36,2018/9/25 13:36
266.37,0.17524,0.17572,2018/9/25 13:52,2018/9/25 13:52
266.39,0.18154,0.19789,2018/9/25 14:07,2018/9/25 14:07
266.29,0.17539,0.17683,2018/9/25 14:19,2018/9/25 14:19
266.3,0.17847,0.18847,2018/9/25 14:23,2018/9/25 14:23
266.43,0.18461,0.2112,2018/9/25 14:40,2018/9/25 14:40
266.56,0.17838,0.18792,2018/9/25 14:51,2018/9/25 14:51
266.56,0.1732,0.16796,2018/9/25 14:56,2018/9/25 14:56
266.6,0.16592,0.14357,2018/9/25 15:07,2018/9/25 15:07
266.58,0.15806,0.12361,2018/9/25 15:11,2018/9/25 15:11
266.61,0.16257,0.13304,2018/9/25 15:14,2018/9/25 15:14
266.56,0.18759,0.22506,2018/9/25 15:23,2018/9/25 15:23
267,0.19627,0.26718,2018/9/25 22:52,2018/9/25 22:52
266.85,0.20914,0.3265,2018/9/26 9:27,2018/9/26 9:27
267.05,0.2071,0.31929,2018/9/26 9:40,2018/9/26 9:40
267.01,0.20307,0.30432,2018/9/26 9:46,2018/9/26 9:46
267.05,0.20661,0.31874,2018/9/26 9:49,2018/9/26 9:49
266.95,0.19874,0.28326,2018/9/26 10:12,2018/9/26 10:12
266.96,0.19355,0.25277,2018/9/26 10:24,2018/9/26 10:24
266.95,0.18756,0.22395,2018/9/26 10:43,2018/9/26 10:43
266.97,0.18275,0.20288,2018/9/26 10:51,2018/9/26 10:51
266.96,0.17651,0.17905,2018/9/26 11:03,2018/9/26 11:03
266.96,0.18206,0.20011,2018/9/26 11:11,2018/9/26 11:11
267.09,0.17723,0.18126,2018/9/26 13:43,2018/9/26 13:43
267.1,0.17265,0.16574,2018/9/26 14:02,2018/9/26 14:02
267.1,0.18386,0.20843,2018/9/26 14:11,2018/9/26 14:11
266.95,0.1774,0.18182,2018/9/26 14:19,2018/9/26 14:19
266.94,0.17264,0.16519,2018/9/26 14:22,2018/9/26 14:22
266.92,0.17329,0.16851,2018/9/26 14:34,2018/9/26 14:34
266.9,0.17164,0.16186,2018/9/26 14:40,2018/9/26 14:40
266.95,0.17042,0.15909,2018/9/26 14:56,2018/9/26 14:56
266.9,0.16801,0.15078,2018/9/26 15:01,2018/9/26 15:01
266.93,0.16899,0.1541,2018/9/26 15:08,2018/9/26 15:08
267.1,0.20009,0.29268,2018/9/26 15:21,2018/9/26 15:21
266.2,0.21632,0.36031,2018/9/26 20:45,2018/9/26 20:45
266.45,0.21406,0.34978,2018/9/27 9:25,2018/9/27 9:25
266.4,0.20355,0.3071,2018/9/27 9:54,2018/9/27 9:54
266.41,0.19656,0.26885,2018/9/27 9:59,2018/9/27 9:59
266.45,0.19497,0.26164,2018/9/27 10:07,2018/9/27 10:07
266.4,0.19321,0.25055,2018/9/27 10:18,2018/9/27 10:18
266.35,0.19164,0.24335,2018/9/27 10:24,2018/9/27 10:24
266.4,0.18518,0.21286,2018/9/27 10:37,2018/9/27 10:37
266.4,0.18371,0.20732,2018/9/27 10:39,2018/9/27 10:39
266.46,0.17394,0.17295,2018/9/27 10:45,2018/9/27 10:45
266.48,0.16709,0.14745,2018/9/27 10:47,2018/9/27 10:47
266.49,0.16063,0.1286,2018/9/27 10:58,2018/9/27 10:58
266.5,0.15746,0.12195,2018/9/27 11:02,2018/9/27 11:02
266.53,0.15342,0.11086,2018/9/27 11:10,2018/9/27 11:10
266.5,0.14364,0.087583,2018/9/27 11:14,2018/9/27 11:14
266.5,0.13485,0.070953,2018/9/27 11:16,2018/9/27 11:16
266.5,0.12799,0.063193,2018/9/27 11:18,2018/9/27 11:18
266.5,0.12174,0.054324,2018/9/27 11:19,2018/9/27 11:19
266.5,0.10998,0.042129,2018/9/27 11:20,2018/9/27 11:20
266.5,0.10539,0.038803,2018/9/27 11:21,2018/9/27 11:21
266.5,0.10433,0.038248,2018/9/27 11:23,2018/9/27 11:23
266.46,0.1059,0.039357,2018/9/27 13:32,2018/9/27 13:32
266.41,0.11672,0.048226,2018/9/27 13:35,2018/9/27 13:35
266.25,0.13081,0.064856,2018/9/27 13:50,2018/9/27 13:50
266.1,0.1259,0.060421,2018/9/27 13:55,2018/9/27 13:55
266.1,0.12544,0.059867,2018/9/27 13:57,2018/9/27 13:57
266.15,0.12497,0.05765,2018/9/27 14:07,2018/9/27 14:07
266.1,0.12512,0.059313,2018/9/27 14:14,2018/9/27 14:14
266.05,0.12419,0.055987,2018/9/27 14:19,2018/9/27 14:19
266.01,0.12083,0.050998,2018/9/27 14:20,2018/9/27 14:20
266.01,0.11667,0.047672,2018/9/27 14:28,2018/9/27 14:28
266.04,0.1135,0.043792,2018/9/27 14:53,2018/9/27 14:53
266.05,0.12389,0.054878,2018/9/27 15:08,2018/9/27 15:08
266.25,0.13411,0.06929,2018/9/27 15:19,2018/9/27 15:19
266.23,0.16043,0.12694,2018/9/27 15:24,2018/9/27 15:24
264.18,0.16715,0.148,2018/9/28 9:31,2018/9/28 9:31
264.27,0.16348,0.13914,2018/9/28 9:53,2018/9/28 9:53
264.29,0.15849,0.12417,2018/9/28 10:07,2018/9/28 10:07
264.3,0.15378,0.11253,2018/9/28 10:15,2018/9/28 10:15
264.3,0.14994,0.10421,2018/9/28 10:24,2018/9/28 10:24
264.32,0.14544,0.092018,2018/9/28 10:39,2018/9/28 10:39
264.33,0.14006,0.077605,2018/9/28 10:50,2018/9/28 10:50
264.33,0.14214,0.084257,2018/9/28 10:57,2018/9/28 10:57
264.26,0.14745,0.09867,2018/9/28 11:18,2018/9/28 11:18
264.11,0.14456,0.090909,2018/9/28 13:39,2018/9/28 13:39
264.1,0.15369,0.11197,2018/9/28 14:00,2018/9/28 14:00
263.95,0.1743,0.1735,2018/9/28 14:11,2018/9/28 14:11
263.75,0.17389,0.17239,2018/9/28 14:41,2018/9/28 14:41
263.7,0.16989,0.15854,2018/9/28 14:45,2018/9/28 14:45
263.72,0.19673,0.27217,2018/9/28 15:16,2018/9/28 15:16
267.05,0.20529,0.31486,2018/10/8 9:05,2018/10/8 9:05
266.9,0.2027,0.30266,2018/10/8 9:30,2018/10/8 9:30
266.97,0.20172,0.29823,2018/10/8 9:47,2018/10/8 9:47
267.01,0.19976,0.2888,2018/10/8 9:58,2018/10/8 9:58
267.04,0.19591,0.26608,2018/10/8 10:04,2018/10/8 10:04
267.05,0.19891,0.28492,2018/10/8 10:15,2018/10/8 10:15
267,0.19448,0.25776,2018/10/8 10:32,2018/10/8 10:32
267.02,0.19146,0.24224,2018/10/8 10:36,2018/10/8 10:36
267,0.18903,0.23171,2018/10/8 10:42,2018/10/8 10:42
266.97,0.18323,0.20565,2018/10/8 10:58,2018/10/8 10:58
267,0.17818,0.18625,2018/10/8 11:04,2018/10/8 11:04
267,0.1738,0.17184,2018/10/8 11:06,2018/10/8 11:06
267.03,0.16902,0.15466,2018/10/8 11:21,2018/10/8 11:21
267.01,0.16678,0.14579,2018/10/8 13:33,2018/10/8 13:33
267,0.16551,0.14246,2018/10/8 13:38,2018/10/8 13:38
267,0.15297,0.10976,2018/10/8 13:46,2018/10/8 13:46
267.01,0.14788,0.10033,2018/10/8 13:58,2018/10/8 13:58
267.05,0.14117,0.082594,2018/10/8 14:01,2018/10/8 14:01
267.02,0.13612,0.073171,2018/10/8 14:08,2018/10/8 14:08
267.03,0.13623,0.073725,2018/10/8 14:16,2018/10/8 14:16
266.97,0.13261,0.067073,2018/10/8 14:32,2018/10/8 14:32
267,0.13557,0.072062,2018/10/8 14:52,2018/10/8 14:52
267.08,0.1312,0.06541,2018/10/8 14:59,2018/10/8 14:59
267.1,0.12505,0.058758,2018/10/8 15:03,2018/10/8 15:03
267.11,0.12091,0.051552,2018/10/8 15:04,2018/10/8 15:04
267.1,0.14623,0.095344,2018/10/8 15:06,2018/10/8 15:06
266.61,0.15674,0.11918,2018/10/9 9:08,2018/10/9 9:08
266.78,0.16315,0.13747,2018/10/9 9:33,2018/10/9 9:33
266.65,0.15905,0.12472,2018/10/9 9:41,2018/10/9 9:41
266.67,0.15414,0.11419,2018/10/9 9:53,2018/10/9 9:53
266.7,0.153,0.11031,2018/10/9 10:06,2018/10/9 10:06
266.67,0.15087,0.10698,2018/10/9 10:23,2018/10/9 10:23
266.67,0.14424,0.090355,2018/10/9 10:46,2018/10/9 10:46
266.68,0.14134,0.083703,2018/10/9 10:53,2018/10/9 10:53
266.71,0.13955,0.076497,2018/10/9 11:03,2018/10/9 11:03
266.75,0.14914,0.10144,2018/10/9 11:11,2018/10/9 11:11
266.7,0.15098,0.10754,2018/10/9 13:32,2018/10/9 13:32
266.77,0.1546,0.1153,2018/10/9 13:51,2018/10/9 13:51
266.68,0.14471,0.091463,2018/10/9 14:11,2018/10/9 14:11
266.7,0.1409,0.080377,2018/10/9 14:13,2018/10/9 14:13
266.73,0.12823,0.063747,2018/10/9 14:20,2018/10/9 14:20
266.73,0.12095,0.052106,2018/10/9 14:21,2018/10/9 14:21
266.73,0.11575,0.046563,2018/10/9 14:23,2018/10/9 14:23
266.73,0.12097,0.052661,2018/10/9 14:24,2018/10/9 14:24
266.63,0.12451,0.057095,2018/10/9 14:54,2018/10/9 14:54
266.55,0.12426,0.056541,2018/10/10 9:10,2018/10/10 9:10
266.5,0.11919,0.04878,2018/10/10 9:54,2018/10/10 9:54
266.51,0.11589,0.047118,2018/10/10 10:23,2018/10/10 10:23
266.51,0.12669,0.06153,2018/10/10 10:41,2018/10/10 10:41
266.6,0.12699,0.062084,2018/10/10 13:39,2018/10/10 13:39
266.65,0.12503,0.058204,2018/10/10 13:59,2018/10/10 13:59
266.65,0.13643,0.074279,2018/10/10 14:14,2018/10/10 14:14
266.48,0.13451,0.070399,2018/10/10 14:29,2018/10/10 14:29
266.55,0.16317,0.13803,2018/10/10 15:22,2018/10/10 15:22
267.11,0.18474,0.21175,2018/10/11 9:12,2018/10/11 9:12
267.45,0.18834,0.22838,2018/10/11 9:30,2018/10/11 9:30
267.4,0.18942,0.23392,2018/10/11 9:50,2018/10/11 9:50
267.48,0.20453,0.31098,2018/10/11 10:00,2018/10/11 10:00
267.7,0.19923,0.28714,2018/10/11 10:23,2018/10/11 10:23
267.7,0.20001,0.29102,2018/10/11 10:36,2018/10/11 10:36
267.76,0.19663,0.27106,2018/10/11 10:51,2018/10/11 10:51
267.79,0.20049,0.29435,2018/10/11 11:03,2018/10/11 11:03
267.71,0.20387,0.30876,2018/10/11 11:20,2018/10/11 11:20
267.8,0.19768,0.27716,2018/10/11 13:56,2018/10/11 13:56
267.78,0.21063,0.3337,2018/10/11 14:01,2018/10/11 14:01
267.58,0.21177,0.3398,2018/10/11 14:14,2018/10/11 14:14
267.66,0.2066,0.31763,2018/10/11 14:48,2018/10/11 14:48
267.7,0.23511,0.43348,2018/10/11 15:08,2018/10/11 15:08
269.3,0.26588,0.61086,2018/10/11 20:49,2018/10/11 20:49
271.07,0.26059,0.58093,2018/10/12 9:05,2018/10/12 9:05
271.12,0.26321,0.59534,2018/10/12 9:13,2018/10/12 9:13
271.25,0.27391,0.66242,2018/10/12 9:24,2018/10/12 9:24
271.44,0.2697,0.63304,2018/10/12 9:57,2018/10/12 9:57
271.42,0.27196,0.65133,2018/10/12 10:09,2018/10/12 10:09
271.53,0.29355,0.7755,2018/10/12 10:20,2018/10/12 10:20
271.91,0.29395,0.77827,2018/10/12 10:35,2018/10/12 10:35
272,0.29866,0.80488,2018/10/12 10:45,2018/10/12 10:45
272.13,0.30566,0.83149,2018/10/12 10:53,2018/10/12 10:53
272.3,0.32447,0.88914,2018/10/12 11:10,2018/10/12 11:10
272,0.35106,0.94734,2018/10/12 13:31,2018/10/12 13:31
271.6,0.34084,0.92849,2018/10/12 14:03,2018/10/12 14:03
271.6,0.32949,0.89745,2018/10/12 14:10,2018/10/12 14:10
271.65,0.3216,0.88304,2018/10/12 14:18,2018/10/12 14:18
271.69,0.32157,0.88248,2018/10/12 14:40,2018/10/12 14:40
271.61,0.31239,0.85366,2018/10/12 14:46,2018/10/12 14:46
271.61,0.32953,0.898,2018/10/12 14:58,2018/10/12 14:58
272,0.335,0.91574,2018/10/12 15:10,2018/10/12 15:10
271.9,0.36129,0.96064,2018/10/12 15:23,2018/10/12 15:23
272.95,0.35518,0.95344,2018/10/15 9:12,2018/10/15 9:12
272.92,0.35097,0.94678,2018/10/15 9:52,2018/10/15 9:52
272.86,0.34729,0.9418,2018/10/15 10:34,2018/10/15 10:34
272.93,0.33809,0.92295,2018/10/15 10:51,2018/10/15 10:51
272.91,0.35117,0.94789,2018/10/15 11:25,2018/10/15 11:25
273.15,0.33775,0.92073,2018/10/15 13:57,2018/10/15 13:57
273.2,0.3542,0.95067,2018/10/15 14:03,2018/10/15 14:03
273.6,0.35226,0.949,2018/10/15 14:19,2018/10/15 14:19
273.74,0.3451,0.93792,2018/10/15 14:32,2018/10/15 14:32
273.7,0.34312,0.93348,2018/10/15 14:42,2018/10/15 14:42
273.88,0.35685,0.95621,2018/10/15 14:52,2018/10/15 14:52
274.19,0.34562,0.93847,2018/10/15 15:02,2018/10/15 15:02
274.22,0.35499,0.95288,2018/10/15 15:17,2018/10/15 15:17
274.6,0.37859,0.9806,2018/10/15 15:27,2018/10/15 15:27
273.6,0.40158,0.9939,2018/10/15 21:18,2018/10/15 21:18
274.49,0.39068,0.9878,2018/10/16 9:21,2018/10/16 9:21
274.47,0.39623,0.99113,2018/10/16 9:46,2018/10/16 9:46
274.28,0.39353,0.98891,2018/10/16 10:20,2018/10/16 10:20
274.18,0.38044,0.98282,2018/10/16 10:42,2018/10/16 10:42
274.18,0.36793,0.97173,2018/10/16 11:00,2018/10/16 11:00
274.17,0.37409,0.97672,2018/10/16 11:16,2018/10/16 11:16
273.98,0.36417,0.96508,2018/10/16 13:44,2018/10/16 13:44
274.05,0.34749,0.94235,2018/10/16 13:57,2018/10/16 13:57
274.08,0.33652,0.91907,2018/10/16 13:59,2018/10/16 13:59
274.06,0.32415,0.88747,2018/10/16 14:06,2018/10/16 14:06
274.13,0.33377,0.90909,2018/10/16 14:17,2018/10/16 14:17
274.35,0.33499,0.91519,2018/10/16 14:22,2018/10/16 14:22
274.55,0.32671,0.89357,2018/10/16 14:34,2018/10/16 14:34
274.51,0.31554,0.86364,2018/10/16 14:43,2018/10/16 14:43
274.5,0.30727,0.83814,2018/10/16 15:02,2018/10/16 15:02
274.42,0.33153,0.90188,2018/10/16 15:12,2018/10/16 15:12
273.2,0.34016,0.92683,2018/10/17 9:12,2018/10/17 9:12
273.42,0.33971,0.92627,2018/10/17 9:55,2018/10/17 9:55
273.3,0.33179,0.90244,2018/10/17 10:31,2018/10/17 10:31
273.36,0.3188,0.87251,2018/10/17 10:51,2018/10/17 10:51
273.39,0.31862,0.8714,2018/10/17 11:19,2018/10/17 11:19
273.27,0.31936,0.87472,2018/10/17 13:46,2018/10/17 13:46
273.45,0.3058,0.83259,2018/10/17 14:04,2018/10/17 14:04
273.5,0.29759,0.79767,2018/10/17 14:23,2018/10/17 14:23
273.49,0.28518,0.72506,2018/10/17 14:37,2018/10/17 14:37
273.49,0.28786,0.74279,2018/10/17 15:11,2018/10/17 15:11
273.4,0.31344,0.85698,2018/10/17 15:27,2018/10/17 15:27
274.08,0.31048,0.85144,2018/10/18 9:24,2018/10/18 9:24
274.05,0.30378,0.82594,2018/10/18 10:06,2018/10/18 10:06
274,0.29722,0.7949,2018/10/18 10:23,2018/10/18 10:23
274.05,0.28721,0.73836,2018/10/18 10:49,2018/10/18 10:49
274.04,0.27601,0.67572,2018/10/18 11:07,2018/10/18 11:07
274.05,0.26308,0.59368,2018/10/18 11:15,2018/10/18 11:15
274.06,0.25565,0.54823,2018/10/18 13:40,2018/10/18 13:40
274.11,0.25299,0.5316,2018/10/18 13:51,2018/10/18 13:51
274.05,0.27854,0.69069,2018/10/18 14:06,2018/10/18 14:06
273.5,0.27919,0.69512,2018/10/18 14:26,2018/10/18 14:26
273.41,0.29471,0.78215,2018/10/18 14:55,2018/10/18 14:55
273.75,0.32194,0.88359,2018/10/18 15:14,2018/10/18 15:14
275.23,0.31265,0.85421,2018/10/19 9:25,2018/10/19 9:25
275.21,0.30179,0.81929,2018/10/19 9:40,2018/10/19 9:40
275.24,0.31599,0.8653,2018/10/19 9:56,2018/10/19 9:56
275.03,0.3103,0.85089,2018/10/19 10:23,2018/10/19 10:23
275.09,0.30176,0.81818,2018/10/19 10:40,2018/10/19 10:40
275.16,0.29087,0.75665,2018/10/19 10:50,2018/10/19 10:50
275.15,0.28229,0.7112,2018/10/19 10:55,2018/10/19 10:55
275.2,0.28081,0.7051,2018/10/19 11:10,2018/10/19 11:10
275.23,0.27804,0.68625,2018/10/19 11:28,2018/10/19 11:28
275.16,0.27667,0.67794,2018/10/19 13:41,2018/10/19 13:41
275.25,0.27103,0.64523,2018/10/19 13:51,2018/10/19 13:51
275.31,0.26112,0.58537,2018/10/19 13:55,2018/10/19 13:55
275.32,0.25895,0.5704,2018/10/19 14:01,2018/10/19 14:01
275.28,0.258,0.56319,2018/10/19 14:07,2018/10/19 14:07
275.2,0.25389,0.53714,2018/10/19 14:24,2018/10/19 14:24
275.16,0.24444,0.48004,2018/10/19 14:30,2018/10/19 14:30
275.2,0.24012,0.45843,2018/10/19 14:42,2018/10/19 14:42
275.15,0.26943,0.63137,2018/10/19 14:57,2018/10/19 14:57
274.2,0.2969,0.79379,2018/10/19 15:29,2018/10/19 15:29
274.85,0.30158,0.81707,2018/10/22 9:21,2018/10/22 9:21
275.01,0.29814,0.80044,2018/10/22 10:02,2018/10/22 10:02
275.05,0.29768,0.79878,2018/10/22 10:32,2018/10/22 10:32
274.95,0.32097,0.87971,2018/10/22 11:00,2018/10/22 11:00
274.7,0.30848,0.8459,2018/10/22 13:47,2018/10/22 13:47
274.7,0.29856,0.80377,2018/10/22 13:55,2018/10/22 13:55
274.74,0.2911,0.75887,2018/10/22 14:04,2018/10/22 14:04
274.75,0.29546,0.78381,2018/10/22 14:17,2018/10/22 14:17
274.7,0.28767,0.74002,2018/10/22 14:29,2018/10/22 14:29
274.7,0.28191,0.70843,2018/10/22 14:45,2018/10/22 14:45
274.66,0.27601,0.67627,2018/10/22 14:52,2018/10/22 14:52
274.7,0.27004,0.63858,2018/10/22 15:09,2018/10/22 15:09
274.7,0.27515,0.67018,2018/10/22 15:23,2018/10/22 15:23
274.55,0.27242,0.65355,2018/10/23 9:30,2018/10/23 9:30
274.65,0.26675,0.61364,2018/10/23 9:58,2018/10/23 9:58
274.7,0.25623,0.551,2018/10/23 10:21,2018/10/23 10:21
274.71,0.25568,0.54878,2018/10/23 10:35,2018/10/23 10:35
274.62,0.24706,0.49501,2018/10/23 10:59,2018/10/23 10:59
274.6,0.25834,0.56541,2018/10/23 11:13,2018/10/23 11:13
274.8,0.25409,0.53936,2018/10/23 13:41,2018/10/23 13:41
274.86,0.25186,0.52384,2018/10/23 13:57,2018/10/23 13:57
274.79,0.24778,0.50111,2018/10/23 14:05,2018/10/23 14:05
274.88,0.25053,0.51275,2018/10/23 14:18,2018/10/23 14:18
275.04,0.25297,0.53104,2018/10/23 14:25,2018/10/23 14:25
275.2,0.26708,0.61585,2018/10/23 14:31,2018/10/23 14:31
275.52,0.26795,0.62251,2018/10/23 14:44,2018/10/23 14:44
275.69,0.29319,0.77328,2018/10/23 14:55,2018/10/23 14:55
276.51,0.30009,0.81153,2018/10/23 15:08,2018/10/23 15:08
276.53,0.29757,0.79712,2018/10/23 15:10,2018/10/23 15:10
276.61,0.31911,0.87361,2018/10/23 15:14,2018/10/23 15:14
277.21,0.34141,0.92905,2018/10/23 20:05,2018/10/23 20:05
276.73,0.34674,0.94013,2018/10/24 9:10,2018/10/24 9:10
276.58,0.35496,0.95233,2018/10/24 10:10,2018/10/24 10:10
276.79,0.34451,0.93625,2018/10/24 10:34,2018/10/24 10:34
276.79,0.33588,0.91741,2018/10/24 10:40,2018/10/24 10:40
276.75,0.33561,0.9163,2018/10/24 10:48,2018/10/24 10:48
276.66,0.36229,0.96175,2018/10/24 11:05,2018/10/24 11:05
276.5,0.36683,0.96951,2018/10/24 11:22,2018/10/24 11:22
276.66,0.35537,0.95399,2018/10/24 13:52,2018/10/24 13:52
276.61,0.37304,0.9745,2018/10/24 14:06,2018/10/24 14:06
276.35,0.36548,0.9684,2018/10/24 14:26,2018/10/24 14:26
276.31,0.36482,0.96619,2018/10/24 14:40,2018/10/24 14:40
276.28,0.3596,0.95898,2018/10/24 14:55,2018/10/24 14:55
276.35,0.38445,0.98448,2018/10/24 15:13,2018/10/24 15:13
277.7,0.37572,0.97838,2018/10/25 9:10,2018/10/25 9:10
277.66,0.37332,0.97506,2018/10/25 9:33,2018/10/25 9:33
277.58,0.36492,0.96729,2018/10/25 9:42,2018/10/25 9:42
277.65,0.3672,0.97007,2018/10/25 10:05,2018/10/25 10:05
277.5,0.35935,0.95787,2018/10/25 10:34,2018/10/25 10:34
277.56,0.363,0.96231,2018/10/25 10:57,2018/10/25 10:57
277.72,0.37513,0.97783,2018/10/25 11:11,2018/10/25 11:11
277.46,0.39457,0.99002,2018/10/25 13:50,2018/10/25 13:50
277.85,0.3893,0.9867,2018/10/25 14:19,2018/10/25 14:19
277.78,0.389,0.98614,2018/10/25 14:36,2018/10/25 14:36
277.67,0.39115,0.98836,2018/10/25 14:48,2018/10/25 14:48
277.52,0.39997,0.99279,2018/10/25 14:57,2018/10/25 14:57
277.3,0.42387,0.99667,2018/10/25 15:05,2018/10/25 15:05
276.5,0.44503,0.99834,2018/10/26 9:23,2018/10/26 9:23
277.05,0.44152,0.99778,2018/10/26 9:51,2018/10/26 9:51
277.15,0.42761,0.99723,2018/10/26 10:11,2018/10/26 10:11
277.18,0.41764,0.99612,2018/10/26 10:18,2018/10/26 10:18
277.26,0.41309,0.99557,2018/10/26 10:36,2018/10/26 10:36
277.4,0.39848,0.99224,2018/10/26 10:55,2018/10/26 10:55
277.36,0.38408,0.98392,2018/10/26 11:01,2018/10/26 11:01
277.36,0.38036,0.98226,2018/10/26 11:04,2018/10/26 11:04
277.26,0.37689,0.97949,2018/10/26 11:11,2018/10/26 11:11
277.37,0.36814,0.97228,2018/10/26 11:26,2018/10/26 11:26
277.32,0.34858,0.94346,2018/10/26 13:39,2018/10/26 13:39
277.33,0.33008,0.89967,2018/10/26 13:45,2018/10/26 13:45
277.33,0.31676,0.86641,2018/10/26 13:49,2018/10/26 13:49
277.34,0.30764,0.84368,2018/10/26 14:01,2018/10/26 14:01
277.38,0.29689,0.79324,2018/10/26 14:22,2018/10/26 14:22
277.35,0.29771,0.79933,2018/10/26 14:31,2018/10/26 14:31
277.21,0.28527,0.72561,2018/10/26 14:41,2018/10/26 14:41
277.27,0.29727,0.79545,2018/10/26 14:50,2018/10/26 14:50
277.1,0.30753,0.84146,2018/10/26 15:02,2018/10/26 15:02
277.38,0.30741,0.84091,2018/10/26 15:16,2018/10/26 15:16
277.26,0.29852,0.80211,2018/10/29 9:19,2018/10/29 9:19
277.3,0.29418,0.77993,2018/10/29 9:44,2018/10/29 9:44
277.38,0.28201,0.70898,2018/10/29 10:15,2018/10/29 10:15
277.41,0.27408,0.66408,2018/10/29 10:42,2018/10/29 10:42
277.47,0.27088,0.64412,2018/10/29 10:56,2018/10/29 10:56
277.6,0.27196,0.65078,2018/10/29 11:05,2018/10/29 11:05
277.49,0.26335,0.59645,2018/10/29 11:27,2018/10/29 11:27
277.47,0.25248,0.52882,2018/10/29 13:46,2018/10/29 13:46
277.5,0.24632,0.49113,2018/10/29 13:56,2018/10/29 13:56
277.45,0.25781,0.56098,2018/10/29 14:06,2018/10/29 14:06
277.23,0.24992,0.50831,2018/10/29 14:20,2018/10/29 14:20
277.26,0.2455,0.48559,2018/10/29 14:34,2018/10/29 14:34
277.21,0.27331,0.6602,2018/10/29 14:51,2018/10/29 14:51
276.77,0.26975,0.63415,2018/10/29 15:26,2018/10/29 15:26
276.71,0.27017,0.63969,2018/10/30 9:14,2018/10/30 9:14
276.6,0.26976,0.6347,2018/10/30 9:40,2018/10/30 9:40
276.7,0.28479,0.72284,2018/10/30 10:02,2018/10/30 10:02
276.7,0.2729,0.65576,2018/10/30 10:19,2018/10/30 10:19
276.77,0.2636,0.59756,2018/10/30 10:41,2018/10/30 10:41
276.78,0.2532,0.53271,2018/10/30 11:00,2018/10/30 11:00
276.8,0.25795,0.56264,2018/10/30 11:14,2018/10/30 11:14
276.61,0.25793,0.56208,2018/10/30 13:39,2018/10/30 13:39
276.51,0.26706,0.6153,2018/10/30 13:57,2018/10/30 13:57
276.38,0.26269,0.59091,2018/10/30 14:17,2018/10/30 14:17
276.34,0.25105,0.51497,2018/10/30 14:32,2018/10/30 14:32
276.35,0.24336,0.47339,2018/10/30 14:45,2018/10/30 14:45
276.35,0.23893,0.45122,2018/10/30 14:54,2018/10/30 14:54
276.4,0.25186,0.52328,2018/10/30 15:05,2018/10/30 15:05
276.18,0.27951,0.69789,2018/10/30 15:18,2018/10/30 15:18
275.07,0.29377,0.77772,2018/10/31 9:28,2018/10/31 9:28
274.85,0.28741,0.73947,2018/10/31 10:22,2018/10/31 10:22
274.88,0.31402,0.8592,2018/10/31 11:00,2018/10/31 11:00
274.41,0.30816,0.84479,2018/10/31 13:39,2018/10/31 13:39
274.41,0.31016,0.85033,2018/10/31 14:04,2018/10/31 14:04
274.29,0.32801,0.89523,2018/10/31 14:37,2018/10/31 14:37
274,0.34863,0.94401,2018/10/31 15:16,2018/10/31 15:16
273.6,0.36491,0.96674,2018/11/1 1:07,2018/11/1 1:07
273.92,0.37627,0.97894,2018/11/1 9:24,2018/11/1 9:24
274.15,0.3937,0.98947,2018/11/1 9:59,2018/11/1 9:59
273.82,0.40298,0.99446,2018/11/1 10:36,2018/11/1 10:36
274.01,0.38891,0.98559,2018/11/1 10:58,2018/11/1 10:58
274.1,0.37988,0.98171,2018/11/1 11:03,2018/11/1 11:03
274.18,0.36363,0.96397,2018/11/1 11:06,2018/11/1 11:06
274.2,0.34894,0.94512,2018/11/1 11:14,2018/11/1 11:14
274.23,0.33487,0.91463,2018/11/1 11:18,2018/11/1 11:18
274.2,0.33298,0.90743,2018/11/1 11:23,2018/11/1 11:23
274.31,0.31961,0.87583,2018/11/1 13:33,2018/11/1 13:33
274.32,0.30827,0.84534,2018/11/1 13:38,2018/11/1 13:38
274.3,0.30755,0.84202,2018/11/1 13:46,2018/11/1 13:46
274.2,0.29695,0.79435,2018/11/1 13:49,2018/11/1 13:49
274.2,0.29113,0.75942,2018/11/1 13:56,2018/11/1 13:56
274.27,0.2963,0.78769,2018/11/1 14:13,2018/11/1 14:13
274.44,0.29196,0.76386,2018/11/1 14:22,2018/11/1 14:22
274.5,0.30024,0.81208,2018/11/1 14:28,2018/11/1 14:28
274.7,0.30399,0.8265,2018/11/1 14:52,2018/11/1 14:52
274.8,0.32838,0.89634,2018/11/1 15:19,2018/11/1 15:19
275.4,0.34503,0.93736,2018/11/1 20:12,2018/11/1 20:12
275.4,0.33935,0.92461,2018/11/1 22:17,2018/11/1 22:17
275.46,0.32804,0.89579,2018/11/2 9:31,2018/11/2 9:31
275.48,0.32369,0.88636,2018/11/2 10:00,2018/11/2 10:00
275.57,0.32665,0.89302,2018/11/2 10:26,2018/11/2 10:26
275.74,0.31804,0.87084,2018/11/2 10:47,2018/11/2 10:47
275.8,0.30732,0.83869,2018/11/2 10:54,2018/11/2 10:54
275.83,0.29852,0.80155,2018/11/2 11:08,2018/11/2 11:08
275.8,0.32603,0.89135,2018/11/2 11:22,2018/11/2 11:22
275.32,0.31599,0.86475,2018/11/2 13:38,2018/11/2 13:38
275.3,0.3146,0.86031,2018/11/2 13:41,2018/11/2 13:41
275.3,0.33222,0.9041,2018/11/2 13:52,2018/11/2 13:52
274.97,0.33435,0.91297,2018/11/2 14:15,2018/11/2 14:15
274.81,0.35341,0.94956,2018/11/2 14:47,2018/11/2 14:47
274.4,0.36779,0.97118,2018/11/2 15:23,2018/11/2 15:23
274.75,0.37905,0.98115,2018/11/5 9:34,2018/11/5 9:34
275.05,0.38091,0.98337,2018/11/5 10:00,2018/11/5 10:00
274.9,0.37216,0.97395,2018/11/5 10:45,2018/11/5 10:45
274.9,0.36006,0.95953,2018/11/5 10:56,2018/11/5 10:56
274.95,0.34815,0.9429,2018/11/5 11:09,2018/11/5 11:09
274.94,0.35096,0.94623,2018/11/5 13:55,2018/11/5 13:55
275.1,0.34171,0.93071,2018/11/5 14:09,2018/11/5 14:09
275.06,0.3377,0.92018,2018/11/5 14:23,2018/11/5 14:23
275.14,0.33942,0.92517,2018/11/5 14:50,2018/11/5 14:50
275.06,0.35057,0.94568,2018/11/5 15:03,2018/11/5 15:03
275.3,0.34202,0.93126,2018/11/5 15:22,2018/11/5 15:22
275.38,0.35769,0.95676,2018/11/5 15:27,2018/11/5 15:27
275.07,0.34703,0.94124,2018/11/6 9:16,2018/11/6 9:16
275.1,0.34283,0.93293,2018/11/6 10:01,2018/11/6 10:01
275.02,0.33615,0.91796,2018/11/6 10:29,2018/11/6 10:29
275.09,0.33375,0.90854,2018/11/6 11:00,2018/11/6 11:00
275,0.32648,0.89246,2018/11/6 11:15,2018/11/6 11:15
275,0.3255,0.89024,2018/11/6 13:55,2018/11/6 13:55
274.95,0.31571,0.86419,2018/11/6 14:11,2018/11/6 14:11
274.96,0.32077,0.8786,2018/11/6 14:29,2018/11/6 14:29
274.72,0.33229,0.90466,2018/11/6 15:04,2018/11/6 15:04
274.5,0.33458,0.91353,2018/11/7 0:57,2018/11/7 0:57
274.71,0.34391,0.93514,2018/11/7 9:36,2018/11/7 9:36
274.51,0.36353,0.96341,2018/11/7 10:28,2018/11/7 10:28
274.85,0.35625,0.9551,2018/11/7 10:55,2018/11/7 10:55
274.83,0.34637,0.93902,2018/11/7 11:06,2018/11/7 11:06
274.8,0.34216,0.93237,2018/11/7 11:25,2018/11/7 11:25
274.89,0.33876,0.9235,2018/11/7 13:47,2018/11/7 13:47
275,0.33422,0.91242,2018/11/7 13:59,2018/11/7 13:59
275.08,0.32975,0.89911,2018/11/7 14:03,2018/11/7 14:03
275.01,0.32347,0.88581,2018/11/7 14:07,2018/11/7 14:07
275.1,0.31525,0.86253,2018/11/7 14:15,2018/11/7 14:15
275.05,0.30369,0.82483,2018/11/7 14:30,2018/11/7 14:30
275.1,0.29104,0.75776,2018/11/7 14:35,2018/11/7 14:35
275.11,0.27805,0.68681,2018/11/7 14:40,2018/11/7 14:40
275.12,0.26414,0.60089,2018/11/7 14:46,2018/11/7 14:46
275.12,0.25447,0.54102,2018/11/7 14:52,2018/11/7 14:52
275.12,0.25214,0.52772,2018/11/7 14:59,2018/11/7 14:59
275.25,0.2641,0.60033,2018/11/7 15:12,2018/11/7 15:12
275.2,0.28905,0.75,2018/11/7 15:28,2018/11/7 15:28
274.31,0.28592,0.7306,2018/11/8 9:49,2018/11/8 9:49
274.28,0.29232,0.76718,2018/11/8 10:27,2018/11/8 10:27
274.2,0.28877,0.74834,2018/11/8 10:39,2018/11/8 10:39
274.12,0.27927,0.69623,2018/11/8 11:12,2018/11/8 11:12
274.1,0.2694,0.63027,2018/11/8 13:42,2018/11/8 13:42
274.1,0.25779,0.56042,2018/11/8 13:49,2018/11/8 13:49
274.1,0.255,0.54435,2018/11/8 14:01,2018/11/8 14:01
274.2,0.24387,0.47616,2018/11/8 14:15,2018/11/8 14:15
274.21,0.2499,0.50776,2018/11/8 14:33,2018/11/8 14:33
274.05,0.27174,0.64911,2018/11/8 15:04,2018/11/8 15:04
274.4,0.29634,0.78936,2018/11/8 20:56,2018/11/8 20:56
273.85,0.28605,0.73171,2018/11/9 10:12,2018/11/9 10:12
273.85,0.27457,0.66741,2018/11/9 10:34,2018/11/9 10:34
273.85,0.26491,0.60588,2018/11/9 10:47,2018/11/9 10:47
273.9,0.25711,0.5582,2018/11/9 11:01,2018/11/9 11:01
273.92,0.26753,0.61918,2018/11/9 11:29,2018/11/9 11:29
273.8,0.26784,0.6214,2018/11/9 13:54,2018/11/9 13:54
273.68,0.27447,0.6663,2018/11/9 14:09,2018/11/9 14:09
273.55,0.2795,0.69734,2018/11/9 14:34,2018/11/9 14:34
273.4,0.29966,0.80876,2018/11/9 15:07,2018/11/9 15:07
273.02,0.32923,0.8969,2018/11/9 20:04,2018/11/9 20:04
271.95,0.3171,0.86807,2018/11/12 9:02,2018/11/12 9:02
271.95,0.31005,0.84922,2018/11/12 9:47,2018/11/12 9:47
272.02,0.30179,0.81874,2018/11/12 9:56,2018/11/12 9:56
272,0.28835,0.74667,2018/11/12 9:57,2018/11/12 9:57
272,0.27864,0.69235,2018/11/12 9:58,2018/11/12 9:58
272,0.26753,0.61863,2018/11/12 10:13,2018/11/12 10:13
272,0.26181,0.58869,2018/11/12 10:19,2018/11/12 10:19
271.96,0.25597,0.54933,2018/11/12 10:25,2018/11/12 10:25
271.98,0.24812,0.50277,2018/11/12 10:43,2018/11/12 10:43
272.02,0.26384,0.59922,2018/11/12 11:08,2018/11/12 11:08
271.77,0.25536,0.54712,2018/11/12 13:38,2018/11/12 13:38
271.8,0.24983,0.50721,2018/11/12 13:45,2018/11/12 13:45
271.76,0.26484,0.60532,2018/11/12 13:51,2018/11/12 13:51
271.51,0.26511,0.60809,2018/11/12 14:16,2018/11/12 14:16
271.45,0.27553,0.67295,2018/11/12 14:33,2018/11/12 14:33
271.25,0.27743,0.68293,2018/11/12 14:54,2018/11/12 14:54
271.5,0.29036,0.75499,2018/11/12 15:07,2018/11/12 15:07
271.26,0.29854,0.80322,2018/11/12 15:29,2018/11/12 15:29
271.08,0.29622,0.78714,2018/11/13 9:36,2018/11/13 9:36
271.02,0.29232,0.76663,2018/11/13 10:11,2018/11/13 10:11
270.96,0.28569,0.72838,2018/11/13 10:27,2018/11/13 10:27
270.94,0.30984,0.84867,2018/11/13 11:11,2018/11/13 11:11
270.59,0.32021,0.87749,2018/11/13 13:59,2018/11/13 13:59
270.41,0.31154,0.8531,2018/11/13 14:16,2018/11/13 14:16
270.38,0.3015,0.81596,2018/11/13 14:33,2018/11/13 14:33
270.38,0.2944,0.78049,2018/11/13 14:58,2018/11/13 14:58
270.5,0.29365,0.77661,2018/11/13 15:10,2018/11/13 15:10
270.7,0.31655,0.86585,2018/11/13 21:43,2018/11/13 21:43
270.2,0.32156,0.88137,2018/11/14 9:59,2018/11/14 9:59
270.36,0.31351,0.85754,2018/11/14 10:26,2018/11/14 10:26
270.39,0.29742,0.79656,2018/11/14 10:45,2018/11/14 10:45
270.39,0.29337,0.77439,2018/11/14 10:49,2018/11/14 10:49
270.34,0.28657,0.73448,2018/11/14 10:55,2018/11/14 10:55
270.4,0.27919,0.69457,2018/11/14 11:08,2018/11/14 11:08
270.47,0.29261,0.76996,2018/11/14 11:21,2018/11/14 11:21
270.23,0.2842,0.72007,2018/11/14 13:40,2018/11/14 13:40
270.25,0.27681,0.67849,2018/11/14 13:51,2018/11/14 13:51
270.25,0.28019,0.70344,2018/11/14 13:56,2018/11/14 13:56
270.12,0.26981,0.63636,2018/11/14 14:02,2018/11/14 14:02
270.17,0.26356,0.59701,2018/11/14 14:22,2018/11/14 14:22
270.22,0.26884,0.62805,2018/11/14 14:32,2018/11/14 14:32
270.37,0.26536,0.60865,2018/11/14 14:52,2018/11/14 14:52
270.31,0.255,0.5449,2018/11/14 15:02,2018/11/14 15:02
270.31,0.27897,0.6929,2018/11/14 15:13,2018/11/14 15:13
269.66,0.3044,0.82871,2018/11/14 22:19,2018/11/14 22:19
271.15,0.29364,0.77605,2018/11/15 9:36,2018/11/15 9:36
271.16,0.29875,0.80543,2018/11/15 9:54,2018/11/15 9:54
271.32,0.28923,0.75055,2018/11/15 10:17,2018/11/15 10:17
271.35,0.27922,0.69568,2018/11/15 10:23,2018/11/15 10:23
271.35,0.27315,0.65743,2018/11/15 10:32,2018/11/15 10:32
271.4,0.26387,0.59978,2018/11/15 10:38,2018/11/15 10:38
271.47,0.25636,0.55211,2018/11/15 10:41,2018/11/15 10:41
271.5,0.25135,0.51774,2018/11/15 10:49,2018/11/15 10:49
271.46,0.24747,0.49889,2018/11/15 11:00,2018/11/15 11:00
271.41,0.25642,0.55322,2018/11/15 11:14,2018/11/15 11:14
271.62,0.24598,0.48891,2018/11/15 13:44,2018/11/15 13:44
271.65,0.23909,0.45177,2018/11/15 13:48,2018/11/15 13:48
271.7,0.24012,0.45898,2018/11/15 14:00,2018/11/15 14:00
271.8,0.2354,0.43459,2018/11/15 14:05,2018/11/15 14:05
271.9,0.23374,0.42794,2018/11/15 14:11,2018/11/15 14:11
271.82,0.22723,0.40299,2018/11/15 14:19,2018/11/15 14:19
271.9,0.22585,0.39634,2018/11/15 14:31,2018/11/15 14:31
271.83,0.22921,0.41186,2018/11/15 14:40,2018/11/15 14:40
271.6,0.24276,0.47062,2018/11/15 15:02,2018/11/15 15:02
271.9,0.25214,0.52716,2018/11/15 15:10,2018/11/15 15:10
272.19,0.25169,0.52051,2018/11/16 9:15,2018/11/16 9:15
272.28,0.25017,0.50942,2018/11/16 9:49,2018/11/16 9:49
272.29,0.24599,0.48947,2018/11/16 10:24,2018/11/16 10:24
272.34,0.24074,0.4612,2018/11/16 10:35,2018/11/16 10:35
272.3,0.231,0.41962,2018/11/16 10:53,2018/11/16 10:53
272.31,0.22574,0.39579,2018/11/16 10:56,2018/11/16 10:56
272.36,0.21879,0.36918,2018/11/16 11:01,2018/11/16 11:01
272.4,0.2103,0.33204,2018/11/16 11:12,2018/11/16 11:12
272.4,0.2022,0.301,2018/11/16 11:20,2018/11/16 11:20
272.4,0.1952,0.2633,2018/11/16 13:53,2018/11/16 13:53
272.4,0.19111,0.24058,2018/11/16 14:15,2018/11/16 14:15
272.39,0.19443,0.25721,2018/11/16 14:28,2018/11/16 14:28
272.58,0.19466,0.25942,2018/11/16 14:46,2018/11/16 14:46
272.66,0.2111,0.33647,2018/11/16 15:13,2018/11/16 15:13
272.44,0.24807,0.50222,2018/11/16 20:50,2018/11/16 20:50
273.5,0.24477,0.48226,2018/11/19 9:04,2018/11/19 9:04
273.55,0.25332,0.53381,2018/11/19 9:21,2018/11/19 9:21
273.75,0.24433,0.47838,2018/11/19 9:49,2018/11/19 9:49
273.76,0.25882,0.56929,2018/11/19 10:10,2018/11/19 10:10
274,0.25693,0.55765,2018/11/19 10:40,2018/11/19 10:40
273.93,0.27722,0.68071,2018/11/19 11:04,2018/11/19 11:04
273.64,0.28663,0.73559,2018/11/19 13:31,2018/11/19 13:31
273.49,0.29143,0.76164,2018/11/19 13:49,2018/11/19 13:49
273.35,0.28693,0.73725,2018/11/19 14:03,2018/11/19 14:03
273.41,0.28037,0.70399,2018/11/19 14:23,2018/11/19 14:23
273.46,0.27584,0.67517,2018/11/19 14:48,2018/11/19 14:48
273.51,0.27576,0.67461,2018/11/19 15:09,2018/11/19 15:09
273.7,0.28844,0.74723,2018/11/19 15:25,2018/11/19 15:25
273.91,0.28266,0.71286,2018/11/20 9:24,2018/11/20 9:24
273.87,0.27637,0.67738,2018/11/20 9:33,2018/11/20 9:33
273.9,0.27819,0.68847,2018/11/20 9:54,2018/11/20 9:54
274.03,0.2818,0.70787,2018/11/20 10:05,2018/11/20 10:05
273.94,0.27094,0.64468,2018/11/20 10:12,2018/11/20 10:12
273.94,0.26419,0.602,2018/11/20 10:25,2018/11/20 10:25
273.95,0.25843,0.56596,2018/11/20 10:42,2018/11/20 10:42
273.98,0.25144,0.51829,2018/11/20 11:07,2018/11/20 11:07
273.99,0.24404,0.47672,2018/11/20 13:37,2018/11/20 13:37
274.01,0.23601,0.43847,2018/11/20 13:46,2018/11/20 13:46
274.03,0.22545,0.39412,2018/11/20 13:53,2018/11/20 13:53
274.05,0.2144,0.35255,2018/11/20 13:59,2018/11/20 13:59
274.07,0.22013,0.37583,2018/11/20 14:07,2018/11/20 14:07
274.2,0.21134,0.33758,2018/11/20 14:11,2018/11/20 14:11
274.19,0.19912,0.28603,2018/11/20 14:17,2018/11/20 14:17
274.2,0.1961,0.26663,2018/11/20 14:27,2018/11/20 14:27
274.26,0.19201,0.24446,2018/11/20 14:36,2018/11/20 14:36
274.31,0.18438,0.20953,2018/11/20 14:49,2018/11/20 14:49
274.31,0.17628,0.17849,2018/11/20 15:01,2018/11/20 15:01
274.35,0.19738,0.2755,2018/11/20 15:29,2018/11/20 15:29
274,0.18843,0.22949,2018/11/21 9:22,2018/11/21 9:22
274,0.18686,0.21951,2018/11/21 9:39,2018/11/21 9:39
274.06,0.18352,0.20621,2018/11/21 9:50,2018/11/21 9:50
274.02,0.18734,0.22173,2018/11/21 10:06,2018/11/21 10:06
274.13,0.1818,0.199,2018/11/21 10:28,2018/11/21 10:28
274.16,0.18583,0.21563,2018/11/21 10:48,2018/11/21 10:48
274.08,0.17797,0.18404,2018/11/21 11:17,2018/11/21 11:17
274.08,0.16924,0.15521,2018/11/21 13:49,2018/11/21 13:49
274.08,0.16798,0.15022,2018/11/21 13:59,2018/11/21 13:59
274.15,0.16405,0.14024,2018/11/21 14:13,2018/11/21 14:13
274.13,0.15737,0.12084,2018/11/21 14:35,2018/11/21 14:35
274.15,0.15039,0.10643,2018/11/21 14:46,2018/11/21 14:46
274.17,0.16373,0.13969,2018/11/21 14:54,2018/11/21 14:54
274.39,0.16696,0.1469,2018/11/21 15:14,2018/11/21 15:14
274.5,0.17118,0.15965,2018/11/22 9:14,2018/11/22 9:14
274.6,0.16939,0.15576,2018/11/22 9:28,2018/11/22 9:28
274.66,0.16052,0.12805,2018/11/22 9:49,2018/11/22 9:49
274.66,0.15764,0.12251,2018/11/22 9:56,2018/11/22 9:56
274.7,0.1611,0.12971,2018/11/22 10:05,2018/11/22 10:05
274.8,0.15422,0.11475,2018/11/22 10:16,2018/11/22 10:16
274.8,0.15959,0.12583,2018/11/22 10:29,2018/11/22 10:29
274.72,0.16139,0.13082,2018/11/22 10:56,2018/11/22 10:56
274.85,0.15602,0.11807,2018/11/22 11:23,2018/11/22 11:23
274.84,0.15397,0.11308,2018/11/22 13:57,2018/11/22 13:57
274.88,0.14835,0.10089,2018/11/22 14:09,2018/11/22 14:09
274.88,0.14714,0.097561,2018/11/22 14:31,2018/11/22 14:31
274.84,0.16034,0.12639,2018/11/22 15:05,2018/11/22 15:05
274.65,0.17887,0.19013,2018/11/23 9:05,2018/11/23 9:05
274.9,0.17805,0.18514,2018/11/23 9:26,2018/11/23 9:26
275,0.17741,0.18237,2018/11/23 9:44,2018/11/23 9:44
275.06,0.17238,0.16297,2018/11/23 9:54,2018/11/23 9:54
275.05,0.17208,0.16242,2018/11/23 10:14,2018/11/23 10:14
275.1,0.17702,0.18016,2018/11/23 10:24,2018/11/23 10:24
275.21,0.17343,0.17018,2018/11/23 10:30,2018/11/23 10:30
275.25,0.17122,0.1602,2018/11/23 10:33,2018/11/23 10:33
275.22,0.16749,0.14911,2018/11/23 10:44,2018/11/23 10:44
275.2,0.1658,0.14302,2018/11/23 10:57,2018/11/23 10:57
275.24,0.16123,0.13027,2018/11/23 11:10,2018/11/23 11:10
275.26,0.15575,0.11696,2018/11/23 13:33,2018/11/23 13:33
275.25,0.15002,0.10532,2018/11/23 13:45,2018/11/23 13:45
275.25,0.14983,0.10366,2018/11/23 13:50,2018/11/23 13:50
275.3,0.14409,0.0898,2018/11/23 13:57,2018/11/23 13:57
275.3,0.14376,0.088137,2018/11/23 14:00,2018/11/23 14:00
275.3,0.14105,0.081486,2018/11/23 14:12,2018/11/23 14:12
275.28,0.13437,0.069845,2018/11/23 14:25,2018/11/23 14:25
275.29,0.14762,0.099224,2018/11/23 14:31,2018/11/23 14:31
275.12,0.16304,0.13692,2018/11/23 14:49,2018/11/23 14:49
274.95,0.16228,0.13193,2018/11/23 14:59,2018/11/23 14:59
274.9,0.18296,0.20344,2018/11/23 15:19,2018/11/23 15:19
274.6,0.18735,0.22228,2018/11/26 9:02,2018/11/26 9:02
274.5,0.18539,0.21397,2018/11/26 9:39,2018/11/26 9:39
274.55,0.18843,0.22894,2018/11/26 10:01,2018/11/26 10:01
274.64,0.18311,0.20455,2018/11/26 10:15,2018/11/26 10:15
274.68,0.18717,0.22007,2018/11/26 10:33,2018/11/26 10:33
274.56,0.18138,0.19734,2018/11/26 10:56,2018/11/26 10:56
274.56,0.18246,0.20177,2018/11/26 11:14,2018/11/26 11:14
274.62,0.1924,0.24667,2018/11/26 13:40,2018/11/26 13:40
274.8,0.18803,0.22727,2018/11/26 13:55,2018/11/26 13:55
274.78,0.18445,0.21064,2018/11/26 14:12,2018/11/26 14:12
274.75,0.18299,0.20399,2018/11/26 14:34,2018/11/26 14:34
274.8,0.1978,0.27772,2018/11/26 14:53,2018/11/26 14:53
275.2,0.22154,0.38193,2018/11/26 15:08,2018/11/26 15:08
275.1,0.25287,0.53049,2018/11/26 15:30,2018/11/26 15:30
274.42,0.25044,0.5122,2018/11/27 9:26,2018/11/27 9:26
274.38,0.24489,0.48337,2018/11/27 10:15,2018/11/27 10:15
274.4,0.2458,0.4878,2018/11/27 10:41,2018/11/27 10:41
274.32,0.24353,0.47561,2018/11/27 11:02,2018/11/27 11:02
274.4,0.23789,0.44789,2018/11/27 13:36,2018/11/27 13:36
274.38,0.23606,0.43958,2018/11/27 13:57,2018/11/27 13:57
274.46,0.23037,0.41796,2018/11/27 14:03,2018/11/27 14:03
274.44,0.237,0.44401,2018/11/27 14:13,2018/11/27 14:13
274.3,0.22982,0.4163,2018/11/27 14:29,2018/11/27 14:29
274.29,0.26498,0.60698,2018/11/27 14:48,2018/11/27 14:48
273.8,0.25651,0.55432,2018/11/27 23:13,2018/11/27 23:13
273.81,0.28494,0.72395,2018/11/27 23:25,2018/11/27 23:25
273.3,0.27398,0.66297,2018/11/28 0:12,2018/11/28 0:12
273.3,0.27561,0.6735,2018/11/28 0:16,2018/11/28 0:16
273.2,0.27011,0.63914,2018/11/28 9:28,2018/11/28 9:28
273.25,0.26724,0.61696,2018/11/28 9:52,2018/11/28 9:52
273.31,0.27427,0.66574,2018/11/28 10:21,2018/11/28 10:21
273.17,0.26982,0.63692,2018/11/28 10:48,2018/11/28 10:48
273.15,0.29442,0.78104,2018/11/28 13:31,2018/11/28 13:31
272.7,0.28547,0.72672,2018/11/28 13:57,2018/11/28 13:57
272.7,0.29295,0.77106,2018/11/28 14:17,2018/11/28 14:17
272.86,0.29765,0.79823,2018/11/28 14:41,2018/11/28 14:41
272.99,0.3254,0.88969,2018/11/28 15:06,2018/11/28 15:06
274.49,0.33391,0.90965,2018/11/29 9:12,2018/11/29 9:12
274.35,0.33409,0.91131,2018/11/29 9:53,2018/11/29 9:53
274.5,0.33394,0.9102,2018/11/29 10:27,2018/11/29 10:27
274.62,0.33573,0.91685,2018/11/29 10:47,2018/11/29 10:47
274.75,0.33015,0.90022,2018/11/29 11:13,2018/11/29 11:13
274.7,0.33266,0.90576,2018/11/29 11:27,2018/11/29 11:27
274.83,0.32755,0.89412,2018/11/29 13:44,2018/11/29 13:44
274.93,0.32201,0.88415,2018/11/29 13:53,2018/11/29 13:53
275.04,0.31288,0.85532,2018/11/29 14:07,2018/11/29 14:07
275.01,0.31424,0.85976,2018/11/29 14:12,2018/11/29 14:12
274.9,0.30281,0.82262,2018/11/29 14:20,2018/11/29 14:20
274.94,0.30128,0.81486,2018/11/29 14:32,2018/11/29 14:32
274.87,0.30169,0.81763,2018/11/29 14:54,2018/11/29 14:54
274.8,0.29631,0.7888,2018/11/30 9:40,2018/11/30 9:40
274.79,0.28428,0.72062,2018/11/30 10:21,2018/11/30 10:21
274.8,0.27461,0.66851,2018/11/30 10:36,2018/11/30 10:36
274.81,0.27044,0.64191,2018/11/30 10:49,2018/11/30 10:49
274.89,0.26063,0.58149,2018/11/30 11:02,2018/11/30 11:02
274.9,0.25348,0.53437,2018/11/30 11:17,2018/11/30 11:17
274.95,0.24471,0.48171,2018/11/30 13:38,2018/11/30 13:38
274.93,0.2522,0.52827,2018/11/30 13:54,2018/11/30 13:54
274.79,0.2434,0.4745,2018/11/30 14:17,2018/11/30 14:17
274.81,0.23726,0.44568,2018/11/30 14:29,2018/11/30 14:29
274.84,0.23003,0.41741,2018/11/30 14:43,2018/11/30 14:43
274.87,0.25989,0.57705,2018/11/30 15:06,2018/11/30 15:06
273.8,0.27297,0.65632,2018/12/3 9:02,2018/12/3 9:02
274.1,0.26377,0.59812,2018/12/3 9:17,2018/12/3 9:17
274.15,0.25025,0.50998,2018/12/3 9:20,2018/12/3 9:20
274.15,0.23696,0.44346,2018/12/3 9:23,2018/12/3 9:23
274.15,0.22163,0.38248,2018/12/3 9:25,2018/12/3 9:25
274.15,0.21103,0.33592,2018/12/3 9:28,2018/12/3 9:28
274.15,0.20727,0.3204,2018/12/3 9:30,2018/12/3 9:30
274.15,0.2032,0.30488,2018/12/3 9:32,2018/12/3 9:32
274.1,0.19856,0.28215,2018/12/3 9:34,2018/12/3 9:34
274.15,0.19805,0.27938,2018/12/3 9:49,2018/12/3 9:49
274.25,0.20576,0.31596,2018/12/3 9:55,2018/12/3 9:55
274.41,0.19732,0.27494,2018/12/3 10:13,2018/12/3 10:13
274.43,0.19423,0.2561,2018/12/3 10:38,2018/12/3 10:38
274.39,0.19383,0.25499,2018/12/3 11:00,2018/12/3 11:00
274.31,0.19689,0.27384,2018/12/3 11:25,2018/12/3 11:25
274.25,0.19784,0.27827,2018/12/3 13:35,2018/12/3 13:35
274.16,0.19043,0.23891,2018/12/3 13:48,2018/12/3 13:48
274.15,0.18743,0.22284,2018/12/3 14:01,2018/12/3 14:01
274.1,0.19797,0.27882,2018/12/3 14:19,2018/12/3 14:19
273.9,0.19305,0.25,2018/12/3 14:42,2018/12/3 14:42
273.96,0.21811,0.36696,2018/12/3 15:03,2018/12/3 15:03
274.6,0.21592,0.3592,2018/12/4 9:13,2018/12/4 9:13
274.66,0.20772,0.32151,2018/12/4 9:21,2018/12/4 9:21
274.66,0.23148,0.42239,2018/12/4 9:27,2018/12/4 9:27
274.2,0.2203,0.37749,2018/12/4 9:46,2018/12/4 9:46
274.2,0.2313,0.42073,2018/12/4 10:03,2018/12/4 10:03
274.02,0.2417,0.46563,2018/12/4 10:20,2018/12/4 10:20
274.21,0.24311,0.47228,2018/12/4 10:49,2018/12/4 10:49
274.3,0.2455,0.48614,2018/12/4 11:13,2018/12/4 11:13
274.4,0.23781,0.44734,2018/12/4 11:19,2018/12/4 11:19
274.4,0.25657,0.55543,2018/12/4 11:29,2018/12/4 11:29
274.09,0.24903,0.50388,2018/12/4 13:38,2018/12/4 13:38
274.1,0.25174,0.52162,2018/12/4 13:44,2018/12/4 13:44
274.02,0.25213,0.52605,2018/12/4 13:58,2018/12/4 13:58
274.12,0.25727,0.55876,2018/12/4 14:17,2018/12/4 14:17
274.01,0.25059,0.51386,2018/12/4 14:36,2018/12/4 14:36
273.99,0.25283,0.52993,2018/12/4 14:52,2018/12/4 14:52
273.9,0.26565,0.60976,2018/12/4 15:21,2018/12/4 15:21
273.9,0.27806,0.68736,2018/12/4 15:29,2018/12/4 15:29
274.14,0.27318,0.65854,2018/12/5 9:39,2018/12/5 9:39
274.1,0.26693,0.61419,2018/12/5 9:52,2018/12/5 9:52
274.15,0.25177,0.52217,2018/12/5 10:04,2018/12/5 10:04
274.15,0.24741,0.49834,2018/12/5 10:07,2018/12/5 10:07
274.21,0.24959,0.50554,2018/12/5 10:19,2018/12/5 10:19
274.35,0.2362,0.44124,2018/12/5 10:32,2018/12/5 10:32
274.35,0.23296,0.42627,2018/12/5 10:33,2018/12/5 10:33
274.4,0.22207,0.38525,2018/12/5 10:38,2018/12/5 10:38
274.4,0.21524,0.35588,2018/12/5 10:39,2018/12/5 10:39
274.39,0.20788,0.32206,2018/12/5 10:54,2018/12/5 10:54
274.4,0.2004,0.29379,2018/12/5 10:59,2018/12/5 10:59
274.39,0.19646,0.26829,2018/12/5 11:09,2018/12/5 11:09
274.36,0.1995,0.28769,2018/12/5 11:24,2018/12/5 11:24
274.28,0.19287,0.24834,2018/12/5 13:45,2018/12/5 13:45
274.25,0.18632,0.21729,2018/12/5 13:56,2018/12/5 13:56
274.27,0.18519,0.21341,2018/12/5 14:04,2018/12/5 14:04
274.21,0.17901,0.1918,2018/12/5 14:12,2018/12/5 14:12
274.26,0.18732,0.22118,2018/12/5 14:14,2018/12/5 14:14
274.43,0.19549,0.26441,2018/12/5 14:38,2018/12/5 14:38
274.6,0.20276,0.30322,2018/12/5 14:50,2018/12/5 14:50
274.45,0.19991,0.29047,2018/12/5 15:03,2018/12/5 15:03
274.4,0.22931,0.41242,2018/12/5 15:18,2018/12/5 15:18
275.4,0.2407,0.46064,2018/12/6 9:22,2018/12/6 9:22
275.65,0.23607,0.44013,2018/12/6 9:31,2018/12/6 9:31
275.63,0.22993,0.41685,2018/12/6 9:40,2018/12/6 9:40
275.6,0.22942,0.41297,2018/12/6 9:44,2018/12/6 9:44
275.68,0.23108,0.42018,2018/12/6 10:16,2018/12/6 10:16
275.8,0.23737,0.44623,2018/12/6 10:31,2018/12/6 10:31
275.65,0.24309,0.47173,2018/12/6 11:13,2018/12/6 11:13
275.82,0.2459,0.48836,2018/12/6 13:55,2018/12/6 13:55
275.72,0.24611,0.49002,2018/12/6 14:23,2018/12/6 14:23
275.65,0.24236,0.46951,2018/12/6 14:37,2018/12/6 14:37
275.61,0.25661,0.55599,2018/12/6 14:50,2018/12/6 14:50
275.5,0.2667,0.61253,2018/12/6 15:07,2018/12/6 15:07
275.3,0.29222,0.76608,2018/12/6 15:23,2018/12/6 15:23
275.82,0.28446,0.72118,2018/12/7 9:14,2018/12/7 9:14
275.83,0.28231,0.71175,2018/12/7 9:24,2018/12/7 9:24
275.92,0.27531,0.67184,2018/12/7 9:39,2018/12/7 9:39
276,0.26702,0.61475,2018/12/7 9:48,2018/12/7 9:48
276,0.26864,0.62694,2018/12/7 9:49,2018/12/7 9:49
276.1,0.27028,0.64024,2018/12/7 9:56,2018/12/7 9:56
276,0.26098,0.58426,2018/12/7 9:59,2018/12/7 9:59
276,0.25668,0.55654,2018/12/7 10:15,2018/12/7 10:15
276.04,0.25637,0.55266,2018/12/7 10:29,2018/12/7 10:29
275.97,0.25126,0.51608,2018/12/7 10:38,2018/12/7 10:38
276.01,0.24421,0.47783,2018/12/7 10:50,2018/12/7 10:50
276.01,0.25193,0.52494,2018/12/7 11:11,2018/12/7 11:11
275.86,0.24729,0.49723,2018/12/7 13:44,2018/12/7 13:44
275.82,0.24181,0.46619,2018/12/7 14:04,2018/12/7 14:04
275.85,0.24115,0.46397,2018/12/7 14:10,2018/12/7 14:10
275.82,0.23569,0.43625,2018/12/7 14:18,2018/12/7 14:18
275.8,0.23134,0.42184,2018/12/7 14:30,2018/12/7 14:30
275.75,0.22572,0.39523,2018/12/7 14:35,2018/12/7 14:35
275.73,0.21992,0.37472,2018/12/7 14:42,2018/12/7 14:42
275.71,0.22978,0.41574,2018/12/7 14:51,2018/12/7 14:51
275.53,0.26103,0.58481,2018/12/7 15:19,2018/12/7 15:19
277.5,0.29088,0.75721,2018/12/10 9:08,2018/12/10 9:08
278.05,0.29296,0.77162,2018/12/10 9:38,2018/12/10 9:38
277.95,0.2877,0.74058,2018/12/10 10:00,2018/12/10 10:00
278,0.29314,0.77273,2018/12/10 10:08,2018/12/10 10:08
278.15,0.28808,0.74446,2018/12/10 10:27,2018/12/10 10:27
278.22,0.29916,0.80765,2018/12/10 10:45,2018/12/10 10:45
278,0.2883,0.74612,2018/12/10 11:10,2018/12/10 11:10
278.05,0.29131,0.76053,2018/12/10 13:37,2018/12/10 13:37
278.24,0.28465,0.72173,2018/12/10 14:15,2018/12/10 14:15
278.28,0.27726,0.68182,2018/12/10 14:33,2018/12/10 14:33
278.39,0.26805,0.62361,2018/12/10 14:41,2018/12/10 14:41
278.42,0.26016,0.57927,2018/12/10 14:47,2018/12/10 14:47
278.39,0.26715,0.61641,2018/12/10 15:06,2018/12/10 15:06
278.6,0.26382,0.59867,2018/12/10 15:16,2018/12/10 15:16
278.67,0.28625,0.73226,2018/12/10 15:26,2018/12/10 15:26
278.4,0.30245,0.82151,2018/12/11 9:24,2018/12/11 9:24
278.2,0.29643,0.78991,2018/12/11 9:50,2018/12/11 9:50
278.3,0.29235,0.76774,2018/12/11 10:06,2018/12/11 10:06
278.25,0.29784,0.79989,2018/12/11 10:12,2018/12/11 10:12
278.16,0.29113,0.75998,2018/12/11 10:22,2018/12/11 10:22
278.21,0.29351,0.77494,2018/12/11 10:37,2018/12/11 10:37
278.34,0.29142,0.76109,2018/12/11 10:44,2018/12/11 10:44
278.33,0.30509,0.83038,2018/12/11 11:06,2018/12/11 11:06
278.2,0.29913,0.8071,2018/12/11 11:28,2018/12/11 11:28
278.2,0.29303,0.77217,2018/12/11 11:29,2018/12/11 11:29
278.29,0.28819,0.74501,2018/12/11 13:45,2018/12/11 13:45
278.24,0.28822,0.74557,2018/12/11 13:50,2018/12/11 13:50
278.35,0.2796,0.69845,2018/12/11 13:57,2018/12/11 13:57
278.35,0.28207,0.70953,2018/12/11 14:09,2018/12/11 14:09
278.25,0.27422,0.66519,2018/12/11 14:23,2018/12/11 14:23
278.27,0.26765,0.61973,2018/12/11 14:35,2018/12/11 14:35
278.26,0.28638,0.73282,2018/12/11 14:59,2018/12/11 14:59
277.9,0.31771,0.87029,2018/12/11 22:34,2018/12/11 22:34
277.4,0.31758,0.86918,2018/12/12 9:42,2018/12/12 9:42
277.31,0.30735,0.8398,2018/12/12 9:47,2018/12/12 9:47
277.32,0.29408,0.77938,2018/12/12 9:53,2018/12/12 9:53
277.3,0.29332,0.77384,2018/12/12 9:54,2018/12/12 9:54
277.21,0.28583,0.72894,2018/12/12 10:11,2018/12/12 10:11
277.22,0.28288,0.71397,2018/12/12 10:32,2018/12/12 10:32
277.3,0.26781,0.62084,2018/12/12 10:41,2018/12/12 10:41
277.3,0.25655,0.55488,2018/12/12 10:50,2018/12/12 10:50
277.32,0.24961,0.5061,2018/12/12 10:53,2018/12/12 10:53
277.3,0.2389,0.45067,2018/12/12 10:55,2018/12/12 10:55
277.3,0.23042,0.41851,2018/12/12 10:57,2018/12/12 10:57
277.34,0.21094,0.33481,2018/12/12 11:02,2018/12/12 11:02
277.35,0.1973,0.27439,2018/12/12 11:04,2018/12/12 11:04
277.35,0.18796,0.22672,2018/12/12 11:05,2018/12/12 11:05
277.35,0.1745,0.17406,2018/12/12 11:07,2018/12/12 11:07
277.36,0.16594,0.14412,2018/12/12 11:08,2018/12/12 11:08
277.37,0.15913,0.12528,2018/12/12 11:09,2018/12/12 11:09
277.38,0.15222,0.10865,2018/12/12 11:12,2018/12/12 11:12
277.4,0.14587,0.094789,2018/12/12 11:14,2018/12/12 11:14
277.42,0.14115,0.08204,2018/12/12 11:17,2018/12/12 11:17
277.4,0.13925,0.075942,2018/12/12 11:26,2018/12/12 11:26
277.41,0.14785,0.099778,2018/12/12 13:30,2018/12/12 13:30
277.25,0.13989,0.077051,2018/12/12 13:50,2018/12/12 13:50
277.24,0.13259,0.066519,2018/12/12 13:59,2018/12/12 13:59
277.24,0.12393,0.055432,2018/12/12 14:00,2018/12/12 14:00
277.23,0.12648,0.060976,2018/12/12 14:01,2018/12/12 14:01
277.15,0.12162,0.053769,2018/12/12 14:18,2018/12/12 14:18
277.16,0.12019,0.049889,2018/12/12 14:39,2018/12/12 14:39
277.14,0.12115,0.053215,2018/12/12 15:04,2018/12/12 15:04
277.2,0.13296,0.068182,2018/12/12 15:24,2018/12/12 15:24
277,0.14568,0.094235,2018/12/13 9:14,2018/12/13 9:14
276.86,0.14397,0.089246,2018/12/13 9:49,2018/12/13 9:49
276.95,0.14385,0.088692,2018/12/13 9:55,2018/12/13 9:55
277.05,0.14296,0.086475,2018/12/13 10:02,2018/12/13 10:02
277.1,0.13384,0.068736,2018/12/13 10:07,2018/12/13 10:07
277.1,0.13137,0.065965,2018/12/13 10:08,2018/12/13 10:08
277.07,0.12728,0.062639,2018/12/13 10:10,2018/12/13 10:10
277.05,0.12035,0.050443,2018/12/13 10:16,2018/12/13 10:16
277.05,0.11566,0.045455,2018/12/13 10:17,2018/12/13 10:17
277.05,0.1157,0.046009,2018/12/13 10:21,2018/12/13 10:21
277.01,0.11425,0.0449,2018/12/13 10:28,2018/12/13 10:28
276.98,0.11363,0.044346,2018/12/13 10:36,2018/12/13 10:36
276.94,0.11302,0.043237,2018/12/13 10:50,2018/12/13 10:50
276.9,0.10836,0.04102,2018/12/13 10:53,2018/12/13 10:53
276.92,0.1081,0.040466,2018/12/13 11:11,2018/12/13 11:11
276.88,0.10424,0.037694,2018/12/13 11:14,2018/12/13 11:14
276.9,0.10044,0.036585,2018/12/13 11:15,2018/12/13 11:15
276.9,0.096705,0.034922,2018/12/13 11:17,2018/12/13 11:17
276.9,0.092542,0.030488,2018/12/13 11:18,2018/12/13 11:18
276.9,0.09177,0.028825,2018/12/13 11:20,2018/12/13 11:20
276.88,0.092627,0.031596,2018/12/13 11:22,2018/12/13 11:22
276.95,0.089408,0.026053,2018/12/13 13:33,2018/12/13 13:33
276.97,0.086004,0.022727,2018/12/13 13:36,2018/12/13 13:36
277,0.082323,0.019401,2018/12/13 13:37,2018/12/13 13:37
277,0.077449,0.014412,2018/12/13 13:39,2018/12/13 13:39
277,0.069355,0.012195,2018/12/13 13:40,2018/12/13 13:40
277,0.066778,0.0099778,2018/12/13 13:41,2018/12/13 13:41
277.04,0.065523,0.0088692,2018/12/13 13:42,2018/12/13 13:42
277.06,0.064829,0.0083149,2018/12/13 13:45,2018/12/13 13:45
277.1,0.064266,0.0077605,2018/12/13 13:47,2018/12/13 13:47
277.14,0.066277,0.0094235,2018/12/13 13:49,2018/12/13 13:49
277.1,0.064088,0.0072062,2018/12/13 13:51,2018/12/13 13:51
277.1,0.061807,0.0049889,2018/12/13 13:52,2018/12/13 13:52
277.12,0.059532,0.0038803,2018/12/13 13:56,2018/12/13 13:56
277.13,0.061234,0.0044346,2018/12/13 14:01,2018/12/13 14:01
277.21,0.063852,0.0066519,2018/12/13 14:08,2018/12/13 14:08
277.15,0.063769,0.0060976,2018/12/13 14:16,2018/12/13 14:16
277.15,0.074297,0.013304,2018/12/13 14:20,2018/12/13 14:20
276.99,0.071407,0.012749,2018/12/13 14:31,2018/12/13 14:31
277,0.068425,0.011086,2018/12/13 14:33,2018/12/13 14:33
276.99,0.069285,0.011641,2018/12/13 14:37,2018/12/13 14:37
277.03,0.063614,0.0055432,2018/12/13 14:45,2018/12/13 14:45
277.03,0.059359,0.0033259,2018/12/13 14:48,2018/12/13 14:48
277.03,0.0553,0.0022173,2018/12/13 14:49,2018/12/13 14:49
277.03,0.053051,0.001663,2018/12/13 14:50,2018/12/13 14:50
277.04,0.053038,0.0011086,2018/12/13 14:51,2018/12/13 14:51
277.01,0.051299,0.00055432,2018/12/13 14:55,2018/12/13 14:55
277.02,0.058842,0.0027716,2018/12/13 15:01,2018/12/13 15:01
277.15,0.066858,0.010532,2018/12/13 15:14,2018/12/13 15:14
277.2,0.083722,0.02051,2018/12/13 15:29,2018/12/13 15:29
277,0.081092,0.018293,2018/12/14 9:28,2018/12/14 9:28
277.05,0.0843,0.021619,2018/12/14 9:45,2018/12/14 9:45
277.15,0.096171,0.034368,2018/12/14 9:57,2018/12/14 9:57
277.3,0.091893,0.029379,2018/12/14 10:07,2018/12/14 10:07
277.3,0.08568,0.022173,2018/12/14 10:10,2018/12/14 10:10
277.3,0.08392,0.021064,2018/12/14 10:12,2018/12/14 10:12
277.3,0.082777,0.019956,2018/12/14 10:14,2018/12/14 10:14
277.24,0.080462,0.017184,2018/12/14 10:15,2018/12/14 10:15
277.3,0.075293,0.013858,2018/12/14 10:16,2018/12/14 10:16
277.31,0.0879,0.024945,2018/12/14 10:17,2018/12/14 10:17
277.15,0.090231,0.027162,2018/12/14 10:38,2018/12/14 10:38
277.2,0.088263,0.025499,2018/12/14 11:00,2018/12/14 11:00
277.18,0.086474,0.023836,2018/12/14 11:08,2018/12/14 11:08
277.18,0.098976,0.035477,2018/12/14 11:19,2018/12/14 11:19
277,0.10123,0.03714,2018/12/14 13:36,2018/12/14 13:36
277.09,0.099188,0.036031,2018/12/14 13:40,2018/12/14 13:40
277.1,0.09384,0.033814,2018/12/14 13:42,2018/12/14 13:42
277.1,0.090666,0.027716,2018/12/14 13:43,2018/12/14 13:43
277.1,0.087195,0.02439,2018/12/14 13:44,2018/12/14 13:44
277.1,0.081726,0.018847,2018/12/14 13:45,2018/12/14 13:45
277.1,0.080664,0.017738,2018/12/14 13:46,2018/12/14 13:46
277.1,0.0784,0.015521,2018/12/14 13:47,2018/12/14 13:47
277.13,0.07898,0.016075,2018/12/14 13:48,2018/12/14 13:48
277.11,0.079476,0.01663,2018/12/14 13:53,2018/12/14 13:53
277.15,0.078388,0.014967,2018/12/14 14:02,2018/12/14 14:02
277.13,0.086398,0.023282,2018/12/14 14:05,2018/12/14 14:05
277.1,0.091979,0.029933,2018/12/14 14:16,2018/12/14 14:16
277.01,0.089593,0.026608,2018/12/14 14:22,2018/12/14 14:22
277.05,0.091414,0.028271,2018/12/14 14:35,2018/12/14 14:35
277.01,0.093061,0.033259,2018/12/14 14:50,2018/12/14 14:50
277.08,0.092914,0.032705,2018/12/14 14:59,2018/12/14 14:59
277.13,0.092792,0.032151,2018/12/14 15:07,2018/12/14 15:07
277.15,0.092621,0.031042,2018/12/14 15:20,2018/12/14 15:20
277.18,0.11187,0.042683,2018/12/14 15:26,2018/12/14 15:26
276.6,0.10889,0.041574,2018/12/14 20:53,2018/12/14 20:53
276.6,0.1076,0.039911,2018/12/17 9:10,2018/12/17 9:10
276.65,0.11977,0.049335,2018/12/17 9:23,2018/12/17 9:23
276.8,0.14555,0.092572,2018/12/17 9:35,2018/12/17 9:35
276.66,0.1428,0.08592,2018/12/17 10:13,2018/12/17 10:13
276.67,0.14026,0.078714,2018/12/17 10:19,2018/12/17 10:19
276.69,0.14043,0.079268,2018/12/17 10:48,2018/12/17 10:48
276.74,0.13517,0.071508,2018/12/17 10:54,2018/12/17 10:54
276.75,0.15397,0.11364,2018/12/17 10:56,2018/12/17 10:56
276.5,0.15722,0.12029,2018/12/17 11:04,2018/12/17 11:04
276.42,0.16274,0.13415,2018/12/17 11:14,2018/12/17 11:14
276.32,0.16854,0.15299,2018/12/17 11:28,2018/12/17 11:28
276.45,0.16284,0.1347,2018/12/17 13:56,2018/12/17 13:56
276.45,0.16299,0.13636,2018/12/17 14:04,2018/12/17 14:04
276.4,0.17161,0.16131,2018/12/17 14:12,2018/12/17 14:12
276.55,0.17288,0.16685,2018/12/17 14:20,2018/12/17 14:20
276.61,0.17346,0.17073,2018/12/17 14:33,2018/12/17 14:33
276.67,0.16941,0.15632,2018/12/17 14:49,2018/12/17 14:49
276.68,0.16727,0.14856,2018/12/17 15:10,2018/12/17 15:10
276.7,0.16619,0.14523,2018/12/17 15:15,2018/12/17 15:15
276.8,0.1632,0.13858,2018/12/17 15:23,2018/12/17 15:23
276.81,0.19662,0.26996,2018/12/17 15:26,2018/12/17 15:26
278.05,0.2066,0.31818,2018/12/18 9:28,2018/12/18 9:28
278.21,0.21035,0.33259,2018/12/18 9:50,2018/12/18 9:50
278.31,0.20908,0.32539,2018/12/18 10:08,2018/12/18 10:08
278.3,0.20454,0.31153,2018/12/18 10:26,2018/12/18 10:26
278.32,0.19978,0.28936,2018/12/18 10:44,2018/12/18 10:44
278.31,0.19839,0.28104,2018/12/18 10:48,2018/12/18 10:48
278.39,0.19336,0.25166,2018/12/18 10:57,2018/12/18 10:57
278.38,0.18859,0.23004,2018/12/18 11:07,2018/12/18 11:07
278.4,0.18638,0.21785,2018/12/18 11:24,2018/12/18 11:24
278.37,0.19688,0.27328,2018/12/18 13:35,2018/12/18 13:35
278.21,0.19503,0.2622,2018/12/18 14:05,2018/12/18 14:05
278.26,0.19291,0.24889,2018/12/18 14:11,2018/12/18 14:11
278.3,0.19887,0.28437,2018/12/18 14:17,2018/12/18 14:17
278.2,0.19572,0.26497,2018/12/18 14:20,2018/12/18 14:20
278.23,0.1905,0.23947,2018/12/18 14:35,2018/12/18 14:35
278.22,0.18607,0.21619,2018/12/18 14:47,2018/12/18 14:47
278.2,0.17995,0.19346,2018/12/18 14:57,2018/12/18 14:57
278.21,0.20077,0.29545,2018/12/18 15:13,2018/12/18 15:13
278.5,0.19369,0.25333,2018/12/18 15:26,2018/12/18 15:26
278.58,0.19462,0.25831,2018/12/18 21:23,2018/12/18 21:23
278.51,0.1926,0.24723,2018/12/19 0:15,2018/12/19 0:15
278.56,0.18964,0.23559,2018/12/19 9:39,2018/12/19 9:39
278.58,0.20122,0.29656,2018/12/19 10:04,2018/12/19 10:04
278.78,0.1966,0.2694,2018/12/19 10:22,2018/12/19 10:22
278.76,0.19842,0.2816,2018/12/19 10:40,2018/12/19 10:40
278.89,0.20229,0.30155,2018/12/19 10:56,2018/12/19 10:56
278.8,0.19404,0.25554,2018/12/19 13:44,2018/12/19 13:44
278.8,0.18745,0.22339,2018/12/19 13:58,2018/12/19 13:58
278.83,0.1854,0.21452,2018/12/19 14:06,2018/12/19 14:06
278.78,0.18653,0.2184,2018/12/19 14:13,2018/12/19 14:13
278.7,0.17797,0.18459,2018/12/19 14:26,2018/12/19 14:26
278.7,0.1713,0.16075,2018/12/19 14:33,2018/12/19 14:33
278.74,0.16793,0.14967,2018/12/19 14:35,2018/12/19 14:35
278.72,0.16537,0.14191,2018/12/19 14:55,2018/12/19 14:55
278.7,0.16293,0.13525,2018/12/19 15:05,2018/12/19 15:05
278.74,0.16257,0.13248,2018/12/19 15:10,2018/12/19 15:10
278.8,0.17897,0.19069,2018/12/19 15:16,2018/12/19 15:16
278.55,0.20531,0.31541,2018/12/19 21:40,2018/12/19 21:40
278.18,0.20102,0.29601,2018/12/20 9:10,2018/12/20 9:10
278.15,0.19823,0.27993,2018/12/20 9:25,2018/12/20 9:25
278.22,0.19231,0.24557,2018/12/20 9:32,2018/12/20 9:32
278.28,0.19273,0.24778,2018/12/20 9:47,2018/12/20 9:47
278.45,0.20916,0.32705,2018/12/20 10:07,2018/12/20 10:07
278.21,0.21154,0.33925,2018/12/20 10:37,2018/12/20 10:37
278.3,0.20527,0.3143,2018/12/20 10:57,2018/12/20 10:57
278.28,0.21353,0.34756,2018/12/20 11:12,2018/12/20 11:12
278.15,0.22233,0.38636,2018/12/20 11:26,2018/12/20 11:26
278.26,0.21834,0.36752,2018/12/20 13:36,2018/12/20 13:36
278.3,0.20857,0.32373,2018/12/20 13:40,2018/12/20 13:40
278.33,0.20623,0.31652,2018/12/20 13:42,2018/12/20 13:42
278.38,0.20132,0.29712,2018/12/20 13:56,2018/12/20 13:56
278.37,0.19742,0.27605,2018/12/20 14:06,2018/12/20 14:06
278.42,0.19462,0.25887,2018/12/20 14:10,2018/12/20 14:10
278.48,0.18902,0.23115,2018/12/20 14:15,2018/12/20 14:15
278.6,0.18363,0.20676,2018/12/20 14:25,2018/12/20 14:25
278.61,0.18113,0.19678,2018/12/20 14:30,2018/12/20 14:30
278.65,0.18386,0.20898,2018/12/20 14:33,2018/12/20 14:33
278.57,0.18028,0.19457,2018/12/20 14:40,2018/12/20 14:40
278.6,0.17877,0.18958,2018/12/20 14:49,2018/12/20 14:49
278.65,0.18073,0.19568,2018/12/20 14:54,2018/12/20 14:54
278.58,0.17831,0.18736,2018/12/20 14:57,2018/12/20 14:57
278.61,0.17574,0.17794,2018/12/20 15:18,2018/12/20 15:18
278.65,0.20433,0.31042,2018/12/20 15:22,2018/12/20 15:22
279.45,0.23597,0.43792,2018/12/20 20:20,2018/12/20 20:20
280.5,0.22834,0.40798,2018/12/21 9:19,2018/12/21 9:19
280.55,0.22679,0.40188,2018/12/21 9:25,2018/12/21 9:25
280.61,0.21939,0.37306,2018/12/21 9:43,2018/12/21 9:43
280.62,0.2179,0.36641,2018/12/21 9:57,2018/12/21 9:57
280.7,0.21564,0.35809,2018/12/21 10:15,2018/12/21 10:15
280.65,0.20714,0.31984,2018/12/21 10:20,2018/12/21 10:20
280.65,0.21014,0.33093,2018/12/21 10:45,2018/12/21 10:45
280.55,0.20799,0.32262,2018/12/21 11:03,2018/12/21 11:03
280.5,0.20338,0.30599,2018/12/21 11:17,2018/12/21 11:17
280.55,0.19466,0.25998,2018/12/21 13:30,2018/12/21 13:30
280.55,0.19491,0.26053,2018/12/21 13:33,2018/12/21 13:33
280.48,0.18756,0.2245,2018/12/21 13:39,2018/12/21 13:39
280.53,0.18229,0.20067,2018/12/21 13:47,2018/12/21 13:47
280.53,0.17528,0.17627,2018/12/21 13:55,2018/12/21 13:55
280.55,0.17261,0.16463,2018/12/21 14:09,2018/12/21 14:09
280.6,0.1685,0.15244,2018/12/21 14:15,2018/12/21 14:15
280.57,0.16272,0.13359,2018/12/21 14:24,2018/12/21 14:24
280.59,0.15585,0.11752,2018/12/21 14:31,2018/12/21 14:31
280.6,0.15002,0.10477,2018/12/21 14:40,2018/12/21 14:40
280.63,0.1551,0.11585,2018/12/21 14:46,2018/12/21 14:46
280.75,0.15011,0.10588,2018/12/21 14:54,2018/12/21 14:54
280.75,0.15237,0.1092,2018/12/21 15:00,2018/12/21 15:00
280.84,0.14957,0.102,2018/12/21 15:07,2018/12/21 15:07
280.9,0.17366,0.17129,2018/12/21 15:20,2018/12/21 15:20
280.55,0.17746,0.18293,2018/12/21 20:23,2018/12/21 20:23
280.65,0.20771,0.32095,2018/12/22 2:21,2018/12/22 2:21
281.65,0.20373,0.30765,2018/12/24 9:13,2018/12/24 9:13
281.67,0.20181,0.29933,2018/12/24 9:20,2018/12/24 9:20
281.75,0.19641,0.26774,2018/12/24 9:39,2018/12/24 9:39
281.74,0.1915,0.24279,2018/12/24 10:01,2018/12/24 10:01
281.86,0.1849,0.21231,2018/12/24 10:19,2018/12/24 10:19
281.86,0.18439,0.21009,2018/12/24 10:26,2018/12/24 10:26
281.93,0.17899,0.19124,2018/12/24 10:34,2018/12/24 10:34
281.95,0.1781,0.1857,2018/12/24 10:43,2018/12/24 10:43
282.03,0.17818,0.18681,2018/12/24 10:54,2018/12/24 10:54
282.11,0.18717,0.22062,2018/12/24 10:59,2018/12/24 10:59
282.3,0.17999,0.19401,2018/12/24 11:04,2018/12/24 11:04
282.22,0.18315,0.2051,2018/12/24 11:13,2018/12/24 11:13
282.14,0.17863,0.18902,2018/12/24 13:35,2018/12/24 13:35
282.17,0.17314,0.16741,2018/12/24 13:40,2018/12/24 13:40
282.17,0.17283,0.1663,2018/12/24 13:42,2018/12/24 13:42
282.11,0.16453,0.1408,2018/12/24 13:45,2018/12/24 13:45
282.15,0.16075,0.12916,2018/12/24 13:50,2018/12/24 13:50
282.19,0.15532,0.11641,2018/12/24 13:53,2018/12/24 13:53
282.17,0.14971,0.10255,2018/12/24 13:56,2018/12/24 13:56
282.19,0.14745,0.098115,2018/12/24 14:02,2018/12/24 14:02
282.17,0.14328,0.087029,2018/12/24 14:09,2018/12/24 14:09
282.19,0.14562,0.093126,2018/12/24 14:14,2018/12/24 14:14
282.13,0.14564,0.093681,2018/12/24 14:24,2018/12/24 14:24
282.07,0.14082,0.079823,2018/12/24 14:37,2018/12/24 14:37
282.1,0.16198,0.13137,2018/12/24 14:52,2018/12/24 14:52
281.8,0.16695,0.14634,2018/12/24 15:20,2018/12/24 15:20
280,0.20002,0.29213,2018/12/24 20:04,2018/12/24 20:04
282.81,0.20327,0.30543,2018/12/25 9:01,2018/12/25 9:01
282.9,0.20204,0.29989,2018/12/25 9:21,2018/12/25 9:21
282.9,0.21096,0.33537,2018/12/25 9:27,2018/12/25 9:27
283.09,0.23993,0.45621,2018/12/25 9:46,2018/12/25 9:46
283.83,0.23436,0.43126,2018/12/25 10:45,2018/12/25 10:45
283.8,0.23775,0.44678,2018/12/25 11:07,2018/12/25 11:07
283.9,0.25171,0.52106,2018/12/25 11:22,2018/12/25 11:22
283.7,0.25459,0.54213,2018/12/25 13:56,2018/12/25 13:56
283.65,0.26736,0.61807,2018/12/25 14:23,2018/12/25 14:23
283.46,0.26258,0.5898,2018/12/25 14:35,2018/12/25 14:35
